pos1,pos2,nbreak_per_haploid_genome,chrom,rilname
1053937,1828979,2,I,QG3086
2139993,2530798,2,I,QG3086
11131342,11819693,2,I,QG3086
1434604,1561738,2,I,QG3087
2832305,3035332,2,I,QG3087
8048876,11131313,2,I,QG3087
11511179,11511405,2,I,QG3087
645755,655267,2,I,QG3089
3517773,3536168,2,I,QG3089
10820424,10821163,2,I,QG3089
10918631,10921747,2,I,QG3089
10993745,10994059,2,I,QG3089
11951348,12262108,2,I,QG3089
1053937,1828979,2,I,QG3090
2009662,2276898,2,I,QG3090
2299367,2339727,2,I,QG3090
2402766,2437073,2,I,QG3090
12246823,12246823,2,I,QG3090
858901,879785,2,I,QG3091
1434604,1561738,2,I,QG3091
10687731,10699917,2,I,QG3091
10692830,10713504,2,I,QG3091
11064041,11085045,2,I,QG3091
2009662,2276898,2,I,QG3092
1127163,1217171,2,I,QG3093
1434879,1581747,2,I,QG3093
2139769,2530798,2,I,QG3093
11013776,11013776,2,I,QG3093
11721209,11733500,2,I,QG3093
1053592,1828979,2,I,QG3094
2139993,2276898,2,I,QG3094
2668276,2668321,2,I,QG3094
11471204,11471204,2,I,QG3094
11564070,11564085,2,I,QG3094
11951375,12040978,2,I,QG3094
337779,337779,2,I,QG3095
2139993,2276898,2,I,QG3095
2299367,2339727,2,I,QG3095
2799630,2799637,2,I,QG3095
11064041,11085045,2,I,QG3095
11927478,11971721,2,I,QG3095
12695134,12695135,2,I,QG3095
13009778,13019915,2,I,QG3095
1434604,1561738,2,I,QG3096
2139993,2276898,2,I,QG3096
2139993,2276898,2,I,QG3097
9300397,9322750,2,I,QG3097
1053937,1828979,2,I,QG3100
2139993,2276898,2,I,QG3100
8839172,8925885,2,I,QG3100
10751662,10751750,2,I,QG3100
11131342,11819693,2,I,QG3100
1434604,1561737,2,I,QG3101
1120765,1217171,2,I,QG3102
2139993,2277033,2,I,QG3102
9300412,9305344,2,I,QG3102
10682936,10687598,2,I,QG3102
11039135,11054147,2,I,QG3102
3339665,3412568,2,I,QG3103
10693163,10701788,2,I,QG3103
1813104,1813174,2,I,QG3104
2628038,2628322,2,I,QG3104
9142235,9175456,2,I,QG3104
10792722,10792841,2,I,QG3104
2009590,2276453,2,I,QG3105
2139993,2530798,2,I,QG3105
11928367,11971721,2,I,QG3105
12517948,12517988,2,I,QG3105
10922128,10926695,2,I,QG3106
11046102,11054147,2,I,QG3106
11919939,12262108,2,I,QG3106
1856709,1857071,2,I,QG3107
1934391,1934391,2,I,QG3107
2139993,2276898,1,I,QG3107
4175028,4175028,1,I,QG3107
8842929,8925885,1,I,QG3107
9964108,9997857,1,I,QG3107
10976016,10976082,1,I,QG3107
12048179,12055943,2,I,QG3107
1314401,1367965,2,I,QG3109
384904,384904,2,I,QG3110
2139769,2530751,2,I,QG3110
10693163,10701714,2,I,QG3110
2009662,2276898,2,I,QG3111
2139993,2530798,2,I,QG3111
2009662,2276898,2,I,QG3112
2139993,2530798,2,I,QG3112
727281,815405,2,I,QG3113
1314401,1368025,2,I,QG3113
2139993,2276898,2,I,QG3113
10596558,10629961,2,I,QG3113
1561781,1581747,2,I,QG3114
2139993,2276847,2,I,QG3114
11067658,11076504,2,I,QG3114
528042,528043,2,I,QG3115
1053937,1828979,2,I,QG3115
2139839,2274966,2,I,QG3115
7031565,7031821,2,I,QG3115
10985804,10986809,2,I,QG3115
12073433,12085953,2,I,QG3115
518639,526715,2,I,QG3116
1591841,1594333,2,I,QG3116
3563747,3564036,2,I,QG3116
12621437,12621831,2,I,QG3116
663915,665999,2,I,QG3117
2009563,2050451,2,I,QG3117
2139993,2530798,2,I,QG3117
2832305,3035332,2,I,QG3117
3644114,3863818,2,I,QG3117
9863221,9863364,2,I,QG3117
11260879,11260881,2,I,QG3117
1120185,1228698,2,I,QG3118
10248670,10273624,2,I,QG3118
11342896,11388903,2,I,QG3118
1127153,1216114,2,I,QG3119
11089149,11089204,2,I,QG3119
11930278,11971721,2,I,QG3119
13164725,13164725,1,I,QG3119
722228,727163,2,I,QG3120
1075372,1075372,2,I,QG3120
2009662,2276898,2,I,QG3120
2139993,2530798,2,I,QG3120
11572719,11573432,1,I,QG3120
11579969,11621054,1,I,QG3120
11950746,12262108,2,I,QG3120
12315634,12331391,2,I,QG3121
1434938,1561738,2,I,QG3122
2139993,2276898,2,I,QG3122
880037,1022769,2,I,QG3123
1646560,1652430,2,I,QG3123
2139993,2530798,2,I,QG3123
8048876,11131313,2,I,QG3123
11931217,12262108,2,I,QG3123
1561781,1581743,2,I,QG3124
1646560,1652979,2,I,QG3124
2139993,2276898,2,I,QG3124
10248670,10273658,2,I,QG3124
11138332,11138449,2,I,QG3124
11950746,12262108,2,I,QG3124
1434604,1561738,2,I,QG3125
10291665,10293555,2,I,QG3125
11617089,11617089,2,I,QG3125
692150,719766,2,I,QG3126
1069601,1069601,2,I,QG3126
1434151,1561738,2,I,QG3126
2139993,2277033,2,I,QG3126
8978298,8978298,2,I,QG3126
9713541,9713541,2,I,QG3126
11040050,11041801,2,I,QG3126
11624389,11624389,2,I,QG3126
1053592,1828979,2,I,QG3127
2139993,2276898,2,I,QG3127
457945,460874,2,I,QG3128
2004197,2050451,2,I,QG3128
2139993,2276898,2,I,QG3128
6200362,6200907,2,I,QG3128
11580043,11580043,2,I,QG3128
11927478,11971721,2,I,QG3128
593923,682741,2,I,QG3129
2009662,2276898,2,I,QG3129
11927478,11971721,2,I,QG3130
593923,682741,2,I,QG3132
4148760,4200857,2,I,QG3132
10963030,10963030,2,I,QG3132
11530155,11530203,2,I,QG3132
12261599,12261599,2,I,QG3132
1434604,1561738,2,I,QG3134
2139993,2530798,2,I,QG3134
8048876,11131313,2,I,QG3134
2009662,2276898,2,I,QG3135
3440665,3458653,2,I,QG3135
3471492,3503351,2,I,QG3135
8048876,11131313,2,I,QG3135
557676,581993,2,I,QG3136
2139993,2530798,2,I,QG3136
3644114,3863818,2,I,QG3136
10908605,10909477,2,I,QG3136
11042001,11042001,2,I,QG3136
11800523,11819693,2,I,QG3136
1385204,1385204,2,I,QG3137
1607450,1609254,2,I,QG3137
8048876,11131313,2,I,QG3137
2139993,2276898,2,I,QG3138
11067100,11076545,2,I,QG3138
11625218,11625218,2,I,QG3138
11930278,11971721,2,I,QG3138
12931249,13101498,2,I,QG3138
645755,655267,2,I,QG3139
1127153,1216114,2,I,QG3139
3339665,3412568,1,I,QG3139
3644114,3863818,1,I,QG3139
10732030,10732998,2,I,QG3139
11950746,12262108,2,I,QG3139
13028833,13040389,2,I,QG3139
1434604,1561738,2,I,QG3140
11131342,11819693,2,I,QG3140
12686671,12712057,2,I,QG3140
2402766,2437073,2,I,QG3141
2554349,2554349,2,I,QG3141
11930278,11971721,1,I,QG3141
11950746,12262108,1,I,QG3141
2139993,2276898,2,I,QG3142
2574008,2574008,2,I,QG3142
8048876,11131313,2,I,QG3142
11950746,11971721,2,I,QG3142
1314401,1370598,2,I,QG3143
10315696,10323786,2,I,QG3143
548400,548400,2,I,QG3144
2153996,2155091,2,I,QG3144
9283468,9338833,2,I,QG3144
9645114,9649205,2,I,QG3144
11212331,11235677,2,I,QG3144
11950746,12041241,2,I,QG3144
13028118,13101498,2,I,QG3144
11849017,11877851,2,I,QG3145
12204357,12245889,2,I,QG3145
10234193,10294911,2,I,QG3147
12039131,12041241,2,I,QG3147
1246145,1282101,2,I,QG3148
10234193,10294911,2,I,QG3148
11128122,11128333,2,I,QG3148
11387412,11390812,2,I,QG3148
11077088,11077088,2,I,QG3149
11861174,11861217,2,I,QG3149
1661914,1662149,2,I,QG3150
363477,397226,2,I,QG3151
2166892,2265269,2,I,QG3151
2402766,2520225,2,I,QG3151
2598074,2598074,2,I,QG3151
12039131,12041241,2,I,QG3151
2685772,2685772,2,I,QG3152
8486244,8643923,2,I,QG3152
11114947,11114947,2,I,QG3152
796961,807719,2,I,QG3153
1281168,1281168,2,I,QG3153
3272010,3274443,2,I,QG3153
9789291,9792084,2,I,QG3153
12056667,12071194,2,I,QG3153
2166892,2265269,2,I,QG3154
12039131,12041241,2,I,QG3154
9506492,9587818,2,I,QG3155
10318484,10590128,2,I,QG3155
11448770,11458959,2,I,QG3155
12076236,12085394,2,I,QG3155
1105572,1107726,2,I,QG3156
10477289,10577998,2,I,QG3156
10921997,10921997,2,I,QG3156
11131342,11819693,2,I,QG3156
11904404,11905240,2,I,QG3156
1314401,1368025,2,I,QG3157
11767409,11770813,2,I,QG3157
9596125,9671155,2,I,QG3158
11260002,11260451,2,I,QG3158
12076236,12085394,2,I,QG3158
1181667,1206772,2,I,QG3159
1561781,1561781,2,I,QG3159
11530578,11534732,2,I,QG3159
12328126,12328126,2,I,QG3159
2402766,2520225,2,I,QG3160
11391270,11540995,2,I,QG3160
11963511,11963511,2,I,QG3160
10181293,10282774,2,I,QG3161
11131342,11819693,2,I,QG3161
11950746,12041006,2,I,QG3161
8142423,8160707,2,I,QG3162
11950746,12041241,2,I,QG3162
3291500,3291500,2,I,QG3163
11131342,11819693,2,I,QG3163
12779999,12780526,2,I,QG3163
2796937,2797713,2,I,QG3164
9142235,9162591,2,I,QG3164
10742075,10742688,2,I,QG3166
11066901,11066901,2,I,QG3166
11564589,11574473,2,I,QG3166
12539468,12539524,2,I,QG3166
1896714,1900095,2,I,QG3167
9905477,9906156,2,I,QG3167
8995771,8995771,2,I,QG3168
11702832,11706043,2,I,QG3168
2124993,2125206,2,I,QG3169
8966790,8992870,2,I,QG3169
11530578,11534732,2,I,QG3169
12547700,12547716,2,I,QG3170
5698356,5698356,2,I,QG3171
10726535,10917594,2,I,QG3171
11950746,12041241,2,I,QG3171
9911455,9922955,2,I,QG3172
10707982,10708263,2,I,QG3172
11235677,11242656,2,I,QG3172
837768,850260,2,I,QG3173
884286,912581,2,I,QG3173
1005787,1009564,2,I,QG3173
11423237,11424524,2,I,QG3173
12064975,12065077,2,I,QG3173
1127153,1180058,2,I,QG3174
1314401,1368025,2,I,QG3174
2154155,2154155,2,I,QG3174
2402766,2520225,2,I,QG3174
11580043,11580043,2,I,QG3174
1246145,1282101,2,I,QG3175
1314401,1368025,2,I,QG3175
2775897,2778033,2,I,QG3175
3658148,3658184,2,I,QG3176
9642337,9671155,2,I,QG3176
11209440,11218941,2,I,QG3176
12039131,12054924,2,I,QG3176
3499557,3503315,2,I,QG3177
10231559,10234032,2,I,QG3177
11767299,11774847,2,I,QG3177
11950746,12041006,2,I,QG3177
12965565,12965576,2,I,QG3177
1621407,1621407,2,I,QG3178
2402766,2520225,2,I,QG3178
11134581,11135439,2,I,QG3178
12397513,12397524,2,I,QG3178
3192022,3192022,2,I,QG3179
11578490,11660086,2,I,QG3179
12061594,12061713,2,I,QG3179
12650641,12652009,2,I,QG3179
3091642,3190769,2,I,QG3180
5450529,5450648,2,I,QG3180
11460757,11460781,2,I,QG3180
1127153,1180058,1,I,QG3181
1314401,1368025,1,I,QG3181
9804355,9806864,2,I,QG3181
12197040,12197040,2,I,QG3181
1623408,1624321,2,I,QG3182
11950746,12041241,2,I,QG3182
1714423,1719128,2,I,QG3183
10726535,10917594,2,I,QG3183
11650381,11674078,2,I,QG3183
837768,850260,2,I,QG3185
987044,987080,2,I,QG3185
1007167,1009564,2,I,QG3185
10726535,10917594,2,I,QG3185
11082255,11094486,2,I,QG3185
11469224,11489787,2,I,QG3185
363477,397226,2,I,QG3186
10958803,10958962,2,I,QG3186
11565130,11565130,2,I,QG3186
11950746,12041241,2,I,QG3186
12076236,12085394,2,I,QG3186
783134,783134,2,I,QG3187
8996462,9027150,2,I,QG3187
10726535,10917594,2,I,QG3187
11789102,11800757,2,I,QG3187
501116,513340,2,I,QG3188
1916464,1924866,2,I,QG3188
11299719,11299719,2,I,QG3188
10726535,10917594,2,I,QG3192
11182472,11182620,2,I,QG3192
11212331,11235677,2,I,QG3192
11878013,11950513,2,I,QG3192
1112345,1120534,2,I,QG3193
10706264,10706264,2,I,QG3193
11284303,11284378,2,I,QG3193
12245222,12245889,2,I,QG3193
10008963,10025763,2,I,QG3194
11950746,12041241,2,I,QG3194
10962057,10963022,2,I,QG3196
11206771,11207884,2,I,QG3196
11927478,12041006,2,I,QG3196
2166892,2265269,2,I,QG3197
8142423,8160707,2,I,QG3197
11206771,11207884,2,I,QG3197
8667473,8667975,2,I,QG3198
10954873,10958575,2,I,QG3198
11927478,12041006,2,I,QG3198
2649191,2669069,2,I,QG3199
8315254,8315412,2,I,QG3199
8966790,8992870,2,I,QG3199
11688110,11688110,2,I,QG3199
11131342,11819693,2,I,QG3200
11849017,11877851,2,I,QG3200
12197040,12197040,2,I,QG3200
1314401,1368025,2,I,QG3201
1683276,1683276,2,I,QG3201
10922245,11041992,2,I,QG3201
12039131,12054924,2,I,QG3201
12064288,12064359,2,I,QG3201
1055773,1061096,2,I,QG3202
2649191,2669069,2,I,QG3202
11001729,11001788,2,I,QG3202
11026789,11026828,2,I,QG3202
9488336,9504250,2,I,QG3203
9506492,9587818,2,I,QG3203
11774954,11776237,2,I,QG3203
11935434,11935434,2,I,QG3203
1434604,1561738,2,I,QG3205
2139993,2276898,2,I,QG3205
12576298,12576483,2,I,QG3205
8048876,11131313,2,I,QG3206
11565130,11565130,2,I,QG3206
12184650,12184695,2,I,QG3206
1053937,1828979,2,I,QG3207
9572251,9583667,2,I,QG3208
1053937,1828979,2,I,QG3209
2139993,2276898,2,I,QG3209
11077064,11077079,2,I,QG3209
11930278,11971721,2,I,QG3209
1127153,1216114,2,I,QG3211
1584180,1585013,2,I,QG3211
3339665,3412568,2,I,QG3211
11950746,12041006,2,I,QG3211
3036371,3047191,2,I,QG3212
4859466,4874738,2,I,QG3212
10243427,10247804,2,I,QG3212
11950746,12041006,2,I,QG3212
645755,655267,2,I,QG3213
1434604,1561738,2,I,QG3213
9142235,9175456,2,I,QG3213
2139993,2276898,2,I,QG3214
9394633,9394633,2,I,QG3214
11927478,11971721,2,I,QG3214
12262223,12296756,2,I,QG3214
1754670,1754670,2,I,QG3215
2009662,2276898,2,I,QG3215
9792084,9792084,2,I,QG3215
9856175,9875870,2,I,QG3215
11091865,11091931,2,I,QG3215
2139993,2530798,2,I,QG3217
8048876,11131313,2,I,QG3217
1112345,1120534,2,I,QG3219
2139993,2276898,2,I,QG3219
3620872,3620945,2,I,QG3219
8048876,11131313,2,I,QG3219
1314401,1368025,2,I,QG3220
1434604,1561738,2,I,QG3220
484066,499332,2,I,QG3221
2139993,2276898,2,I,QG3221
3678972,3678977,2,I,QG3221
11930278,12041006,2,I,QG3221
2911823,2927778,2,I,QG3222
8048876,11131313,2,I,QG3222
11131342,11819693,2,I,QG3222
1053937,1828979,2,I,QG3223
2009662,2276898,2,I,QG3223
3644114,3863818,2,I,QG3223
8048876,11131313,2,I,QG3223
2009662,2276898,2,I,QG3224
2402766,2437073,2,I,QG3224
9948658,9958276,2,I,QG3224
11131342,11132280,2,I,QG3224
11950746,12262108,2,I,QG3224
2610322,2610362,2,I,QG3225
12246507,12246507,2,I,QG3225
3629224,3629289,2,I,QG3226
10954873,10961479,2,I,QG3226
11059045,11062322,2,I,QG3226
12046464,12048156,2,I,QG3226
2139993,2276898,2,I,QG3227
2050638,2086857,2,I,QG3230
2139993,2530798,2,I,QG3230
3320938,3348435,2,I,QG3230
3417343,3417351,2,I,QG3230
10751073,10751073,2,I,QG3230
12799613,12808734,2,I,QG3230
13182154,13188958,2,I,QG3230
2050638,2086857,2,I,QG3231
11131342,11819693,2,I,QG3231
2456120,2456311,2,I,QG3232
9305344,9305344,2,I,QG3232
12076236,12085394,2,I,QG3232
1934391,1934391,2,I,QG3233
2139993,2276898,2,I,QG3233
2543784,2543784,2,I,QG3233
2800546,2800591,2,I,QG3233
9468457,9506492,2,I,QG3233
11064041,11085045,2,I,QG3233
11950746,12041006,2,I,QG3233
880037,1022769,2,I,QG3234
2795849,2795849,2,I,QG3234
2009662,2276898,2,I,QG3235
12386438,12386720,2,I,QG3235
880037,1022769,2,I,QG3236
11150090,11154922,2,I,QG3236
9718351,9751623,2,I,QG3237
10275066,10275180,2,I,QG3237
2139993,2530798,2,I,QG3238
2832305,3035332,2,I,QG3238
1055773,1828979,2,I,QG3239
2050638,2086857,2,I,QG3239
3542131,3557883,2,I,QG3239
1646560,1652979,2,I,QG3240
2139993,2276898,2,I,QG3240
8048876,11131313,2,I,QG3240
11573111,11573111,2,I,QG3240
12046464,12048156,2,I,QG3240
2139993,2276898,2,I,QG3241
8048876,11131313,2,I,QG3241
880037,1022769,2,I,QG3242
1053937,1828979,2,I,QG3242
2139993,2276898,2,I,QG3242
2380888,2384499,2,I,QG3242
9718351,9751623,2,I,QG3242
10218527,10218583,2,I,QG3242
11930278,12041006,2,I,QG3242
12128799,12128809,1,I,QG3242
1097426,1097426,2,I,QG3243
1434604,1561738,2,I,QG3243
2139993,2276898,2,I,QG3243
11078643,11078643,2,I,QG3243
11930278,11971721,2,I,QG3243
880037,1022769,2,I,QG3244
1216387,1217329,2,I,QG3244
1860208,1862890,2,I,QG3244
2139993,2276898,2,I,QG3244
9773865,9789284,2,I,QG3244
11636887,11636887,2,I,QG3244
11930278,12041006,2,I,QG3244
2139993,2276898,2,I,QG3245
9804355,9812925,2,I,QG3245
10596558,10634409,2,I,QG3245
11054671,11059045,1,I,QG3245
11215702,11215828,1,I,QG3245
11930278,12041006,2,I,QG3245
1434604,1561738,2,I,QG3246
2004197,2050451,2,I,QG3246
2139993,2276898,2,I,QG3246
10607149,10608085,2,I,QG3246
11131342,11819693,2,I,QG3246
11950746,11971721,2,I,QG3246
1053937,1828979,2,I,QG3248
2139993,2276898,2,I,QG3248
7028372,7028388,2,I,QG3248
8048876,11131313,2,I,QG3248
11930278,11971721,2,I,QG3248
2124409,2124427,2,I,QG3249
1053937,1828979,2,I,QG3250
2139993,2276898,2,I,QG3250
9861933,9861999,2,I,QG3250
11035833,11035833,2,I,QG3250
11342679,11387305,2,I,QG3250
11950746,12041006,2,I,QG3252
1314401,1368025,2,I,QG3254
8048876,11131313,2,I,QG3254
858901,879785,2,I,QG3255
2139993,2276898,2,I,QG3255
11409333,11409791,2,I,QG3255
2139993,2276898,2,I,QG3256
2736117,2736765,2,I,QG3256
11131342,11819693,2,I,QG3256
11930278,12041006,2,I,QG3256
1314401,1368025,2,I,QG3257
1434604,1561738,2,I,QG3257
1930883,1930908,2,I,QG3257
2139993,2276898,2,I,QG3257
8048876,11131313,2,I,QG3257
11131342,11819693,2,I,QG3257
11950746,12041006,2,I,QG3257
12296822,12314877,2,I,QG3257
9792084,9792084,2,I,QG3258
9856175,9875870,2,I,QG3258
10082651,10087592,2,I,QG3258
11216396,11216396,2,I,QG3258
11621770,11668623,2,I,QG3258
11930278,11971721,2,I,QG3258
1127153,1216114,2,I,QG3261
1434604,1561738,2,I,QG3261
2139993,2276898,2,I,QG3261
11621770,11668623,2,I,QG3261
1097426,1097426,2,I,QG3262
1314401,1368025,2,I,QG3262
2139993,2276898,2,I,QG3262
645755,655267,2,I,QG3263
3563731,3564036,2,I,QG3263
11636887,11636887,2,I,QG3263
1079936,1079949,2,I,QG3264
1314401,1368025,2,I,QG3264
1561781,1581747,2,I,QG3264
2139993,2276898,2,I,QG3264
11067100,11076545,2,I,QG3264
11501213,11507088,2,I,QG3264
11787115,11787831,2,I,QG3264
12931249,13101498,2,I,QG3264
2832305,3035332,1,I,QG3265
8048876,11131313,1,I,QG3265
11743498,11743939,2,I,QG3265
2139993,2530798,2,I,QG3266
2761736,2761736,2,I,QG3266
10687731,10699917,2,I,QG3266
363477,397226,2,I,QG3267
1909159,1909163,2,I,QG3267
1932454,1932595,2,I,QG3267
3353894,3354468,2,I,QG3267
10875940,10875940,2,I,QG3267
11950746,12041241,2,I,QG3268
1246145,1282101,2,I,QG3269
10831067,10831067,2,I,QG3269
11020316,11020316,2,I,QG3269
11170262,11170600,2,I,QG3269
1314401,1368025,2,I,QG3270
5350278,5350354,2,I,QG3270
1055773,1061096,2,I,QG3271
1379836,1379836,2,I,QG3271
10725854,10726445,2,I,QG3271
12561143,12561144,2,I,QG3271
9720270,9741185,2,I,QG3272
11171283,11182472,2,I,QG3272
11525485,11525485,2,I,QG3272
11623116,11623116,2,I,QG3272
10318484,10590128,2,I,QG3273
12048179,12055945,2,I,QG3273
526031,526067,2,I,QG3274
1754132,1756334,2,I,QG3274
11309803,11330895,2,I,QG3274
12096090,12128799,2,I,QG3274
12183258,12296756,2,I,QG3274
837768,850260,2,I,QG3275
12039131,12054924,2,I,QG3275
1401871,1401963,2,I,QG3276
9958277,9958778,2,I,QG3276
10209224,10215404,2,I,QG3276
11950746,12041241,2,I,QG3276
1434604,1503162,2,I,QG3277
10234193,10294911,2,I,QG3277
10787237,10823208,2,I,QG3277
397385,405842,2,I,QG3278
1282112,1282112,2,I,QG3278
2833151,2833183,2,I,QG3278
8806170,8815976,2,I,QG3278
9820920,9822367,2,I,QG3278
11950746,12041241,2,I,QG3278
12039131,12054924,2,I,QG3278
12183258,12296756,1,I,QG3278
1916464,1924866,2,I,QG3280
3334388,3390010,2,I,QG3280
12039131,12041241,2,I,QG3280
2402766,2520225,2,I,QG3281
10874827,10874827,2,I,QG3281
12296822,12314877,2,I,QG3281
2706836,2754019,2,I,QG3282
2832305,2921441,2,I,QG3283
11173972,11174289,2,I,QG3283
1055773,1061096,2,I,QG3284
2392064,2392103,2,I,QG3284
10290108,10312988,2,I,QG3285
11172238,11187930,2,I,QG3285
363477,397226,2,I,QG3289
2669398,2828607,2,I,QG3289
9727668,9789291,2,I,QG3289
12076236,12085394,2,I,QG3289
1902774,1903025,2,I,QG3290
2088704,2088704,2,I,QG3290
9283468,9338833,2,I,QG3290
11131342,11819693,2,I,QG3290
11927082,11927478,2,I,QG3290
12183258,12296756,2,I,QG3290
2402766,2520225,2,I,QG3294
10234193,10294911,2,I,QG3294
11279483,11279483,2,I,QG3294
11662638,11662638,2,I,QG3294
3499078,3499105,2,I,QG3295
10477289,10577998,2,I,QG3295
11331526,11344448,2,I,QG3295
1081321,1082266,2,I,QG3296
1218279,1218279,2,I,QG3296
12039131,12054924,2,I,QG3296
1246145,1282101,2,I,QG3297
1362457,1362457,2,I,QG3297
11878013,11950513,2,I,QG3297
12554555,12554555,2,I,QG3297
2922060,2927778,2,I,QG3298
3644114,3863818,2,I,QG3298
11212331,11235677,2,I,QG3298
4378553,4379200,2,I,QG3300
482788,483830,2,I,QG3301
11466576,11466597,2,I,QG3301
11747841,11762690,2,I,QG3301
11884360,11885429,2,I,QG3301
11971721,12041006,2,I,QG3301
11827997,11828565,2,I,QG3302
729949,729949,2,I,QG3304
12056667,12071194,2,I,QG3304
1434604,1503162,2,I,QG3305
9106814,9135196,2,I,QG3305
2039347,2039347,2,I,QG3306
2469840,2469840,2,I,QG3306
11391270,11540995,2,I,QG3306
9990356,9990356,2,I,QG3307
10700354,10713486,2,I,QG3307
1179889,1179889,2,I,QG3308
2402766,2520225,2,I,QG3308
10234193,10282774,2,I,QG3308
10907760,10909429,2,I,QG3308
11701776,11702200,2,I,QG3308
12056667,12071194,2,I,QG3308
8333947,8382780,2,I,QG3309
9910498,9910498,2,I,QG3309
10726535,10917594,2,I,QG3309
11135643,11136794,2,I,QG3309
11212331,11218941,2,I,QG3309
12076236,12085394,2,I,QG3309
446881,446881,2,I,QG3310
1071059,1079379,2,I,QG3310
2402766,2520225,2,I,QG3310
2706836,2754019,2,I,QG3310
546325,546353,2,I,QG3312
1091659,1096355,2,I,QG3312
9958151,9958277,2,I,QG3312
2166892,2265269,2,I,QG3314
692150,719766,2,I,QG3317
1105572,1107726,2,I,QG3317
2152456,2152456,2,I,QG3317
11022191,11022191,2,I,QG3317
11131342,11819693,2,I,QG3317
12092587,12092669,2,I,QG3317
2669398,2828607,2,I,QG3319
11171283,11182472,2,I,QG3319
11562874,11562979,2,I,QG3319
12039131,12041006,2,I,QG3319
11131342,11819693,2,I,QG3320
692150,719766,2,I,QG3321
726276,735934,2,I,QG3321
2139993,2530798,2,I,QG3321
8048876,11131313,2,I,QG3321
11700248,11701619,2,I,QG3321
1263955,1263955,2,I,QG3322
2133203,2582198,2,I,QG3322
11156382,11156382,2,I,QG3322
484066,499332,1,I,QG3324
501204,511275,1,I,QG3324
11131342,11819693,2,I,QG3324
12357327,12357327,2,I,QG3324
2139993,2276898,2,I,QG3327
9911455,9922981,2,I,QG3327
10766665,10775924,2,I,QG3327
11131342,11819693,2,I,QG3327
11950746,12262108,2,I,QG3327
183563,185845,2,I,QG3331
9941794,9941810,2,I,QG3331
11059045,11062322,2,I,QG3331
11131342,11819693,2,I,QG3331
1053937,1828979,2,I,QG3333
2139993,2276898,2,I,QG3333
10820448,10820856,2,I,QG3333
10918438,10921747,2,I,QG3333
10993745,10994059,2,I,QG3333
12184650,12184695,2,I,QG3333
880037,1022769,2,I,QG3334
1434604,1561738,2,I,QG3334
3502536,3502536,2,I,QG3335
10753823,10753823,2,I,QG3335
12616149,12616444,2,I,QG3335
2139993,2276898,2,I,QG3336
11950746,12262108,2,I,QG3336
1053592,1828979,2,I,QG3337
10807597,10807606,2,I,QG3337
11418951,11418963,2,I,QG3337
11930278,11971721,2,I,QG3337
11950746,12262108,2,I,QG3337
2139993,2276898,2,I,QG3342
11950746,12262108,2,I,QG3342
2139993,2276898,2,I,QG3344
10593172,10594643,2,I,QG3344
2139993,2276898,2,I,QG3346
8048876,11131313,2,I,QG3346
557676,581993,2,I,QG3347
8048876,11131313,1,I,QG3347
11621770,11668623,1,I,QG3347
11930278,12041006,1,I,QG3347
8550168,8550222,2,I,QG3349
9913417,9913474,2,I,QG3349
10726535,10917594,2,I,QG3349
11771023,11774847,2,I,QG3349
11950746,12041241,2,I,QG3349
12074698,12085953,2,I,QG3349
12538529,12538820,2,I,QG3351
11790211,11790211,2,I,QG3352
12039131,12054924,2,I,QG3352
9684740,9727298,2,I,QG3354
12056667,12071194,2,I,QG3355
582116,652486,2,I,QG3357
10234193,10294911,2,I,QG3357
11578490,11660086,2,I,QG3357
11721542,11721545,2,I,QG3357
11927478,12041006,2,I,QG3357
1314401,1368025,2,I,QG3358
12833364,12833516,2,I,QG3358
444898,444898,2,I,QG3362
10962845,10963022,2,I,QG3362
11082255,11094486,2,I,QG3362
11878013,11950513,2,I,QG3362
11927478,12041006,2,I,QG3362
1583157,1590481,2,I,QG3363
8383946,8389086,2,I,QG3363
8919853,8932425,1,I,QG3363
8939147,8955805,1,I,QG3363
9111723,9111723,1,I,QG3363
9111998,9111998,1,I,QG3363
10922245,11041992,2,I,QG3363
444487,483830,2,I,QG3364
582116,652486,1,I,QG3364
710893,710893,1,I,QG3364
11800523,11819693,2,I,QG3364
13122744,13122752,2,I,QG3364
1823295,1823295,2,I,QG3366
11068809,11068811,2,I,QG3366
363477,366318,2,I,QG3367
12039131,12041241,2,I,QG3367
11878013,11950513,2,I,QG3370
785842,786971,2,I,QG3371
2324193,2324239,2,I,QG3371
3292467,3293397,2,I,QG3371
8842929,8957142,1,I,QG3371
10726535,10917594,1,I,QG3371
11950746,12041006,2,I,QG3371
683371,683371,2,I,QG3372
837768,850260,2,I,QG3372
912767,937014,2,I,QG3372
1007167,1009564,2,I,QG3372
9905235,9905329,2,I,QG3372
11083493,11090884,2,I,QG3372
11927478,12041006,2,I,QG3372
1479434,1479434,2,I,QG3373
1434604,1503162,2,I,QG3374
1779521,1779521,2,I,QG3374
2152456,2152456,2,I,QG3374
11950746,12041006,2,I,QG3377
726276,735934,2,I,QG3380
3091642,3190769,2,I,QG3380
10908605,10909477,2,I,QG3380
11131342,11819693,2,I,QG3380
12073433,12085953,2,I,QG3380
815525,858784,2,I,QG3381
11131342,11819693,2,I,QG3381
11950746,11971721,2,I,QG3381
12246823,12246823,2,I,QG3381
2139993,2276898,2,I,QG3383
2402766,2437073,2,I,QG3383
11064843,11064843,2,I,QG3383
11138021,11138101,2,I,QG3383
12514549,12514559,2,I,QG3383
1127153,1216114,2,I,QG3385
9049640,9112122,2,I,QG3385
11777998,11778944,2,I,QG3385
1434604,1561738,2,I,QG3387
2139993,2276898,2,I,QG3387
3290033,3290472,2,I,QG3387
8988710,9007765,2,I,QG3387
11930278,12041006,2,I,QG3387
12643056,12643166,2,I,QG3387
2139993,2276898,2,I,QG3391
1314401,1368025,2,I,QG3392
2009662,2276898,2,I,QG3392
11336008,11336008,2,I,QG3392
2139993,2276898,2,I,QG3394
11930278,11971721,2,I,QG3394
2139993,2276898,2,I,QG3395
11621770,11668623,2,I,QG3395
10248670,10273658,2,I,QG3396
11721209,11732908,2,I,QG3396
12046464,12048156,2,I,QG3396
2139993,2530798,2,I,QG3397
1112345,1120534,2,I,QG3400
1434604,1561738,2,I,QG3403
2139993,2276898,2,I,QG3403
12298858,12298858,2,I,QG3403
1053937,1828979,2,I,QG3404
2009662,2050451,2,I,QG3404
1055773,1061096,2,I,QG3408
1127153,1216114,2,I,QG3408
2139993,2276898,2,I,QG3408
10961536,10962057,2,I,QG3408
11040329,11044948,2,I,QG3408
2139993,2276898,2,I,QG3409
12478098,12610546,2,I,QG3409
1127153,1216114,2,I,QG3410
2009662,2276898,2,I,QG3410
4528670,4528732,2,I,QG3410
11131342,11819693,2,I,QG3410
11927478,11971721,2,I,QG3410
12262223,12296756,2,I,QG3410
1314401,1368025,1,I,QG3412
1511367,1512048,1,I,QG3412
1731283,1731733,2,I,QG3412
2392064,2392103,2,I,QG3412
436633,436633,2,I,QG3414
2020760,2020816,2,I,QG3414
11564589,11574473,2,I,QG3418
11963556,11963556,2,I,QG3418
9572251,9572251,2,I,QG3421
10209224,10215404,2,I,QG3421
10692830,10699917,2,I,QG3421
837768,850260,2,I,QG3427
956835,960483,2,I,QG3427
1007167,1009564,2,I,QG3427
2712030,2712522,1,I,QG3427
7889830,7889830,1,I,QG3427
9662118,9662173,1,I,QG3427
1120765,1126969,2,I,QG3432
1737575,1737580,2,I,QG3432
10737219,10740605,2,I,QG3432
10801963,10801968,2,I,QG3432
11927478,12041006,2,I,QG3432
2166892,2265269,2,I,QG3434
2669398,2828607,2,I,QG3434
10682545,10692830,2,I,QG3434
11950746,12041006,2,I,QG3434
2402766,2520225,2,I,QG3437
2706836,2754019,2,I,QG3437
10726535,10917594,2,I,QG3437
11261860,11261860,2,I,QG3437
12039131,12041241,2,I,QG3437
1737575,1737580,2,I,QG3440
10737219,10740605,2,I,QG3440
10962057,10963022,2,I,QG3440
12257880,12265644,2,I,QG3440
12499288,12499311,2,I,QG3440
484066,499332,2,I,QG3456
2139993,2276898,2,I,QG3456
10221719,10221719,2,I,QG3456
10266443,10266443,2,I,QG3456
1127153,1216114,2,I,QG3457
2139993,2276898,2,I,QG3457
11930278,11971721,2,I,QG3457
11950746,12262108,2,I,QG3457
880037,1022769,2,I,QG3458
1053937,1828979,2,I,QG3458
2139993,2276898,2,I,QG3458
212429,212429,2,I,QG3459
9411054,9432532,2,I,QG3459
12151908,12152614,2,I,QG3459
12172625,12176244,2,I,QG3459
12973830,13019915,2,I,QG3459
13009778,13101498,2,I,QG3459
3139238,3139419,2,I,QG3460
10922245,11041992,2,I,QG3460
11950746,12041006,2,I,QG3460
12386438,12386720,2,I,QG3460
3339665,3412568,2,I,QG3463
3440665,3458653,2,I,QG3463
10022304,10022370,2,I,QG3463
11163698,11163771,2,I,QG3463
528921,528969,2,I,QG3464
1097426,1097426,2,I,QG3464
1127153,1216114,2,I,QG3464
1748266,1748266,2,I,QG3464
2139993,2530798,2,I,QG3464
11341499,11341499,2,I,QG3464
11950746,12262108,2,I,QG3464
12257880,12296756,2,I,QG3464
2139993,2276898,2,I,QG3465
11064041,11085045,2,I,QG3465
11131342,11819693,2,I,QG3465
11930278,11950513,2,I,QG3465
2368123,2368482,2,I,QG3467
3180776,3180948,2,I,QG3467
9834843,9850177,1,I,QG3467
10069596,10080967,1,I,QG3467
11000170,11000170,1,I,QG3467
1314401,1367363,2,I,QG3468
11921828,12040844,2,I,QG3468
9950910,9951277,2,I,QG3469
10181293,10282774,2,I,QG3469
1127153,1216114,1,I,QG3470
10905857,10911830,1,I,QG3470
11927478,11971721,1,I,QG3470
8048876,11131313,2,I,QG3473
12158596,12161317,2,I,QG3473
2342443,2342480,2,I,QG3474
11342679,11387305,2,I,QG3474
11927478,11971721,2,I,QG3474
8932234,8932234,2,I,QG3477
1434604,1561738,2,I,QG3479
2139993,2276898,2,I,QG3479
11621770,11668623,2,I,QG3479
484066,499332,2,I,QG3480
880037,1022769,2,I,QG3480
5533241,5533555,2,I,QG3480
9300397,9307151,2,I,QG3480
11950746,12041006,2,I,QG3480
2009662,2276898,2,I,QG3481
2343359,2372745,2,I,QG3481
10713642,10720106,2,I,QG3481
11800523,11828565,2,I,QG3481
1314401,1368025,2,I,QG3483
3644114,3863818,2,I,QG3483
11131342,11819693,2,I,QG3483
11950746,12262108,2,I,QG3483
880037,1022769,2,I,QG3485
1786251,1786451,2,I,QG3485
10882223,10890237,2,I,QG3488
11930278,11971721,2,I,QG3488
2139993,2530798,2,I,QG3489
11744333,11744435,2,I,QG3489
7501341,7501350,1,I,QG3491
9930721,9930721,2,I,QG3491
11950746,12041241,2,I,QG3491
12048179,12054924,2,I,QG3491
12076236,12085394,2,I,QG3491
11086495,11086495,2,I,QG3492
2402766,2520225,2,I,QG3493
8939460,8957822,2,I,QG3493
10196790,10196811,2,I,QG3493
11927478,11971721,2,I,QG3494
12411483,12411874,2,I,QG3494
10728331,10728331,2,I,QG3495
12076252,12085322,2,I,QG3495
12085546,12090211,2,I,QG3495
12135666,12136505,2,I,QG3495
12334363,12341569,2,I,QG3495
1127153,1180058,2,I,QG3499
1246145,1282101,2,I,QG3499
11354302,11375934,2,I,QG3499
11521740,11522208,2,I,QG3499
11849017,11877851,2,I,QG3499
600564,607849,2,I,QG3500
2505519,2505580,2,I,QG3500
10602485,10602709,2,I,QG3500
10922245,11041992,2,I,QG3500
11131342,11819693,2,I,QG3500
12041241,12055943,2,I,QG3500
11131342,11819693,2,I,QG3502
1561781,1581747,2,I,QG3506
2139993,2276898,2,I,QG3506
10687731,10699917,2,I,QG3506
11950746,12262108,2,I,QG3506
663352,665999,2,I,QG3507
2779743,2780089,2,I,QG3507
9789284,9833596,2,I,QG3507
11706175,11726621,2,I,QG3507
2739232,2739779,2,I,QG3508
10726482,10917568,2,I,QG3508
11082255,11094486,2,I,QG3508
11935190,11935190,2,I,QG3508
11971721,12041241,2,I,QG3508
2342443,2342480,2,I,QG3509
10700354,10701788,2,I,QG3509
11131342,11819693,2,I,QG3509
12517367,12517394,2,I,QG3509
745529,746194,2,I,QG3510
1127153,1216114,2,I,QG3510
2139993,2530798,2,I,QG3510
10655092,10655092,2,I,QG3510
11543027,11547985,2,I,QG3510
8293188,8333513,2,I,QG3511
10960808,10960852,2,I,QG3511
3119885,3122870,2,II,QG3086
13303344,13303376,2,II,QG3086
11774116,11875538,2,II,QG3087
12694870,12694870,2,II,QG3087
12945115,12973330,2,II,QG3087
13012106,13012106,2,II,QG3087
1174318,1230171,2,II,QG3089
2415343,2415865,2,II,QG3089
13129559,13131659,2,II,QG3089
12202406,12202406,2,II,QG3090
12493590,12493836,2,II,QG3090
13437468,13437468,2,II,QG3090
1004608,1017259,2,II,QG3091
2050054,2071075,2,II,QG3091
2139971,2151078,2,II,QG3091
1645464,1658136,2,II,QG3092
2919296,2919881,2,II,QG3092
11814753,11910668,2,II,QG3092
12680095,12849899,2,II,QG3092
787923,809699,2,II,QG3093
10805356,10805622,2,II,QG3093
11665966,12849889,2,II,QG3093
1174318,1229741,2,II,QG3094
1606210,1872826,2,II,QG3094
1317565,1351493,2,II,QG3095
1434632,1434714,2,II,QG3095
1486214,1554556,2,II,QG3095
1605912,1872891,2,II,QG3095
12836411,12849899,2,II,QG3095
11174459,11206669,2,II,QG3096
12808654,12818421,2,II,QG3096
897878,994130,2,II,QG3097
1109522,1129304,2,II,QG3097
1378182,1378182,2,II,QG3097
11665966,12849899,2,II,QG3097
13192249,13232333,2,II,QG3097
12065433,12074641,2,II,QG3100
12354575,12362315,2,II,QG3100
2078826,2079142,2,II,QG3101
1256514,1293179,2,II,QG3102
12481817,12481817,2,II,QG3102
12908301,12915411,2,II,QG3102
2120828,2120830,2,II,QG3103
2585481,2586952,2,II,QG3103
3752057,4148842,2,II,QG3103
1408440,1409366,2,II,QG3104
13020663,13020663,2,II,QG3104
1021184,1032479,2,II,QG3105
11210794,11214473,2,II,QG3105
11814768,11910668,2,II,QG3105
12257606,12257606,2,II,QG3105
12461261,12461335,2,II,QG3105
12737734,12737734,2,II,QG3105
811653,1004584,2,II,QG3106
1073815,1073815,2,II,QG3106
2139971,2151078,2,II,QG3107
11665966,12849899,2,II,QG3107
1833597,4948797,2,II,QG3109
12350797,12357971,2,II,QG3109
415169,415338,2,II,QG3110
12994004,13006585,2,II,QG3110
1756247,8058772,1,II,QG3111
12436236,12437184,2,II,QG3111
897878,994130,2,II,QG3112
11652464,11654243,2,II,QG3112
11774116,11875538,2,II,QG3112
11814753,11910668,2,II,QG3113
1561391,1561510,2,II,QG3114
1684176,1734456,2,II,QG3114
1833762,10161390,2,II,QG3114
12511954,12511958,2,II,QG3114
13192249,13232052,2,II,QG3114
2139032,2139068,2,II,QG3115
3119353,3122870,2,II,QG3115
1062278,1554556,2,II,QG3116
1684104,1734651,2,II,QG3116
2298598,2298976,2,II,QG3116
5922766,6066249,1,II,QG3116
11111972,11214942,1,II,QG3116
11910737,11951868,1,II,QG3116
12244099,12259980,1,II,QG3116
12588449,12588449,2,II,QG3116
2245848,2258218,2,II,QG3117
11814753,11910668,2,II,QG3117
12786972,12786972,2,II,QG3118
1833597,4948917,2,II,QG3119
12644897,12645808,2,II,QG3119
1364889,1369846,2,II,QG3120
1951475,2011694,2,II,QG3120
6074666,6100287,2,II,QG3120
12634145,12634350,2,II,QG3120
2627330,2632191,2,II,QG3121
12088598,12088602,2,II,QG3121
897878,994130,2,II,QG3122
1833597,4948917,2,II,QG3122
11621508,11621586,2,II,QG3122
11814753,11910668,2,II,QG3122
12382269,12392529,2,II,QG3122
12649067,12649067,2,II,QG3122
1491314,1554113,2,II,QG3123
1595004,1595421,2,II,QG3123
12347202,12348962,2,II,QG3123
897878,994130,2,II,QG3124
1363662,1364266,2,II,QG3124
2818348,2819381,2,II,QG3124
11665966,12849899,2,II,QG3124
1486214,1554131,2,II,QG3125
1889354,1932319,2,II,QG3125
1073815,1073815,2,II,QG3126
1142773,1235800,2,II,QG3126
1437109,1437735,2,II,QG3126
11774225,11875485,2,II,QG3126
1605006,1651720,2,II,QG3127
1684104,1734651,2,II,QG3127
11174459,11206669,2,II,QG3127
11697684,11699743,2,II,QG3127
884721,889290,2,II,QG3128
1142773,1172317,2,II,QG3128
1833597,4948917,1,II,QG3128
4949252,10161390,1,II,QG3128
11741873,11803696,2,II,QG3128
13261656,13284227,2,II,QG3128
2002974,2002974,2,II,QG3129
2122089,2122094,2,II,QG3129
2585481,2586965,2,II,QG3129
11665966,12849899,2,II,QG3129
11174459,11206669,2,II,QG3130
12317792,12317954,2,II,QG3130
12440031,12440644,2,II,QG3130
12629467,12638642,2,II,QG3130
4112072,4148863,2,II,QG3132
6658194,6754515,2,II,QG3132
12082772,12082772,2,II,QG3132
897878,994130,2,II,QG3134
1486214,1570451,2,II,QG3134
12362575,12368699,2,II,QG3134
1174318,1230171,2,II,QG3135
1605912,1872891,2,II,QG3135
1889354,1932319,2,II,QG3135
1295515,1316914,2,II,QG3136
2734632,2735225,2,II,QG3136
11656700,11656743,2,II,QG3136
11985891,11985895,2,II,QG3136
12629467,12630504,2,II,QG3136
1398366,1398366,2,II,QG3137
11719702,11741591,2,II,QG3137
12582406,12583472,2,II,QG3138
12629467,12630504,2,II,QG3138
810864,1003448,1,II,QG3139
1521221,1525316,1,II,QG3139
1833597,4948917,2,II,QG3139
10827862,11111597,2,II,QG3139
11665966,12849899,2,II,QG3139
1317565,1351493,2,II,QG3140
9804611,9804611,2,II,QG3140
11174459,11206669,2,II,QG3140
12080220,12089048,2,II,QG3140
1062278,1554556,2,II,QG3141
889406,917804,2,II,QG3143
1505634,1570451,2,II,QG3143
9840242,9840242,2,II,QG3143
11747284,11747928,2,II,QG3143
12267827,12271613,2,II,QG3143
12689561,12689561,2,II,QG3143
1058037,1090202,2,II,QG3144
1153241,1203146,2,II,QG3144
11992040,11993137,2,II,QG3144
1210646,1267476,2,II,QG3145
12360848,12410544,2,II,QG3145
12986128,12988434,2,II,QG3145
13421721,13428217,2,II,QG3145
11479055,11499019,2,II,QG3146
12291524,12291656,2,II,QG3146
12315250,12316130,2,II,QG3146
1159276,1159297,2,II,QG3147
1214843,1214846,2,II,QG3147
1363662,1438804,2,II,QG3147
11213712,11213817,2,II,QG3147
12134428,12149076,1,II,QG3147
12614994,12615501,1,II,QG3147
13017830,13041538,2,II,QG3147
1455923,1455957,2,II,QG3148
2174025,2175071,2,II,QG3148
11591327,11591360,2,II,QG3148
3001591,3001965,2,II,QG3149
3475546,3492478,2,II,QG3149
12126684,12127151,2,II,QG3149
12461582,12461607,2,II,QG3149
12726853,12726880,2,II,QG3149
11098938,11100382,2,II,QG3150
11462239,11464722,2,II,QG3150
12974897,13017719,2,II,QG3150
13155071,13155071,2,II,QG3150
1409401,1409401,2,II,QG3151
12572562,12572608,2,II,QG3151
1749430,1750925,2,II,QG3152
1916389,1951385,2,II,QG3152
2139971,2153663,2,II,QG3152
8297440,8299513,2,II,QG3152
11343879,11344330,2,II,QG3152
12694870,12694870,2,II,QG3152
1484680,1484682,2,II,QG3153
2245848,2278364,2,II,QG3153
3782063,3791291,2,II,QG3153
10139434,10139512,2,II,QG3153
11331571,11344260,2,II,QG3153
12604402,12707223,2,II,QG3153
12710490,12710490,2,II,QG3153
13537086,13537111,2,II,QG3153
3475546,3492478,2,II,QG3154
9874373,9874417,2,II,QG3154
13060412,13060422,2,II,QG3154
11386154,11386154,2,II,QG3155
895858,897693,2,II,QG3156
1275995,1275995,2,II,QG3156
2326527,2399540,2,II,QG3156
11492284,11496228,2,II,QG3156
11875783,11931739,2,II,QG3156
12134428,12149076,2,II,QG3156
1332511,1336240,2,II,QG3157
2063816,2105048,2,II,QG3157
2194092,2204406,2,II,QG3157
11712645,11712813,2,II,QG3157
12152612,12152612,2,II,QG3157
12436236,12436574,2,II,QG3157
12689436,12728677,2,II,QG3157
1216023,1216852,2,II,QG3158
1893023,1893116,2,II,QG3158
1933753,1956440,2,II,QG3158
11445501,11445702,2,II,QG3158
11560667,11560796,2,II,QG3158
13361485,13369588,2,II,QG3158
1210646,1267476,2,II,QG3159
1571352,1605006,2,II,QG3159
1690608,1782253,2,II,QG3159
11958176,11982992,2,II,QG3159
2263649,2264647,2,II,QG3160
3059372,3082748,2,II,QG3160
12836411,12891393,2,II,QG3160
13062788,13062822,2,II,QG3160
1030585,1037420,2,II,QG3161
2245848,2278364,2,II,QG3161
2777745,2781809,2,II,QG3162
13159941,13159941,2,II,QG3162
1210646,1267476,2,II,QG3163
2766910,2767890,2,II,QG3163
12278091,12281199,2,II,QG3163
758085,762007,2,II,QG3164
965316,987940,2,II,QG3164
2222771,2258218,2,II,QG3164
13088975,13089261,2,II,QG3164
13537086,13537111,2,II,QG3164
1070830,1070842,2,II,QG3166
1175419,1175479,2,II,QG3166
1911400,1912847,2,II,QG3166
2167842,2171619,2,II,QG3166
2443635,2443635,2,II,QG3166
2763101,2766645,2,II,QG3166
12266506,12284254,2,II,QG3166
1311995,1316014,2,II,QG3167
2021362,2035392,2,II,QG3167
12237587,12248130,2,II,QG3167
12729293,12865160,2,II,QG3167
13362293,13362293,2,II,QG3167
1833597,1872891,2,II,QG3168
2021362,2035392,2,II,QG3168
2993650,2994522,2,II,QG3168
10243631,10246494,2,II,QG3168
11995961,11996528,2,II,QG3168
12315250,12316130,2,II,QG3168
12637717,12637717,2,II,QG3168
617919,716416,2,II,QG3169
2000654,2000841,2,II,QG3169
11592579,11593668,2,II,QG3169
13155071,13155071,2,II,QG3169
1114910,1115773,2,II,QG3170
6363233,6363357,2,II,QG3170
11923490,11926455,2,II,QG3170
1132692,1132692,2,II,QG3171
2643352,2646075,2,II,QG3171
11368857,11395662,2,II,QG3171
2037865,2048252,2,II,QG3172
2222771,2258218,2,II,QG3172
1198625,1200128,2,II,QG3173
2434947,2436061,2,II,QG3173
1491787,1504521,2,II,QG3174
12163214,12190619,2,II,QG3174
12266506,12284254,2,II,QG3174
11189674,11190013,2,II,QG3175
11484608,11484727,2,II,QG3175
11515736,11516829,2,II,QG3175
12111244,12124212,2,II,QG3175
12862915,12862915,2,II,QG3175
1505634,1554556,2,II,QG3176
3126054,3179204,2,II,QG3176
9339962,9391533,2,II,QG3176
10243631,10246494,2,II,QG3176
11986868,11988398,2,II,QG3176
12585995,12603592,2,II,QG3176
947223,958068,2,II,QG3177
2222771,2258218,2,II,QG3177
2415402,2418480,2,II,QG3177
12534777,12536512,2,II,QG3177
1399363,1399363,2,II,QG3178
2194092,2204406,2,II,QG3178
2278780,2278780,2,II,QG3178
12111244,12124212,2,II,QG3178
758085,761936,2,II,QG3179
1363662,1438804,2,II,QG3179
10811910,10812151,2,II,QG3179
11958176,11971685,2,II,QG3180
12266506,12284254,2,II,QG3180
12604402,12707223,2,II,QG3180
1073815,1074413,2,II,QG3181
12393867,12393867,2,II,QG3181
1210646,1267476,2,II,QG3182
2156926,2167668,2,II,QG3182
12353628,12360918,2,II,QG3182
12354500,12362315,2,II,QG3182
12945115,12973330,2,II,QG3182
2139971,2153663,2,II,QG3183
2222771,2258218,2,II,QG3183
1017259,1020858,2,II,QG3185
1589564,1595421,2,II,QG3185
11266836,11266836,2,II,QG3185
1280421,1293271,2,II,QG3186
11769279,11772449,2,II,QG3186
12677964,12688564,2,II,QG3186
853669,854185,2,II,QG3187
1486214,1554556,2,II,QG3187
2684530,2684533,2,II,QG3187
10721785,10725503,2,II,QG3187
12585995,12594121,2,II,QG3187
13153806,13232347,2,II,QG3187
1966697,1972830,2,II,QG3188
11027043,11027167,2,II,QG3188
12564631,12580626,2,II,QG3188
1322283,1323263,2,II,QG3192
1916389,1951385,2,II,QG3192
1963488,1963492,2,II,QG3192
2763101,2766645,2,II,QG3192
12126169,12127151,2,II,QG3192
12345533,12345533,2,II,QG3192
12580230,12580230,2,II,QG3192
12924645,12924666,2,II,QG3192
8941260,8941568,2,II,QG3193
11988522,11995302,2,II,QG3193
12727664,12745393,2,II,QG3193
12145677,12149076,2,II,QG3194
12644897,12660187,2,II,QG3194
12729293,12865160,2,II,QG3194
1756196,1782253,1,II,QG3196
2399690,2642394,1,II,QG3196
2777745,2781809,1,II,QG3196
12727664,12745393,2,II,QG3196
9075067,9075067,2,II,QG3197
699841,706690,2,II,QG3198
12517440,12519996,2,II,QG3198
12924645,12924645,2,II,QG3198
1455518,1457303,2,II,QG3199
11207450,11207887,2,II,QG3199
13099153,13099246,2,II,QG3199
1153241,1203146,2,II,QG3200
12170249,12170249,2,II,QG3200
12561118,12564437,2,II,QG3200
12818421,12818421,2,II,QG3200
1095164,1096458,2,II,QG3201
11997232,11998345,2,II,QG3201
12984456,12984456,2,II,QG3201
1521668,1521668,2,II,QG3202
12362575,12368699,2,II,QG3202
12729293,12865160,2,II,QG3202
708163,750910,2,II,QG3203
12190739,12222036,2,II,QG3203
12349739,12350436,2,II,QG3203
12899607,12913879,2,II,QG3203
3751891,4094086,2,II,QG3205
11814753,11875538,2,II,QG3205
12836411,12849899,2,II,QG3205
13148432,13190280,2,II,QG3205
13192249,13232333,2,II,QG3205
810864,1004584,2,II,QG3206
11294716,11294743,2,II,QG3206
12354500,12362315,2,II,QG3206
12692643,12692643,2,II,QG3206
1253215,1295556,2,II,QG3207
11814753,11910668,2,II,QG3207
10612760,10700694,2,II,QG3208
13153806,13232347,2,II,QG3208
1317565,1351493,2,II,QG3209
12415975,12416936,2,II,QG3209
1004550,1004550,2,II,QG3211
1091190,1091369,2,II,QG3211
4624600,4624618,2,II,QG3211
12566520,12566520,2,II,QG3211
11665966,12849899,2,II,QG3212
13325108,13325108,2,II,QG3212
13565991,13565991,2,II,QG3212
1408470,1409287,2,II,QG3213
2026599,2026642,2,II,QG3213
11665966,12849899,2,II,QG3213
12993962,13003868,2,II,QG3213
13317702,13317704,2,II,QG3213
708163,750910,2,II,QG3214
875364,875364,2,II,QG3214
1833597,4948917,2,II,QG3214
12238100,12238100,2,II,QG3214
12278091,12281199,2,II,QG3214
12663598,12666296,2,II,QG3214
1802589,1802589,2,II,QG3215
10541266,10541300,2,II,QG3215
11569202,11591620,2,II,QG3215
11931754,11971685,2,II,QG3215
12559900,12564437,2,II,QG3215
1609818,1610328,2,II,QG3217
2749263,2749263,2,II,QG3217
10702459,10702520,2,II,QG3217
11814753,11910668,2,II,QG3217
12680095,12849899,2,II,QG3217
2339986,2339986,2,II,QG3219
1963492,1966406,2,II,QG3220
1658212,1685659,2,II,QG3221
1031108,1032782,2,II,QG3222
1409952,1411151,2,II,QG3222
2975835,2981323,2,II,QG3222
3751353,3751353,2,II,QG3222
12382269,12383697,2,II,QG3222
12565431,12594121,2,II,QG3222
11112116,11174372,2,II,QG3223
11697684,11699743,2,II,QG3223
897878,994130,2,II,QG3224
1605006,1651941,2,II,QG3224
2245848,2258218,2,II,QG3224
11665966,12849899,2,II,QG3224
1129180,1129304,2,II,QG3225
13240076,13260300,2,II,QG3225
13261656,13284227,2,II,QG3225
11302844,11302844,2,II,QG3226
12644897,12645808,2,II,QG3226
1889354,1932319,2,II,QG3227
11400895,11405636,2,II,QG3227
12281279,12290409,2,II,QG3227
12353628,12357853,2,II,QG3227
12490756,12490758,2,II,QG3227
1589159,1589414,2,II,QG3230
9993513,9995420,2,II,QG3230
12559900,12560947,1,II,QG3230
13039219,13039370,1,II,QG3230
13148432,13190280,1,II,QG3230
1463352,1463352,2,II,QG3231
1873822,1874098,2,II,QG3231
2471183,2471747,2,II,QG3231
1940150,1951385,2,II,QG3232
2485052,2485438,2,II,QG3232
3751891,4094086,2,II,QG3232
11814753,11910668,2,II,QG3232
12257695,12257695,2,II,QG3232
12312664,12314588,2,II,QG3232
1889354,1932319,2,II,QG3233
2151640,2167668,2,II,QG3233
11656057,11656080,2,II,QG3233
12311744,12311789,2,II,QG3234
12898384,12901280,2,II,QG3234
12582406,12583472,2,II,QG3235
1747357,1747357,2,II,QG3236
1043431,1050622,2,II,QG3237
2821358,2821382,2,II,QG3237
12613625,12614994,2,II,QG3237
13153806,13232347,2,II,QG3237
810864,1004584,2,II,QG3238
1034209,1034209,2,II,QG3238
1833597,4948917,2,II,QG3238
1833597,4948917,2,II,QG3239
12067981,12080185,2,II,QG3239
12692643,12692643,2,II,QG3239
724267,724267,2,II,QG3240
762007,762007,2,II,QG3240
798279,804780,2,II,QG3240
1486214,1570451,2,II,QG3240
1833597,4948917,2,II,QG3240
647281,698534,2,II,QG3241
708163,750910,2,II,QG3241
1915615,1915643,2,II,QG3241
12461020,12461020,2,II,QG3241
1940150,1951385,2,II,QG3242
1486214,1554556,2,II,QG3243
1936600,1936618,2,II,QG3243
2111485,2121266,2,II,QG3243
2541990,2542413,2,II,QG3243
2831821,2831983,2,II,QG3244
897878,994130,2,II,QG3245
1605006,1651720,2,II,QG3245
6074666,6100287,2,II,QG3245
11622134,11622331,2,II,QG3245
11910737,11922735,2,II,QG3245
13148432,13190280,2,II,QG3245
1059059,1059065,2,II,QG3246
11680252,11684586,2,II,QG3246
12076726,12080185,2,II,QG3246
795584,804672,2,II,QG3248
1963492,1966406,2,II,QG3248
1195485,1195736,2,II,QG3249
11665966,12849899,2,II,QG3249
13148432,13190280,2,II,QG3249
1833597,4948917,2,II,QG3250
12076726,12080185,2,II,QG3250
12945115,12973330,2,II,QG3250
13565991,13565991,2,II,QG3250
1623178,1623583,2,II,QG3251
1454500,1454619,2,II,QG3252
11665966,12849899,2,II,QG3252
13148432,13190280,2,II,QG3252
13317704,13317704,2,II,QG3252
657626,657626,2,II,QG3254
798279,804780,2,II,QG3254
1889354,1932319,2,II,QG3255
4655839,4660625,2,II,QG3255
3816135,3886754,2,II,QG3256
1062278,1554556,2,II,QG3257
1940150,1951385,2,II,QG3257
2245848,2258218,2,II,QG3257
4020789,4020905,2,II,QG3257
10827862,11111597,2,II,QG3257
11665966,12849899,2,II,QG3257
1819571,1833481,2,II,QG3258
787923,794573,2,II,QG3261
1833597,4948917,2,II,QG3261
11682294,11682294,2,II,QG3261
2821358,2821382,2,II,QG3262
11125954,11126050,2,II,QG3262
11636844,11636858,2,II,QG3262
11964752,11968098,2,II,QG3262
12195227,12195333,2,II,QG3263
12394632,12406052,2,II,QG3263
1684104,1734651,2,II,QG3264
1833597,4948917,2,II,QG3264
11055463,11055470,2,II,QG3265
12218918,12218923,2,II,QG3265
12382269,12392529,2,II,QG3265
1453007,1472640,2,II,QG3266
11174459,11206669,2,II,QG3266
1548730,1548785,2,II,QG3267
1561534,1561576,2,II,QG3267
1802589,1802589,2,II,QG3267
322859,322859,2,II,QG3268
2116620,2116957,2,II,QG3268
12836411,12891393,2,II,QG3268
12960266,12961292,2,II,QG3268
12988506,12988640,2,II,QG3268
13153806,13232347,2,II,QG3268
13422473,13422473,2,II,QG3268
11562630,11562743,2,II,QG3269
12404586,12448409,2,II,QG3270
12899607,12913879,2,II,QG3270
752304,761936,2,II,QG3271
1153241,1203146,2,II,QG3271
12315250,12316130,2,II,QG3271
12534777,12536512,2,II,QG3271
1031108,1037420,2,II,QG3272
1463946,1463973,2,II,QG3272
2336287,2336467,2,II,QG3272
3776121,3782060,2,II,QG3272
11875783,11931739,2,II,QG3272
12479385,12480150,2,II,QG3272
1253215,1295556,2,II,QG3273
1840557,1841104,2,II,QG3274
2099339,2099427,2,II,QG3274
11875783,11931739,2,II,QG3274
12126169,12127151,2,II,QG3274
12808654,12835698,2,II,QG3274
1311995,1316014,2,II,QG3275
2801904,2807345,2,II,QG3275
12514637,12514639,2,II,QG3275
12149671,12194849,2,II,QG3276
12287096,12290409,2,II,QG3276
627948,675071,2,II,QG3277
11058507,11058546,2,II,QG3277
12604402,12707223,2,II,QG3277
12689436,12728677,2,II,QG3277
1604996,1605006,2,II,QG3278
3331887,3332030,1,II,QG3278
8269972,8272487,1,II,QG3278
9075067,9075067,1,II,QG3278
10949804,10949896,1,II,QG3278
1198625,1200128,2,II,QG3280
2399690,2642394,2,II,QG3280
12314588,12315272,2,II,QG3281
12865673,12871960,2,II,QG3281
1447160,1451785,2,II,QG3282
1605006,1651941,2,II,QG3282
12486581,12487019,2,II,QG3282
12564631,12580626,2,II,QG3282
1058037,1073359,2,II,QG3283
1505634,1554556,2,II,QG3283
2649057,2649450,2,II,QG3283
2981344,3006548,2,II,QG3283
1377860,1377989,2,II,QG3284
1756196,1782152,2,II,QG3284
2203648,2203648,2,II,QG3284
12526563,12526633,2,II,QG3284
12604402,12707223,2,II,QG3284
1903069,1917764,2,II,QG3285
9626363,9821308,2,II,QG3285
1004608,1017259,1,II,QG3288
1338578,1338578,1,II,QG3288
2139971,2153663,2,II,QG3288
11071367,11111972,2,II,QG3288
11731554,11731594,2,II,QG3288
965316,987940,2,II,QG3289
11958176,11982992,2,II,QG3289
12145677,12162477,2,II,QG3289
12831874,12831874,2,II,QG3289
12945115,12973330,2,II,QG3289
1461195,1474954,2,II,QG3290
4256337,4265513,2,II,QG3290
1363662,1438804,2,II,QG3294
2044962,2045669,2,II,QG3294
2121315,2121325,2,II,QG3294
2899131,2900213,2,II,QG3294
11059988,11060052,2,II,QG3294
12360848,12410544,2,II,QG3294
12679892,12680095,2,II,QG3294
12149671,12194849,2,II,QG3295
1404148,1405289,2,II,QG3296
2137296,2137296,2,II,QG3296
1916389,1951385,2,II,QG3297
12159084,12159084,2,II,QG3297
1000026,1017259,2,II,QG3298
11998426,11998426,2,II,QG3300
12682489,12688564,2,II,QG3300
823585,823773,2,II,QG3301
1167089,1167149,2,II,QG3301
2399690,2642394,2,II,QG3301
12313942,12314059,2,II,QG3302
12604402,12707223,2,II,QG3302
756085,756085,2,II,QG3304
1109522,1128998,2,II,QG3304
1491787,1504521,2,II,QG3304
4697004,4697076,2,II,QG3304
8959821,8959824,2,II,QG3304
11875783,11931739,2,II,QG3304
12585995,12603592,2,II,QG3304
1210646,1267476,2,II,QG3305
2111413,2172603,2,II,QG3305
12604402,12707223,2,II,QG3305
12808654,12818421,2,II,QG3305
1344427,1344427,2,II,QG3306
2044962,2045669,2,II,QG3306
2121315,2121325,2,II,QG3306
2156926,2167668,2,II,QG3306
12299150,12300665,2,II,QG3306
12665934,12666296,2,II,QG3306
1262003,1262027,2,II,QG3307
12022493,12031985,2,II,QG3307
12851079,12851079,2,II,QG3307
2326527,2399540,2,II,QG3308
9009224,9009608,2,II,QG3308
11560563,11560643,2,II,QG3308
11719702,11741591,2,II,QG3308
857402,857652,1,II,QG3309
1311995,1316914,1,II,QG3309
2173624,2208439,1,II,QG3309
12572562,12572608,2,II,QG3309
1003608,1012225,2,II,QG3310
2021362,2035392,2,II,QG3310
2139971,2153663,2,II,QG3310
13039619,13039619,2,II,QG3310
13138840,13138923,2,II,QG3310
13153806,13232347,2,II,QG3310
1426610,1426649,2,II,QG3312
1528043,1528043,2,II,QG3312
1916389,1951385,2,II,QG3312
3691137,3773995,2,II,QG3312
2766910,2767890,2,II,QG3314
11618060,11719604,2,II,QG3314
12574459,12574740,2,II,QG3314
12769824,12769824,2,II,QG3314
1030768,1031012,2,II,QG3316
1210646,1267476,2,II,QG3316
1351958,1352593,2,II,QG3316
11362932,11363033,2,II,QG3316
11707888,11707888,2,II,QG3316
12190739,12222036,2,II,QG3316
12362575,12368699,2,II,QG3317
12713104,12713134,2,II,QG3317
1311995,1316014,2,II,QG3319
2900579,2981323,2,II,QG3319
10718329,10718450,2,II,QG3319
11112116,11170211,2,II,QG3319
12565431,12580626,2,II,QG3319
12688564,12688564,2,II,QG3319
13250601,13254107,2,II,QG3320
897878,994130,2,II,QG3321
1062278,1554556,2,II,QG3321
3600948,3601033,2,II,QG3321
1914555,1914555,2,II,QG3322
12236927,12244326,2,II,QG3322
1174318,1230171,2,II,QG3324
1507454,1515660,1,II,QG3324
1605912,1872891,1,II,QG3324
1966697,1972830,2,II,QG3324
1833597,4948917,2,II,QG3327
1253215,1295556,2,II,QG3331
1521221,1525316,2,II,QG3331
12850332,12871960,2,II,QG3331
12945115,12973330,2,II,QG3331
843247,843537,2,II,QG3333
1833597,4948917,2,II,QG3333
11338366,11339049,2,II,QG3333
12228424,12235677,2,II,QG3333
12836411,12865160,2,II,QG3333
13148432,13190280,2,II,QG3333
897878,994130,2,II,QG3334
1953366,1953366,2,II,QG3334
1062278,1554556,2,II,QG3335
1562673,1563606,2,II,QG3335
1645464,1658136,2,II,QG3335
11931754,11971685,2,II,QG3335
12565431,12594121,2,II,QG3335
13079943,13080128,2,II,QG3335
647281,675071,2,II,QG3336
2437948,2438626,2,II,QG3336
12594098,12607441,2,II,QG3336
3816135,3886754,2,II,QG3337
1174318,1230171,1,II,QG3342
1295515,1316914,1,II,QG3342
13153806,13190280,2,II,QG3342
908847,908847,2,II,QG3344
1174318,1230171,2,II,QG3344
3446392,3446392,2,II,QG3344
12808654,12818421,2,II,QG3344
13261656,13284227,2,II,QG3346
12645916,12655588,2,II,QG3347
13016049,13016049,2,II,QG3347
414280,414381,2,II,QG3349
793503,804672,2,II,QG3349
1069578,1073359,2,II,QG3349
1486214,1554556,2,II,QG3349
2126062,2126062,2,II,QG3349
9075067,9075067,2,II,QG3349
11329736,11330397,2,II,QG3349
12362575,12368699,2,II,QG3349
11992040,11993137,2,II,QG3351
12393780,12403545,2,II,QG3351
1916389,1951385,2,II,QG3352
11958176,11971679,2,II,QG3352
12468185,12468187,1,II,QG3352
12787088,12794415,1,II,QG3352
13100883,13100883,1,II,QG3352
13101936,13101952,1,II,QG3352
3259048,3259048,2,II,QG3354
11592579,11593668,2,II,QG3354
12066441,12066441,2,II,QG3354
2212960,2213098,2,II,QG3357
11025466,11025484,2,II,QG3357
11395876,11400857,2,II,QG3357
12974897,13017719,2,II,QG3357
1377680,1377790,2,II,QG3358
2063816,2105048,2,II,QG3358
3416697,3447057,2,II,QG3358
3713646,3735931,2,II,QG3358
12688802,12688802,2,II,QG3358
12887085,12898321,2,II,QG3358
13288822,13312423,2,II,QG3358
1799449,1802502,2,II,QG3362
1819571,1833481,2,II,QG3362
11086980,11088330,1,II,QG3362
11511529,11511529,1,II,QG3362
11747284,11747928,1,II,QG3362
13497590,13520674,2,II,QG3362
865811,866068,2,II,QG3363
957871,957901,1,II,QG3363
958057,958057,1,II,QG3363
1792536,1792536,2,II,QG3363
11266836,11266836,2,II,QG3363
12039174,12039321,1,II,QG3363
12039354,12039354,1,II,QG3363
12729293,12865154,1,II,QG3363
12865673,12871960,1,II,QG3363
13017830,13041538,1,II,QG3363
13041911,13069234,1,II,QG3363
1031146,1031419,2,II,QG3364
2222771,2258218,2,II,QG3364
3919716,3919907,2,II,QG3364
11471971,11472620,2,II,QG3364
11513360,11513665,2,II,QG3364
12644897,12660187,1,II,QG3364
12726853,12726880,1,II,QG3364
904056,904314,2,II,QG3366
2021362,2035392,2,II,QG3366
3436209,3444856,2,II,QG3366
12347003,12348962,2,II,QG3366
13153806,13232347,2,II,QG3366
1272684,1274522,2,II,QG3367
2222771,2258218,2,II,QG3367
1295557,1295557,2,II,QG3370
12074401,12080185,2,II,QG3370
12380970,12380970,2,II,QG3370
9651585,9792671,2,II,QG3371
12353628,12360918,2,II,QG3371
12648232,12648232,2,II,QG3371
12974897,13017719,2,II,QG3371
728089,728121,2,II,QG3372
1973085,2011694,2,II,QG3372
2685812,2687125,2,II,QG3372
882608,882608,2,II,QG3373
1589564,1595421,2,II,QG3373
9840242,9840242,2,II,QG3373
11834194,11835073,2,II,QG3373
12729293,12865160,2,II,QG3373
13431734,13431735,2,II,QG3373
1407252,1407796,2,II,QG3374
1845806,1845817,2,II,QG3374
2385473,2385660,2,II,QG3374
12304291,12304291,2,II,QG3374
1151488,1153241,2,II,QG3377
1973085,2011694,2,II,QG3377
2326527,2399540,2,II,QG3377
6176783,6237423,1,II,QG3377
6238016,6259998,1,II,QG3377
6505828,6505828,2,II,QG3377
11368857,11395662,2,II,QG3377
12080220,12089048,2,II,QG3377
12585995,12603592,1,II,QG3377
12729293,12865160,1,II,QG3377
810864,1004584,2,II,QG3380
2140348,2140348,2,II,QG3380
12076726,12080185,2,II,QG3380
1496140,1496140,2,II,QG3381
1690608,1734651,2,II,QG3381
1951475,1972833,2,II,QG3381
9505831,9505831,2,II,QG3381
12559900,12560947,2,II,QG3381
12677964,12679892,2,II,QG3383
1684104,1734651,2,II,QG3385
11484962,11485021,2,II,QG3385
13192249,13232333,2,II,QG3385
11559892,11562095,2,II,QG3387
12453125,12453140,2,II,QG3387
13353780,13353780,2,II,QG3387
1062278,1554556,2,II,QG3391
1749678,1749678,2,II,QG3391
1973085,2011694,2,II,QG3391
11665966,12849899,2,II,QG3391
13397019,13397019,1,II,QG3391
810864,1004584,2,II,QG3392
1605912,1872891,2,II,QG3392
810864,1004584,2,II,QG3394
11516976,11518659,2,II,QG3394
12565431,12594121,2,II,QG3394
12836411,12865160,2,II,QG3394
13240076,13260300,2,II,QG3394
647281,675071,2,II,QG3395
1914113,1914536,2,II,QG3395
2091906,2111249,2,II,QG3395
12808654,12818421,2,II,QG3395
1004608,1017259,1,II,QG3396
1356837,1356837,1,II,QG3396
1507454,1515660,1,II,QG3396
12393780,12403545,2,II,QG3396
1000183,1017259,1,II,QG3397
1069578,1073815,1,II,QG3397
1973085,2011694,2,II,QG3397
2434947,2437513,2,II,QG3397
4337269,4809176,2,II,QG3397
11665966,12849899,2,II,QG3397
1756196,1782253,2,II,QG3400
1973085,2011694,2,II,QG3400
11665966,12849899,2,II,QG3400
11684793,11688493,2,II,QG3403
11722729,11722739,2,II,QG3403
647281,675071,2,II,QG3404
1350042,1363662,2,II,QG3404
1453007,1472640,2,II,QG3404
1833597,4948917,2,II,QG3404
810864,1004584,2,II,QG3408
1940150,1951385,2,II,QG3408
3207457,3207487,1,II,QG3408
3207698,3207698,1,II,QG3408
11665966,12849899,2,II,QG3408
13192249,13232333,2,II,QG3408
1744221,1745967,2,II,QG3409
11910737,11951868,2,II,QG3409
1802589,1802589,2,II,QG3410
4267197,4336940,2,II,QG3410
10016329,10016456,2,II,QG3410
11665966,12850015,2,II,QG3410
2605741,2608976,2,II,QG3412
12644897,12660187,2,II,QG3412
793503,804672,2,II,QG3414
1132692,1132692,2,II,QG3414
9517139,9651272,1,II,QG3414
10796473,10797058,1,II,QG3414
11588481,11588837,1,II,QG3414
12943400,12943441,2,II,QG3414
1031108,1047933,2,II,QG3418
1119613,1119613,2,II,QG3418
4207439,4207496,2,II,QG3418
12080220,12082166,2,II,QG3418
12237587,12238100,2,II,QG3418
11526089,11526089,2,II,QG3421
13394906,13395079,2,II,QG3421
1030585,1037420,2,II,QG3427
1253215,1295556,2,II,QG3427
1363662,1438804,2,II,QG3427
11479055,11499019,2,II,QG3427
12190739,12222036,2,II,QG3427
744405,744405,2,II,QG3432
1311995,1316014,2,II,QG3432
1829107,1829168,2,II,QG3432
11196963,11214942,2,II,QG3432
1782308,1782343,2,II,QG3434
13003585,13003832,2,II,QG3434
1491787,1504521,2,II,QG3437
2076687,2091070,2,II,QG3437
2205799,2205799,2,II,QG3437
617919,716416,2,II,QG3440
3991952,3991981,2,II,QG3440
12299150,12300665,2,II,QG3440
382926,382951,2,II,QG3457
1196576,1196609,2,II,QG3457
1365449,1365449,2,II,QG3457
13192249,13232333,2,II,QG3457
1100584,1107093,2,II,QG3458
1253215,1295556,2,II,QG3458
1889354,1932319,2,II,QG3458
13007235,13009608,2,II,QG3458
1363662,1438804,2,II,QG3459
2236404,2236429,2,II,QG3459
11422869,11423084,2,II,QG3459
12026101,12026153,2,II,QG3459
12126169,12127151,2,II,QG3459
12565431,12580626,2,II,QG3459
1363662,1438804,2,II,QG3460
1505634,1554556,2,II,QG3460
1690608,1734651,2,II,QG3460
4245398,4252643,2,II,QG3460
9339962,9391533,2,II,QG3460
12644897,12660187,2,II,QG3460
415338,415419,2,II,QG3463
1350042,1363662,2,II,QG3463
12307415,12308517,2,II,QG3463
13192249,13232333,2,II,QG3463
897878,994130,2,II,QG3464
1253215,1295556,2,II,QG3464
12565431,12594121,2,II,QG3464
1174318,1230171,2,II,QG3465
2421209,2421292,2,II,QG3465
1210646,1267476,2,II,QG3467
11383847,11395662,2,II,QG3467
1031145,1037125,2,II,QG3468
1253562,1295556,2,II,QG3468
11368877,11415758,2,II,QG3468
12100411,12100411,2,II,QG3468
12266506,12284254,2,II,QG3468
13232347,13234133,2,II,QG3468
13511953,13512039,2,II,QG3468
921046,921222,2,II,QG3469
1505634,1570451,2,II,QG3469
3491454,3491454,2,II,QG3469
12644897,12645808,2,II,QG3469
1486214,1554556,2,II,QG3470
11964752,11968098,2,II,QG3470
1151488,1153241,2,II,QG3472
1833597,4948917,2,II,QG3472
12709048,12709048,2,II,QG3472
1174318,1230171,2,II,QG3473
1833597,4948917,2,II,QG3473
11139796,11140128,2,II,QG3473
11188534,11189368,2,II,QG3473
11760803,11769253,2,II,QG3473
12076726,12080185,2,II,QG3473
12362575,12368699,2,II,QG3473
12487807,12487916,2,II,QG3473
897878,994130,2,II,QG3474
1833597,4948917,2,II,QG3474
1210646,1267476,2,II,QG3477
11588901,11588901,2,II,QG3477
12010392,12010671,2,II,QG3477
12889782,12890429,2,II,QG3477
810864,1004584,2,II,QG3479
3474779,3475211,2,II,QG3479
13153806,13190280,2,II,QG3479
10185148,10190491,2,II,QG3480
1458567,1458585,2,II,QG3481
1893250,1895338,2,II,QG3481
3816135,3886754,2,II,QG3481
8682669,8682669,2,II,QG3481
13293677,13312423,2,II,QG3481
1486214,1570451,2,II,QG3483
1973085,2011694,2,II,QG3483
11665966,12849899,2,II,QG3483
13153806,13190280,2,II,QG3483
1833597,4948917,2,II,QG3485
12291461,12295941,2,II,QG3485
1870466,1870466,2,II,QG3488
11731554,11731554,2,II,QG3488
1485080,1485262,2,II,QG3489
4949252,10161390,2,II,QG3489
12244326,12258280,2,II,QG3489
13082186,13082685,2,II,QG3489
4526683,4536201,2,II,QG3491
11343879,11344330,2,II,QG3491
11618060,11719604,2,II,QG3491
1253215,1295556,2,II,QG3492
1571352,1605006,2,II,QG3492
3891069,3891105,2,II,QG3492
12412626,12413164,2,II,QG3492
1458506,1458506,2,II,QG3493
1645464,1651941,2,II,QG3493
3416697,3447057,2,II,QG3494
1799720,1802377,2,II,QG3495
9840242,9840242,2,II,QG3495
12831874,12831874,2,II,QG3495
13070209,13070466,2,II,QG3495
798279,804780,2,II,QG3499
1031146,1031419,2,II,QG3499
11454236,11454236,2,II,QG3499
12458926,12458959,2,II,QG3499
751416,753689,2,II,QG3500
1098678,1099249,2,II,QG3500
1425465,1425465,2,II,QG3500
2099339,2099427,2,II,QG3500
2210306,2224458,1,II,QG3500
10806768,10860570,1,II,QG3500
11228805,11234729,1,II,QG3500
11618060,11719604,1,II,QG3500
12093422,12108604,1,II,QG3500
12461825,12462337,2,II,QG3500
1455923,1455957,2,II,QG3502
1833597,4948917,2,II,QG3502
11814753,11910668,2,II,QG3502
1643616,1645192,2,II,QG3506
3786148,3815944,2,II,QG3506
11112116,11174372,2,II,QG3506
12682489,12688564,2,II,QG3506
819344,819369,2,II,QG3507
1090202,1090202,2,II,QG3507
1589564,1595421,2,II,QG3507
2278048,2278074,2,II,QG3507
12121534,12121534,2,II,QG3507
12362575,12368699,2,II,QG3507
12520962,12521226,2,II,QG3507
12604402,12707223,2,II,QG3507
13153806,13232347,2,II,QG3507
827399,827474,2,II,QG3508
984168,984168,2,II,QG3508
2326527,2399540,2,II,QG3508
11484394,11484394,2,II,QG3508
12486171,12486203,2,II,QG3508
810864,1004584,2,II,QG3509
1065859,1066195,2,II,QG3509
11665966,12849899,2,II,QG3509
13250601,13254107,2,II,QG3509
3816135,3886754,2,II,QG3510
786217,804521,2,II,QG3511
12278197,12283559,2,II,QG3511
12393573,12394041,2,II,QG3511
9415140,9559938,2,III,QG3086
9686465,9686506,2,III,QG3086
10943794,10943794,2,III,QG3086
11463158,11463158,2,III,QG3086
11544202,11572011,2,III,QG3086
11803562,11806028,2,III,QG3086
11841294,11844365,2,III,QG3086
11906689,11908235,2,III,QG3086
1201530,1201543,2,III,QG3087
1642552,1651025,2,III,QG3087
9987886,10000729,2,III,QG3087
10688891,10702336,2,III,QG3087
11594618,11594618,2,III,QG3087
11741973,11806028,2,III,QG3087
382007,4519691,2,III,QG3089
8555606,8818844,2,III,QG3089
9217667,9217667,2,III,QG3089
9439245,9448931,2,III,QG3089
10675301,10919843,2,III,QG3089
11544202,11572571,2,III,QG3089
1540863,1540863,2,III,QG3090
1570515,1582220,2,III,QG3090
10265154,10265740,2,III,QG3090
1237307,2044911,2,III,QG3091
10943794,10943794,2,III,QG3091
1237307,2044911,1,III,QG3092
9987886,10000729,2,III,QG3092
10963916,10963916,2,III,QG3092
11741973,11806028,2,III,QG3092
11803562,11817813,2,III,QG3092
382007,10145373,2,III,QG3093
10088777,10157662,2,III,QG3093
11074416,11087320,2,III,QG3093
11708404,11722511,2,III,QG3093
1237420,2044880,2,III,QG3094
10943794,10943794,2,III,QG3094
11544202,11572011,2,III,QG3094
547291,547337,2,III,QG3095
3370723,3371464,2,III,QG3095
10088992,10157662,2,III,QG3095
10943794,10943794,2,III,QG3095
10993759,11047112,2,III,QG3095
11067848,11070341,2,III,QG3095
11173351,11215998,2,III,QG3095
2038817,2044911,2,III,QG3096
9693298,9700459,2,III,QG3096
9922583,9941399,2,III,QG3096
11708404,11722112,2,III,QG3096
11788589,11789214,2,III,QG3096
831924,873340,2,III,QG3097
9869494,10474851,2,III,QG3097
11634113,11634382,2,III,QG3097
381816,4519691,2,III,QG3100
9987824,10000729,2,III,QG3100
166123,166136,2,III,QG3101
9948074,10000729,2,III,QG3101
1640427,1640451,2,III,QG3102
10675301,10919843,2,III,QG3102
11034775,11038327,2,III,QG3102
11944141,11944577,2,III,QG3102
8870317,8886780,2,III,QG3103
10157989,10254371,2,III,QG3103
10542001,10973375,2,III,QG3103
11908551,11915076,2,III,QG3103
790469,790469,1,III,QG3104
794188,794188,1,III,QG3104
4519757,10145382,2,III,QG3104
10629232,10633619,2,III,QG3104
11462968,11528637,2,III,QG3104
11803562,11817813,2,III,QG3104
9922583,9941037,2,III,QG3105
11034775,11038887,2,III,QG3105
11302647,11348072,2,III,QG3105
8819398,8871125,2,III,QG3106
11265853,11266260,1,III,QG3106
11517778,11539151,1,III,QG3106
11740150,11805931,2,III,QG3106
9922583,9941087,2,III,QG3107
10688891,10702336,2,III,QG3107
381816,10145247,2,III,QG3109
11741451,11805940,2,III,QG3109
1239312,2044490,2,III,QG3110
9922430,9941069,2,III,QG3110
10088777,10145382,2,III,QG3110
10574168,10603261,2,III,QG3110
11707585,11708405,2,III,QG3110
9911629,10466319,2,III,QG3111
10542001,10973375,2,III,QG3111
11292203,11292486,2,III,QG3111
11462968,11528642,2,III,QG3111
11740135,11805898,2,III,QG3111
851918,878232,2,III,QG3112
1587527,1587668,2,III,QG3112
12047930,12056614,2,III,QG3112
4519757,10145382,2,III,QG3113
10675301,10919843,2,III,QG3114
1617210,1617325,2,III,QG3115
10542681,10962080,2,III,QG3115
442575,456404,2,III,QG3116
9176385,9182869,2,III,QG3116
9597203,9597206,2,III,QG3116
9948074,9948074,2,III,QG3116
10993759,11047112,2,III,QG3116
11708404,11749475,2,III,QG3116
1237307,2044911,2,III,QG3117
4519757,10145382,2,III,QG3117
10878813,10890607,2,III,QG3117
1865122,1866264,2,III,QG3118
9928326,9947062,2,III,QG3118
852553,880434,2,III,QG3119
10920653,10947430,2,III,QG3119
1562552,1566519,2,III,QG3120
2085071,2092571,2,III,QG3120
8713328,8869502,2,III,QG3120
9911629,10145382,2,III,QG3120
10541766,10973375,2,III,QG3120
11759821,11760122,2,III,QG3120
382007,4519691,2,III,QG3121
9869494,10145382,2,III,QG3121
11264007,11281515,2,III,QG3121
11741973,11749475,2,III,QG3121
1685226,1685429,2,III,QG3122
2720022,2747832,2,III,QG3122
11123231,11123362,2,III,QG3122
1557696,1557804,2,III,QG3123
2019303,2030992,2,III,QG3123
9869494,10474849,2,III,QG3123
11432475,11458898,2,III,QG3123
1237307,2044911,2,III,QG3124
2146169,2184164,2,III,QG3124
8483335,8818844,2,III,QG3124
9415140,9559938,2,III,QG3124
10895223,10895515,2,III,QG3124
11741973,11806028,2,III,QG3124
1526862,1526862,2,III,QG3125
10319435,10319435,2,III,QG3125
10963916,10963916,2,III,QG3125
11173351,11186115,2,III,QG3125
381694,4519691,2,III,QG3126
11100282,11100375,2,III,QG3126
11768172,11773307,2,III,QG3126
382007,4519691,2,III,QG3127
9188753,9214045,2,III,QG3127
10088992,10145382,2,III,QG3127
10688891,10702336,2,III,QG3127
11908551,11915076,2,III,QG3127
10675301,10919843,2,III,QG3128
9313447,9331130,2,III,QG3129
9948074,9948074,2,III,QG3129
10736506,10736506,2,III,QG3129
11450759,11462881,2,III,QG3129
1669602,1669602,2,III,QG3130
1837551,1837581,2,III,QG3130
10638205,10669852,2,III,QG3130
1738054,1738054,2,III,QG3132
8587204,8614264,2,III,QG3132
10157927,10254446,1,III,QG3132
382007,4519691,2,III,QG3134
9188753,9214045,2,III,QG3134
10675301,10919843,2,III,QG3134
10993759,11047112,2,III,QG3134
11137536,11137536,2,III,QG3134
11741973,11806028,2,III,QG3134
996127,996129,2,III,QG3135
10474819,10474851,2,III,QG3135
10504938,10520536,2,III,QG3135
10541766,10550730,2,III,QG3135
10957682,11028762,2,III,QG3135
11189554,11189596,2,III,QG3135
11572603,11573131,2,III,QG3135
9987886,10000729,2,III,QG3136
10541766,10973375,2,III,QG3136
11807196,11807196,2,III,QG3136
10675301,10919843,2,III,QG3137
10993759,11047112,2,III,QG3137
11411178,11427240,2,III,QG3137
9869494,10145382,2,III,QG3138
11944141,11945594,2,III,QG3138
1237307,2044911,2,III,QG3139
11637653,11658587,2,III,QG3139
382007,4519691,2,III,QG3141
7914624,8886780,2,III,QG3141
8870600,8955595,2,III,QG3141
9439245,9448931,2,III,QG3141
10541766,10973375,2,III,QG3141
11016560,11016564,2,III,QG3141
4519757,10145382,2,III,QG3142
11158249,11158249,2,III,QG3142
11212448,11213004,2,III,QG3142
10574168,10622402,2,III,QG3143
11045676,11045685,2,III,QG3143
11576864,11624198,2,III,QG3143
11789214,11930804,2,III,QG3143
818689,897123,2,III,QG3144
1237307,1270300,2,III,QG3144
1987821,1987838,2,III,QG3144
3488723,3590889,2,III,QG3144
4519757,10145382,2,III,QG3144
10948242,10955269,2,III,QG3144
382007,4519691,2,III,QG3145
8862967,8862967,2,III,QG3145
9222997,9238293,1,III,QG3145
9737534,9806435,1,III,QG3145
9892058,9892232,1,III,QG3145
9987886,10000729,1,III,QG3145
10096033,10150516,1,III,QG3145
10196973,10234027,1,III,QG3145
10570199,10570199,2,III,QG3145
972170,972240,2,III,QG3146
1746587,1746587,2,III,QG3146
10220971,10220971,2,III,QG3146
11173351,11215998,2,III,QG3146
11219151,11219628,2,III,QG3146
11655098,11655605,2,III,QG3146
11677295,11679654,2,III,QG3146
11696693,11697157,2,III,QG3146
12056659,12091252,2,III,QG3146
10629259,10783299,2,III,QG3147
11705664,11705680,2,III,QG3147
279385,279385,2,III,QG3148
1451851,1485308,2,III,QG3148
11440837,11484214,2,III,QG3148
11236650,11252062,2,III,QG3149
12218549,12229441,2,III,QG3149
9238433,9287297,2,III,QG3150
9442469,9631320,2,III,QG3150
10813037,10813064,2,III,QG3150
1863866,1863950,2,III,QG3151
1913651,1913651,2,III,QG3151
9344299,9358606,2,III,QG3151
9448940,9448940,2,III,QG3151
382007,500640,2,III,QG3152
1444926,1449306,2,III,QG3152
9368917,9414870,2,III,QG3152
1724838,1730450,2,III,QG3153
7637122,7637122,2,III,QG3153
10466304,10474851,2,III,QG3153
10504938,10520536,2,III,QG3153
10541766,10550730,2,III,QG3153
11018194,11018194,2,III,QG3153
11173351,11215998,2,III,QG3153
11933528,11938903,2,III,QG3153
382007,4519691,2,III,QG3154
10256706,10256742,2,III,QG3154
10878813,10973375,2,III,QG3154
11092267,11191541,2,III,QG3154
11727429,11727429,2,III,QG3154
11809183,11826199,2,III,QG3154
4736162,4736171,2,III,QG3155
8818934,8871226,2,III,QG3155
10878813,10973375,2,III,QG3155
11091270,11121451,2,III,QG3155
732826,768117,2,III,QG3156
1588158,1592729,2,III,QG3156
2095208,2128160,2,III,QG3156
11749475,11749475,2,III,QG3156
8591471,8619497,2,III,QG3157
9245531,9312828,2,III,QG3157
9442469,9631320,2,III,QG3157
10820558,10820558,2,III,QG3157
11789214,11930804,2,III,QG3157
932729,932729,2,III,QG3158
1859114,1859299,2,III,QG3158
10084078,10084408,2,III,QG3158
10319435,10320135,2,III,QG3158
11402854,11413425,2,III,QG3158
1045026,1045119,2,III,QG3159
1933698,1940392,2,III,QG3159
382007,4519691,2,III,QG3160
9813786,9813935,2,III,QG3160
9987785,9987824,2,III,QG3160
3396470,6780955,1,III,QG3161
4519757,10145382,2,III,QG3161
10920653,10947430,2,III,QG3161
4519757,10145382,2,III,QG3162
11080321,11080321,2,III,QG3162
1735772,1736371,2,III,QG3163
1893700,1893731,2,III,QG3163
11775434,11776856,2,III,QG3163
7485179,7519880,1,III,QG3164
9987886,10064190,1,III,QG3164
10541766,10543061,1,III,QG3164
959209,959209,2,III,QG3166
1084550,1086394,2,III,QG3166
1793277,1794064,2,III,QG3166
9987785,10000729,2,III,QG3166
10325731,10325731,2,III,QG3166
11074416,11087320,2,III,QG3166
11646038,11652296,1,III,QG3166
11707011,11707187,1,III,QG3166
1885199,1890018,2,III,QG3167
9176385,9182869,2,III,QG3167
9325405,9325449,2,III,QG3167
382007,4519691,2,III,QG3168
9442469,9631320,2,III,QG3168
10895515,10895515,2,III,QG3168
9442469,9631320,2,III,QG3169
818689,897123,2,III,QG3170
1237307,1270300,2,III,QG3170
1447297,1447297,2,III,QG3170
1854991,1855014,2,III,QG3170
9948074,9948074,2,III,QG3170
10606196,10608705,2,III,QG3170
1403864,1403864,2,III,QG3171
9004994,9005192,2,III,QG3171
10993759,11000574,2,III,QG3171
12076215,12076215,2,III,QG3171
1642552,1685429,2,III,QG3172
9412490,9412490,2,III,QG3172
11576864,11624198,2,III,QG3172
1005434,1036597,2,III,QG3173
9987886,10000729,2,III,QG3173
11087232,11092019,2,III,QG3173
4807635,4808867,2,III,QG3174
10466304,10474851,2,III,QG3174
10491241,10491330,2,III,QG3174
10541766,10550730,2,III,QG3174
10574168,10622402,2,III,QG3174
1749624,1776731,2,III,QG3175
4519757,10145382,2,III,QG3175
11517778,11528642,2,III,QG3175
1588158,1592729,2,III,QG3176
11092267,11121451,2,III,QG3176
11713876,11718888,2,III,QG3176
10878813,10973375,2,III,QG3177
11539151,11658587,2,III,QG3177
382007,4519691,2,III,QG3178
6294431,6294431,2,III,QG3178
10950777,10950777,2,III,QG3178
10993759,11000574,2,III,QG3178
382007,4519691,2,III,QG3179
4519757,10145382,2,III,QG3179
10574168,10622402,2,III,QG3179
11576864,11624198,2,III,QG3179
12047930,12056659,2,III,QG3179
1339306,1339306,2,III,QG3180
2017457,2017457,2,III,QG3180
11567645,11567660,2,III,QG3180
1145563,1160415,2,III,QG3181
9850220,9850304,2,III,QG3181
10920653,10947430,2,III,QG3181
11708404,11722112,2,III,QG3181
1698484,1702207,2,III,QG3182
12070061,12091252,2,III,QG3182
1237307,1270300,2,III,QG3183
1486187,1486187,2,III,QG3183
1767659,1767659,2,III,QG3183
9368917,9414870,2,III,QG3183
11173351,11215998,2,III,QG3183
1356147,1356836,2,III,QG3185
10735240,10766332,2,III,QG3185
10878813,10973375,2,III,QG3185
11299794,11359691,2,III,QG3185
11655098,11655605,2,III,QG3185
11687303,11687413,2,III,QG3185
11696693,11697157,2,III,QG3185
11173351,11186115,2,III,QG3186
11197417,11215998,2,III,QG3186
4519757,10145382,2,III,QG3187
10629259,10783299,2,III,QG3187
10957682,10973375,2,III,QG3187
11817867,11906788,2,III,QG3187
2748104,2798087,2,III,QG3188
9137398,9142531,2,III,QG3188
11431274,11439526,2,III,QG3188
11789214,11930804,2,III,QG3188
9987785,9987824,2,III,QG3192
11299794,11359691,2,III,QG3192
382007,4519691,2,III,QG3193
10076197,10076247,2,III,QG3193
10534549,10604307,2,III,QG3193
11173351,11191541,2,III,QG3193
1270477,1380477,2,III,QG3194
11539151,11658587,2,III,QG3194
10157927,10202177,2,III,QG3196
10895223,10895515,2,III,QG3196
817112,817115,2,III,QG3197
8637464,8637482,2,III,QG3197
9245531,9287297,2,III,QG3197
11197417,11220699,2,III,QG3197
9987886,10000729,2,III,QG3198
10920073,10921294,2,III,QG3198
11661264,11662263,2,III,QG3198
253657,254015,2,III,QG3199
2601791,2601791,2,III,QG3199
9222997,9238293,2,III,QG3199
9946342,9947529,2,III,QG3199
382007,4519691,2,III,QG3200
10868451,10868451,2,III,QG3201
11789214,11930804,2,III,QG3201
10878813,10973375,2,III,QG3202
11676282,11677013,2,III,QG3202
382007,4519691,2,III,QG3203
9442469,9631320,2,III,QG3203
9987886,10000729,2,III,QG3203
11612420,11612420,2,III,QG3203
11741973,11806028,2,III,QG3203
11173351,11215998,2,III,QG3205
11462968,11528642,2,III,QG3205
10287513,10287513,2,III,QG3206
11432475,11458898,2,III,QG3206
11450759,11462881,2,III,QG3206
11697147,11700495,2,III,QG3206
382007,4519691,2,III,QG3207
4519757,10145382,2,III,QG3207
10920653,10947430,2,III,QG3207
882372,882494,2,III,QG3208
11034775,11038887,2,III,QG3208
11217327,11218354,2,III,QG3208
11803562,11817813,2,III,QG3208
11841294,11844683,2,III,QG3208
9415140,9559938,2,III,QG3209
9911629,10474851,2,III,QG3209
11610333,11610333,2,III,QG3209
11741973,11806028,2,III,QG3209
9415140,9559938,2,III,QG3211
1224373,1224373,2,III,QG3212
1950368,1954803,2,III,QG3212
2095208,2098245,2,III,QG3212
3864439,3900509,2,III,QG3212
9907633,9907673,2,III,QG3212
10157927,10254446,2,III,QG3212
10993759,11047112,2,III,QG3212
11708404,11749475,2,III,QG3212
11803562,11806028,2,III,QG3212
1237307,2044911,2,III,QG3213
8713328,8869502,2,III,QG3213
9948074,9948074,2,III,QG3213
11562981,11563083,2,III,QG3213
1237307,2044911,2,III,QG3214
10541766,10973375,2,III,QG3214
12188566,12188582,2,III,QG3214
1886966,1887016,2,III,QG3215
10157927,10254446,2,III,QG3215
11544202,11572011,2,III,QG3215
1485757,1486178,2,III,QG3217
9922583,9941399,2,III,QG3217
10993759,11047112,2,III,QG3217
11462968,11528642,2,III,QG3217
1343658,1343658,1,III,QG3219
8530804,8544652,1,III,QG3219
9439245,9448931,2,III,QG3219
10319647,10319794,2,III,QG3219
10675301,10919843,2,III,QG3219
11706894,11722112,2,III,QG3219
11197417,11215998,2,III,QG3220
1184359,1184482,2,III,QG3221
4519757,10145382,2,III,QG3221
11666043,11666079,2,III,QG3221
11906689,11906788,2,III,QG3221
382007,4519691,2,III,QG3222
10957682,11028762,2,III,QG3222
1256026,1256026,2,III,QG3223
1570515,1582220,2,III,QG3223
10957682,11028762,2,III,QG3223
11193076,11195121,2,III,QG3223
11427095,11428631,2,III,QG3223
8713328,8869502,2,III,QG3224
10088992,10157662,2,III,QG3224
10920653,10947430,2,III,QG3224
11741973,11749475,2,III,QG3224
11768172,11772372,2,III,QG3224
1237307,2044911,2,III,QG3225
10449799,10449799,2,III,QG3225
10943794,10943794,2,III,QG3225
711883,711990,2,III,QG3226
11135672,11136793,2,III,QG3226
11517778,11539151,2,III,QG3226
382007,4519691,2,III,QG3227
4519757,10145382,2,III,QG3227
11137943,11152600,2,III,QG3227
2608229,2608229,2,III,QG3230
10957682,11028762,2,III,QG3230
12011193,12011196,2,III,QG3230
883941,897123,2,III,QG3231
4519757,10145382,2,III,QG3231
9911629,10474851,2,III,QG3231
11170549,11170549,2,III,QG3231
11741973,11806028,2,III,QG3231
1819260,1819260,2,III,QG3232
9987886,10000729,2,III,QG3232
11173351,11215998,2,III,QG3232
1237307,2044911,2,III,QG3233
9911629,10474851,2,III,QG3233
382007,4519691,2,III,QG3234
8555606,8818844,2,III,QG3234
10785321,10791339,1,III,QG3234
10895223,10895515,1,III,QG3234
11544202,11572011,2,III,QG3234
11594617,11630829,2,III,QG3234
435504,435519,2,III,QG3235
1237307,2044911,2,III,QG3235
4074046,4074046,2,III,QG3235
10993759,11047112,2,III,QG3235
11906689,11906788,2,III,QG3235
382007,4519691,2,III,QG3236
8555606,8818844,2,III,QG3236
11594617,11630829,2,III,QG3236
1006441,1006441,2,III,QG3237
1237307,2044911,2,III,QG3237
4519757,10145382,2,III,QG3237
11173351,11215998,2,III,QG3237
12177632,12179236,2,III,QG3237
851918,880434,2,III,QG3238
1237307,2044911,2,III,QG3239
10541766,10973375,2,III,QG3239
10957682,11028762,2,III,QG3239
11173351,11215998,2,III,QG3239
382007,4519691,2,III,QG3240
9911629,10474851,2,III,QG3240
10541766,10973375,2,III,QG3240
1485757,1486178,2,III,QG3241
3904118,3928193,2,III,QG3241
9737666,9744427,2,III,QG3241
11092267,11092278,1,III,QG3241
11242462,11243420,1,III,QG3241
11768172,11772372,2,III,QG3241
9521710,9533998,2,III,QG3243
10074244,10074248,2,III,QG3243
10895223,10895515,2,III,QG3243
11471269,11475097,2,III,QG3243
2781576,2781707,2,III,QG3244
11778796,11789214,2,III,QG3244
382007,4519691,2,III,QG3245
10257353,10262369,1,III,QG3245
10675301,10919843,1,III,QG3245
11775434,11776856,2,III,QG3245
1014348,1014400,2,III,QG3246
9869494,9911602,2,III,QG3246
11644783,11644805,2,III,QG3246
11796907,11796907,2,III,QG3246
9911629,10145382,2,III,QG3248
10088992,10157662,2,III,QG3248
10675301,10919843,2,III,QG3248
11973174,11973463,2,III,QG3248
9911629,10474851,2,III,QG3249
10675301,10919843,2,III,QG3249
11411178,11427304,2,III,QG3249
9052067,9053114,2,III,QG3250
9368917,9368917,2,III,QG3250
10943794,10943794,2,III,QG3250
1237307,2044911,2,III,QG3251
8555606,8818844,1,III,QG3251
9911629,10474851,1,III,QG3251
10675301,10919843,2,III,QG3251
11795883,11796290,2,III,QG3251
1237307,2044911,2,III,QG3252
1237307,2044911,2,III,QG3254
9911629,10474851,2,III,QG3254
10895223,10895515,2,III,QG3254
10943794,10943794,2,III,QG3254
10541766,10973375,2,III,QG3255
11594617,11630829,2,III,QG3255
1562874,1566519,2,III,QG3256
9987886,10000729,2,III,QG3256
10957682,10973375,2,III,QG3256
11594617,11630829,2,III,QG3256
11362692,11365286,2,III,QG3257
11908551,11915076,2,III,QG3257
10234112,10246691,2,III,QG3258
3760550,3761106,1,III,QG3261
10675301,10919843,2,III,QG3261
10895223,10895515,2,III,QG3262
11803562,11817813,2,III,QG3262
1237307,2044911,2,III,QG3263
4519757,10145382,2,III,QG3263
11517778,11632982,2,III,QG3263
11977254,11977334,2,III,QG3263
1842079,1842079,2,III,QG3264
11758215,11758360,2,III,QG3264
11796907,11796907,2,III,QG3264
382007,4519691,2,III,QG3265
4519757,10145382,2,III,QG3265
10920653,10947430,2,III,QG3265
12014477,12014477,2,III,QG3265
9573552,9573552,2,III,QG3266
9987886,10000729,2,III,QG3266
11047105,11080944,2,III,QG3266
11544202,11572011,2,III,QG3266
11841294,11844365,2,III,QG3266
4519757,10145382,2,III,QG3267
10957682,11028762,2,III,QG3267
1610804,1610860,2,III,QG3268
9338165,9338301,2,III,QG3268
9442469,9631320,2,III,QG3268
9987886,10000729,2,III,QG3268
1510770,1516583,2,III,QG3269
4023349,4053101,2,III,QG3269
4519757,10145382,2,III,QG3269
10957682,11028762,2,III,QG3269
11165192,11186115,2,III,QG3269
11539151,11658587,2,III,QG3269
817112,831924,2,III,QG3270
10957682,11028762,2,III,QG3270
11807196,11807196,2,III,QG3270
817112,831924,2,III,QG3271
4462083,4462147,2,III,QG3271
8753384,8818844,2,III,QG3271
11707419,11707430,2,III,QG3271
817112,817115,1,III,QG3272
1933698,1940392,2,III,QG3272
10629259,10783299,2,III,QG3272
10835961,10857736,2,III,QG3272
10957682,11028762,2,III,QG3273
11741973,11806028,2,III,QG3273
11826221,11837249,2,III,QG3273
11857789,11857933,2,III,QG3273
4519757,10145382,2,III,QG3274
11137943,11155373,2,III,QG3274
11275012,11295335,2,III,QG3274
11365286,11385755,2,III,QG3274
11407594,11407631,2,III,QG3274
11411178,11413425,2,III,QG3274
732826,768117,2,III,QG3275
1354322,1354322,2,III,QG3275
9737534,9793651,2,III,QG3275
9948074,9948074,2,III,QG3275
10338516,10338516,2,III,QG3275
12033798,12033909,1,III,QG3275
8522141,8522141,2,III,QG3276
9448940,9448940,2,III,QG3276
10134433,10134433,2,III,QG3276
1688601,1688601,2,III,QG3277
382007,4519691,2,III,QG3278
10920653,10947430,2,III,QG3278
1005434,1036597,2,III,QG3280
10446889,10466319,2,III,QG3280
10493462,10504947,2,III,QG3280
10520536,10543061,2,III,QG3280
10534549,10604307,2,III,QG3280
11034775,11036256,2,III,QG3280
11809183,11826199,2,III,QG3280
382007,4519691,1,III,QG3281
9737534,9793651,2,III,QG3281
1820247,1820484,2,III,QG3282
4519757,10145382,2,III,QG3282
11079034,11079103,2,III,QG3282
1522535,1533567,2,III,QG3283
10780988,10780988,2,III,QG3283
8500803,8577870,2,III,QG3284
11440837,11462881,2,III,QG3284
11809183,11825887,2,III,QG3284
12047930,12069532,2,III,QG3284
9928216,9928216,2,III,QG3285
11092267,11190175,2,III,QG3285
1678533,1679275,2,III,QG3288
9448940,9448940,2,III,QG3288
10466490,10474831,2,III,QG3288
10507084,10507084,2,III,QG3288
10534549,10543061,2,III,QG3288
11573679,11574196,2,III,QG3288
9987785,10000729,2,III,QG3289
10466304,10474851,2,III,QG3289
10521420,10521733,2,III,QG3289
10541766,10550730,2,III,QG3289
10895223,10895515,2,III,QG3289
1631091,1640104,2,III,QG3290
1749624,1776731,2,III,QG3290
8753384,8818844,2,III,QG3290
9896187,9896189,2,III,QG3290
10629259,10783299,2,III,QG3290
382007,4519691,2,III,QG3294
10957682,11028762,2,III,QG3294
11100282,11110244,2,III,QG3294
11809183,11826199,2,III,QG3294
732826,768117,2,III,QG3295
9442469,9631320,2,III,QG3295
11197417,11215998,2,III,QG3295
11708404,11722112,2,III,QG3295
1642552,1685429,2,III,QG3296
1841453,1841459,2,III,QG3296
10910109,10913040,2,III,QG3296
11809183,11826199,2,III,QG3296
11829820,11829866,2,III,QG3296
11857789,11857933,2,III,QG3296
9442469,9631320,2,III,QG3297
9987785,10000729,2,III,QG3297
10306665,10306752,2,III,QG3297
10862021,10890607,2,III,QG3297
11680621,11730467,2,III,QG3297
1642552,1685429,2,III,QG3298
9941472,9941472,2,III,QG3298
10096033,10150516,2,III,QG3298
11092267,11191541,2,III,QG3298
10688891,10702336,2,III,QG3300
10816889,10831239,1,III,QG3300
10831731,10861358,1,III,QG3300
10878746,10878747,1,III,QG3300
10957682,11028762,1,III,QG3300
11722789,11722887,1,III,QG3300
1764993,1764993,2,III,QG3301
9737534,9793651,2,III,QG3301
11517778,11539151,2,III,QG3301
818689,897123,2,III,QG3302
1574109,1574109,2,III,QG3302
1875521,1875521,2,III,QG3302
10043403,10064190,2,III,QG3302
11044864,11044867,2,III,QG3302
382007,4519691,2,III,QG3304
11771854,11771854,2,III,QG3304
1863655,1863681,2,III,QG3305
2025649,2025649,2,III,QG3305
9245531,9312828,2,III,QG3305
9946342,9947529,2,III,QG3305
11576864,11624198,2,III,QG3305
4519757,10145382,2,III,QG3306
10534549,10604307,2,III,QG3306
1474411,1474411,1,III,QG3307
1642552,1685429,1,III,QG3307
11603900,11603900,2,III,QG3307
11725060,11726098,2,III,QG3307
880395,880434,2,III,QG3308
9188753,9214045,2,III,QG3308
9415140,9424358,2,III,QG3308
9442469,9631320,2,III,QG3308
11652824,11654067,2,III,QG3308
382007,4519691,2,III,QG3309
9737534,9793651,2,III,QG3309
9825634,9846192,2,III,QG3309
10878813,10890607,2,III,QG3309
1716489,1723872,2,III,QG3310
9648359,9691347,2,III,QG3310
9825611,9825634,1,III,QG3310
9924341,9941399,1,III,QG3310
10196973,10234027,1,III,QG3310
11709439,11709563,2,III,QG3310
382007,4519691,2,III,QG3312
10446889,10466319,2,III,QG3312
10973378,10973378,2,III,QG3312
11488493,11488723,2,III,QG3312
11707419,11707430,1,III,QG3312
910106,910786,2,III,QG3314
8753384,8818844,2,III,QG3314
9737534,9793651,2,III,QG3314
10088992,10095839,2,III,QG3314
11155455,11165117,2,III,QG3314
9222997,9238293,2,III,QG3316
9869455,9872127,2,III,QG3316
10629259,10783299,2,III,QG3316
10878813,10973375,2,III,QG3316
10957682,11028762,2,III,QG3316
11696693,11697157,2,III,QG3316
1594424,1594941,2,III,QG3317
1642552,1685429,2,III,QG3319
10895515,10913040,2,III,QG3319
10963916,10963916,2,III,QG3319
11092267,11191541,2,III,QG3319
4519757,10145448,2,III,QG3320
10688891,10702336,2,III,QG3320
11173351,11215998,2,III,QG3320
11231703,11231703,2,III,QG3320
1237307,2044911,2,III,QG3321
9629366,9629404,2,III,QG3321
11625532,11629424,2,III,QG3321
1561399,1578445,2,III,QG3322
11775161,11778796,2,III,QG3322
382007,4519691,2,III,QG3324
8555606,8818844,2,III,QG3324
9312726,9312726,1,III,QG3324
9313447,9331130,1,III,QG3324
9987886,10000729,2,III,QG3324
1738054,1738054,2,III,QG3327
9439245,9448931,2,III,QG3327
10957682,11028762,2,III,QG3327
11550041,11550041,2,III,QG3327
1237307,2044911,2,III,QG3331
11155455,11165117,2,III,QG3331
11173351,11215998,2,III,QG3333
11450759,11458898,2,III,QG3333
10318339,10318869,2,III,QG3334
1570515,1582220,2,III,QG3335
9948074,9948074,2,III,QG3335
11809183,11849247,2,III,QG3335
4519757,10145382,2,III,QG3336
11170549,11170549,2,III,QG3336
11608700,11608700,2,III,QG3336
1184359,1184482,2,III,QG3337
10063284,10145382,1,III,QG3337
11091166,11091166,1,III,QG3337
851918,880434,2,III,QG3342
1237307,2044911,2,III,QG3342
10833362,10833362,2,III,QG3342
1301239,1301239,2,III,QG3344
10938250,10938250,2,III,QG3344
1485757,1486178,2,III,QG3346
3904118,3928193,2,III,QG3346
9737666,9744580,2,III,QG3346
11010832,11011044,2,III,QG3346
11483525,11485404,1,III,QG3346
11528723,11572011,1,III,QG3346
11637653,11658587,2,III,QG3346
12121485,12123305,1,III,QG3346
831924,873340,2,III,QG3347
9908889,9908889,2,III,QG3347
1875521,1875521,2,III,QG3349
11092267,11191541,2,III,QG3349
11696693,11697157,2,III,QG3349
1126782,1126794,2,III,QG3351
1624986,1624986,2,III,QG3351
9176385,9182869,2,III,QG3351
10629259,10783299,2,III,QG3351
11411178,11413425,2,III,QG3351
11640511,11640604,2,III,QG3351
12056659,12056659,2,III,QG3351
1270477,1380477,2,III,QG3352
1451851,1485308,2,III,QG3352
9245531,9312828,2,III,QG3352
10878877,10973375,2,III,QG3352
11723999,11724263,2,III,QG3352
382007,4519691,2,III,QG3354
4519757,10145382,2,III,QG3354
10817299,10827450,2,III,QG3354
12029033,12029369,2,III,QG3354
12236068,12237314,2,III,QG3354
322440,322473,2,III,QG3355
1588158,1592729,2,III,QG3355
9368917,9414870,2,III,QG3355
10157927,10202177,2,III,QG3355
11319401,11359691,2,III,QG3355
1203630,1230932,2,III,QG3357
10328171,10339483,2,III,QG3357
11236650,11252062,2,III,QG3357
11468277,11470755,2,III,QG3357
4519757,10145382,2,III,QG3358
817115,818689,2,III,QG3362
1983790,1983790,2,III,QG3362
9442469,9631320,2,III,QG3362
11539151,11658587,2,III,QG3362
382007,4519691,2,III,QG3363
9648359,9691347,2,III,QG3363
10735240,10756270,1,III,QG3363
10766689,10767820,1,III,QG3363
11236650,11252062,2,III,QG3363
11528723,11528723,2,III,QG3363
11707419,11707430,2,III,QG3363
10878813,10973375,2,III,QG3364
11152694,11152694,2,III,QG3364
11173351,11215998,2,III,QG3364
9606263,9606292,2,III,QG3366
10096033,10150516,2,III,QG3366
10446889,10466319,1,III,QG3366
10943794,10943794,1,III,QG3366
11074416,11087320,2,III,QG3366
11091270,11121451,2,III,QG3366
11236891,11236897,2,III,QG3366
11807196,11807196,2,III,QG3366
9192958,9193023,2,III,QG3367
10878813,10973375,2,III,QG3367
11510976,11528723,2,III,QG3367
11741973,11756150,2,III,QG3367
4519757,10145382,2,III,QG3371
2075302,2077347,2,III,QG3372
9924341,9941399,2,III,QG3372
10157927,10202177,2,III,QG3372
11173351,11215998,2,III,QG3372
2011537,2015252,2,III,QG3373
11299794,11359691,2,III,QG3373
11927022,11927022,2,III,QG3373
9448940,9448940,2,III,QG3374
10466490,10474831,2,III,QG3374
10493462,10504947,2,III,QG3374
10534549,10543061,2,III,QG3374
11725060,11726098,2,III,QG3374
11440837,11484214,2,III,QG3377
11857789,11857933,2,III,QG3377
1810697,1811722,2,III,QG3380
11462968,11528642,2,III,QG3380
4519757,10145382,2,III,QG3381
9911629,10474851,2,III,QG3381
10943794,10943794,2,III,QG3381
10993759,11047112,2,III,QG3381
1237307,2044911,1,III,QG3383
624094,624308,2,III,QG3385
9439245,9448931,2,III,QG3385
9987886,10000729,2,III,QG3385
10750285,10750285,2,III,QG3385
11034775,11038887,2,III,QG3385
11252062,11252109,2,III,QG3385
11741973,11806028,2,III,QG3385
1237307,2044911,2,III,QG3387
4519757,10145382,2,III,QG3387
11067438,11067473,2,III,QG3387
1858455,1858639,2,III,QG3391
10541766,10973375,2,III,QG3391
11264717,11281515,2,III,QG3391
9415140,9559938,2,III,QG3392
9987886,10000729,2,III,QG3392
10688891,10702336,2,III,QG3392
1842079,1842079,2,III,QG3394
9597203,9597206,2,III,QG3394
9869494,9911602,2,III,QG3394
11594617,11630829,2,III,QG3394
11706894,11722112,2,III,QG3394
382007,4519691,2,III,QG3395
10920653,10947430,2,III,QG3395
382007,4519691,2,III,QG3396
4519757,10145382,2,III,QG3396
11462968,11528642,2,III,QG3396
11517778,11632982,2,III,QG3396
382007,4519691,2,III,QG3400
11527818,11527818,2,III,QG3400
2012007,2017457,1,III,QG3403
8713328,8869502,1,III,QG3403
11083307,11090855,2,III,QG3403
11544202,11572011,2,III,QG3403
11594617,11630829,2,III,QG3403
1525036,1525036,2,III,QG3404
1583920,1583920,2,III,QG3404
10541766,10973375,2,III,QG3404
4519757,10145382,2,III,QG3408
2038817,2044911,2,III,QG3409
382007,4519691,2,III,QG3410
10318284,10318284,2,III,QG3412
10534549,10604307,2,III,QG3412
10835961,10857736,2,III,QG3412
12137038,12137056,2,III,QG3412
1316877,1316877,2,III,QG3418
1624279,1624279,2,III,QG3418
1738054,1742482,2,III,QG3418
10835961,10857736,2,III,QG3418
11087232,11092019,2,III,QG3418
1642552,1685429,2,III,QG3421
8818934,8871226,2,III,QG3421
10084078,10084408,2,III,QG3421
11070347,11070347,2,III,QG3421
382007,4519691,2,III,QG3427
10606491,10606491,2,III,QG3427
10783154,10783154,2,III,QG3427
11789214,11930804,2,III,QG3427
9342900,9342900,2,III,QG3432
10957862,10957862,2,III,QG3432
11418031,11427304,2,III,QG3432
11680621,11730467,2,III,QG3432
4519757,10145382,2,III,QG3434
1862081,1862144,2,III,QG3437
9941472,9941472,2,III,QG3437
11544202,11549921,2,III,QG3437
1300812,1300812,2,III,QG3440
1708520,1710322,2,III,QG3440
9648359,9691347,2,III,QG3440
10255306,10326182,2,III,QG3440
4519757,10145382,2,III,QG3456
10688891,10702336,2,III,QG3456
11240395,11251812,2,III,QG3456
12174025,12196667,2,III,QG3456
1237307,2044911,2,III,QG3457
10957682,11028762,2,III,QG3457
11137943,11155373,2,III,QG3457
11741973,11806028,2,III,QG3457
11809183,11849247,2,III,QG3457
1284389,1284389,2,III,QG3458
2862726,2864158,2,III,QG3458
9415140,9559938,2,III,QG3458
10541766,10973375,2,III,QG3458
10993759,11047112,2,III,QG3458
11462968,11528642,2,III,QG3458
12044410,12047876,2,III,QG3458
1642552,1685429,2,III,QG3459
4519757,10145382,2,III,QG3459
11612420,11612420,2,III,QG3459
10767859,10778476,2,III,QG3460
382007,4519691,2,III,QG3463
8505895,8517342,2,III,QG3463
11807196,11807196,2,III,QG3463
10675301,10919843,2,III,QG3464
11252062,11252109,2,III,QG3464
1433832,1433841,2,III,QG3465
9987886,10000729,2,III,QG3465
10466304,10474851,2,III,QG3467
10504938,10520536,2,III,QG3467
10541766,10550730,2,III,QG3467
11630955,11630955,2,III,QG3467
11789214,11930804,2,III,QG3467
556624,556624,2,III,QG3468
1769037,1770144,2,III,QG3468
4519757,10145331,2,III,QG3468
11578396,11578396,2,III,QG3468
8566071,8570403,2,III,QG3469
9987886,10000729,2,III,QG3469
10629259,10633184,2,III,QG3469
382007,4519691,2,III,QG3470
4519757,10145382,2,III,QG3470
11137943,11155373,2,III,QG3470
4519757,10145382,2,III,QG3472
10541766,10973375,2,III,QG3472
11100396,11100396,2,III,QG3472
11708404,11722112,2,III,QG3472
12114550,12133334,2,III,QG3472
12262797,12364735,2,III,QG3472
1237307,2044911,2,III,QG3473
9253042,9287297,2,III,QG3473
10675301,10919843,2,III,QG3473
10541766,10973375,2,III,QG3474
11741973,11806028,2,III,QG3474
1565199,1565340,2,III,QG3477
2601791,2601791,2,III,QG3477
9987785,9987824,2,III,QG3477
10957682,10973375,2,III,QG3477
11074416,11087320,2,III,QG3477
11411178,11462881,2,III,QG3477
11857789,11857933,2,III,QG3477
1369558,1369668,2,III,QG3479
10973378,10973378,2,III,QG3479
11137943,11152600,2,III,QG3479
12011193,12011196,2,III,QG3480
897692,897708,2,III,QG3481
1485757,1486178,2,III,QG3481
8454707,8456815,2,III,QG3481
10088992,10157662,2,III,QG3481
11741973,11806028,2,III,QG3481
1237307,2044911,2,III,QG3483
9877843,9877902,2,III,QG3483
10675301,10919843,2,III,QG3483
11197417,11215998,2,III,QG3483
11795883,11796907,2,III,QG3483
1237307,2044911,2,III,QG3485
10541766,10973375,2,III,QG3485
382007,4519691,2,III,QG3488
9344299,9358606,2,III,QG3488
11461288,11462159,2,III,QG3488
10993759,11047112,2,III,QG3489
11517778,11632982,2,III,QG3489
11741973,11806028,2,III,QG3489
9238433,9287297,2,III,QG3491
10096033,10145382,2,III,QG3491
11092267,11121451,2,III,QG3491
11356709,11362330,2,III,QG3491
1198351,1203674,2,III,QG3492
1715685,1715685,2,III,QG3492
10688891,10702336,2,III,QG3492
11704194,11705039,2,III,QG3492
2095208,2128160,2,III,QG3493
10157927,10202177,2,III,QG3493
11755303,11758357,2,III,QG3493
4519757,10145382,2,III,QG3494
10786073,10797358,2,III,QG3495
11796907,11803562,2,III,QG3495
9403351,9405848,2,III,QG3499
10157927,10202177,2,III,QG3499
11539151,11658617,2,III,QG3499
1655129,1660337,2,III,QG3500
3763745,3779605,2,III,QG3500
9631398,9647281,2,III,QG3500
10895223,10895515,2,III,QG3500
11074416,11087320,2,III,QG3500
11789214,11930804,2,III,QG3500
1583920,1583920,2,III,QG3502
9439245,9448931,2,III,QG3502
10675301,10919843,2,III,QG3502
1642552,1651025,2,III,QG3506
4519757,10145382,2,III,QG3506
9911629,10474851,2,III,QG3506
10541766,10973375,2,III,QG3506
4519757,10145382,2,III,QG3507
11017765,11028762,2,III,QG3507
11092267,11121451,2,III,QG3507
11197417,11215998,2,III,QG3507
9445491,9631320,2,III,QG3508
10246920,10254386,2,III,QG3508
11630955,11630955,2,III,QG3508
11789214,11930770,2,III,QG3508
1685226,1685429,2,III,QG3509
2748104,2777699,2,III,QG3509
8546344,8563306,2,III,QG3509
10688891,10702336,2,III,QG3509
1570515,1582220,2,III,QG3510
9439245,9448931,2,III,QG3510
11100282,11110244,2,III,QG3510
9947062,9947062,2,III,QG3511
10892875,10892875,2,III,QG3511
11045495,11050532,2,III,QG3511
1539459,1571485,2,IV,QG3086
2305188,2306654,2,IV,QG3086
2853591,2854087,2,IV,QG3086
11362781,11363017,2,IV,QG3086
11476642,11483668,2,IV,QG3086
11668480,12310370,2,IV,QG3086
2156678,2156678,2,IV,QG3087
10956397,10990693,2,IV,QG3087
478401,478581,2,IV,QG3089
1596498,1691028,2,IV,QG3089
2160349,2233825,2,IV,QG3089
11668640,12310370,2,IV,QG3089
1163031,1182274,2,IV,QG3090
1203447,1259670,2,IV,QG3090
12485834,12500340,2,IV,QG3090
12616788,12627212,2,IV,QG3090
1393202,1393206,2,IV,QG3091
1539459,1571485,2,IV,QG3091
10926564,10965002,1,IV,QG3092
12393313,12429908,1,IV,QG3092
12480429,12481434,2,IV,QG3092
545962,1259670,2,IV,QG3093
2141684,2299103,2,IV,QG3093
12328791,12328791,2,IV,QG3093
551333,1203985,2,IV,QG3094
12322196,12331482,2,IV,QG3094
1522781,1522781,2,IV,QG3095
12274878,12274879,2,IV,QG3095
1203447,2008169,2,IV,QG3096
10564667,10588175,2,IV,QG3096
12485834,12500340,2,IV,QG3096
2696745,2697075,2,IV,QG3097
551333,1203985,2,IV,QG3100
1324889,1690447,2,IV,QG3100
1596728,2007759,1,IV,QG3100
2141684,2299103,1,IV,QG3100
11925545,12184621,2,IV,QG3100
12393313,12429908,2,IV,QG3100
1439462,1439876,2,IV,QG3101
10787481,10891853,2,IV,QG3101
1324889,1690284,2,IV,QG3102
12280472,12280472,2,IV,QG3102
12485834,12500351,2,IV,QG3102
545752,1259670,2,IV,QG3103
1324889,1690321,2,IV,QG3103
12393313,12437720,2,IV,QG3103
2396910,11628205,2,IV,QG3104
12322196,12578621,2,IV,QG3104
1202918,2007759,2,IV,QG3105
2160415,2233786,2,IV,QG3105
2396910,11627896,2,IV,QG3105
1596728,2443480,2,IV,QG3106
2596232,2600170,2,IV,QG3106
11971997,11971997,2,IV,QG3106
545752,1259670,2,IV,QG3107
1324889,1691594,2,IV,QG3107
2283892,2303215,2,IV,QG3107
10433688,10433688,2,IV,QG3107
1316715,1316715,2,IV,QG3109
11484431,11484431,2,IV,QG3109
11926014,12184609,2,IV,QG3109
1596728,2007556,2,IV,QG3110
11662110,12310151,2,IV,QG3110
1123140,1123140,2,IV,QG3111
1596756,1690487,2,IV,QG3111
3310718,3318506,2,IV,QG3111
10655476,10657715,2,IV,QG3111
12160364,12170904,2,IV,QG3111
12466652,12496624,2,IV,QG3111
1596728,2443477,2,IV,QG3112
11662110,12310364,2,IV,QG3112
1596558,2443465,2,IV,QG3113
12322196,12578671,2,IV,QG3113
271147,271147,2,IV,QG3114
717379,723875,2,IV,QG3114
2160374,2233825,2,IV,QG3114
10832418,10856860,1,IV,QG3114
12393092,12429908,1,IV,QG3114
551714,1203895,2,IV,QG3115
1203447,2007556,2,IV,QG3115
1596756,2443384,2,IV,QG3115
12857899,12921111,2,IV,QG3115
340717,340800,2,IV,QG3116
1596498,2438944,2,IV,QG3116
11621978,11622307,2,IV,QG3116
12485834,12500340,2,IV,QG3116
551333,1203572,2,IV,QG3118
2651046,2697638,2,IV,QG3118
12518292,12529978,2,IV,QG3118
2141679,2299103,2,IV,QG3119
1420358,1421134,2,IV,QG3120
11534378,11545107,2,IV,QG3120
12429929,12437268,2,IV,QG3120
551333,1204668,2,IV,QG3121
1203447,2007555,2,IV,QG3121
2331488,2332055,2,IV,QG3121
9416560,9424805,2,IV,QG3121
12160364,12170916,2,IV,QG3121
12661318,12661321,2,IV,QG3121
1596728,2008169,2,IV,QG3122
3152016,3152033,2,IV,QG3122
12393313,12429908,2,IV,QG3122
12474430,12496624,2,IV,QG3122
1203447,2007759,2,IV,QG3123
10831240,10850784,2,IV,QG3123
11108969,11318269,2,IV,QG3123
678524,716295,2,IV,QG3124
5587495,10027819,1,IV,QG3124
1324889,1691039,2,IV,QG3125
11400068,11416262,2,IV,QG3125
12322221,12578880,2,IV,QG3125
1407382,1410149,2,IV,QG3126
1866115,1992785,1,IV,QG3126
11644646,11737196,1,IV,QG3126
1184300,1194068,2,IV,QG3127
1866115,1992847,2,IV,QG3127
11668480,12310370,2,IV,QG3127
11662110,11737196,2,IV,QG3128
1596498,2008169,2,IV,QG3129
10502818,10522089,2,IV,QG3129
1539459,1571485,2,IV,QG3130
1596498,2438944,2,IV,QG3130
9416560,9424805,2,IV,QG3130
11062830,11105169,2,IV,QG3130
11668480,12310370,2,IV,QG3130
1588466,1591798,2,IV,QG3134
2160349,2233825,2,IV,QG3134
2311989,2399343,2,IV,QG3134
11108969,11318269,2,IV,QG3134
12322196,12578880,2,IV,QG3134
1596498,1691594,2,IV,QG3135
1992998,2008169,2,IV,QG3135
12429929,12437720,2,IV,QG3135
12550571,12552807,2,IV,QG3135
545752,1259670,2,IV,QG3136
1203447,2008169,2,IV,QG3136
521084,524212,2,IV,QG3137
1324889,1691594,2,IV,QG3137
1596498,2008169,2,IV,QG3137
2341425,2397139,2,IV,QG3137
2421353,2445982,2,IV,QG3137
3780106,3780106,1,IV,QG3137
3780773,3781308,1,IV,QG3137
6242862,6248156,1,IV,QG3137
6249189,6264001,1,IV,QG3137
10786317,10787452,1,IV,QG3137
10807650,10820925,1,IV,QG3137
11866681,11866692,2,IV,QG3137
12474430,12496624,2,IV,QG3137
551333,1203985,2,IV,QG3138
1203447,2008169,2,IV,QG3138
2439696,2439696,2,IV,QG3138
725354,727621,2,IV,QG3139
1203447,2008169,2,IV,QG3139
12485834,12496624,2,IV,QG3139
646868,646973,2,IV,QG3140
1237376,1237698,2,IV,QG3140
1596498,2438944,2,IV,QG3140
9646073,9646073,2,IV,QG3140
11668480,12310370,2,IV,QG3140
2240577,2240577,2,IV,QG3141
13036828,13036828,2,IV,QG3142
1576378,1576673,2,IV,QG3143
1898348,1898348,2,IV,QG3143
2091520,2110577,2,IV,QG3143
12393313,12429908,2,IV,QG3143
630600,635160,2,IV,QG3144
1054190,1141740,2,IV,QG3144
1854301,1854422,2,IV,QG3144
11310055,11310061,2,IV,QG3144
11881953,11925510,2,IV,QG3144
10594218,10594218,2,IV,QG3145
11862339,11866692,2,IV,QG3145
1500518,1500518,2,IV,QG3146
4256593,4312724,2,IV,QG3146
11881953,11966448,2,IV,QG3146
11981747,11993742,2,IV,QG3146
12249551,12353576,2,IV,QG3146
1054190,1162140,2,IV,QG3147
9936273,9936315,2,IV,QG3147
11537344,11537344,2,IV,QG3147
12579541,12588366,2,IV,QG3147
551333,1203985,2,IV,QG3148
2160349,2233825,2,IV,QG3148
2331488,2333212,2,IV,QG3148
11866681,11866692,2,IV,QG3148
12204022,12204042,2,IV,QG3148
2257130,2257130,2,IV,QG3149
2870191,2912119,2,IV,QG3149
12132804,12159565,2,IV,QG3149
12322979,12322979,2,IV,QG3149
13018129,13018129,2,IV,QG3149
551333,1203985,2,IV,QG3150
3128763,3135878,2,IV,QG3150
11056441,11056441,2,IV,QG3150
1054190,1162140,2,IV,QG3151
2870191,2912119,2,IV,QG3151
10499473,10522089,2,IV,QG3151
299339,353001,2,IV,QG3152
1005434,1005434,2,IV,QG3152
12984383,12995288,2,IV,QG3152
551333,1203985,2,IV,QG3153
2782378,2782378,2,IV,QG3153
3491665,3491809,2,IV,QG3153
10951263,10951263,2,IV,QG3153
11032057,11044925,2,IV,QG3153
1395134,1397686,2,IV,QG3154
1808683,1824541,2,IV,QG3154
3667074,3735036,1,IV,QG3154
4371008,4371067,1,IV,QG3154
1680963,1680963,2,IV,QG3155
1695163,1695163,2,IV,QG3155
1808683,1824541,2,IV,QG3155
3021791,3021791,2,IV,QG3155
12427337,12427617,2,IV,QG3155
641864,647057,2,IV,QG3156
1585974,1585974,2,IV,QG3156
1978786,2110577,2,IV,QG3156
3082454,3130851,2,IV,QG3156
12140305,12140305,2,IV,QG3156
2160349,2233825,2,IV,QG3157
12393313,12429908,2,IV,QG3157
12482880,12482906,2,IV,QG3157
522976,522976,2,IV,QG3158
1584147,1584147,2,IV,QG3158
2490389,2541398,2,IV,QG3158
11866681,11925510,2,IV,QG3158
12616788,12627212,2,IV,QG3158
674329,674420,2,IV,QG3159
1702993,1703048,2,IV,QG3159
1875148,1906635,2,IV,QG3159
3224154,3248451,2,IV,QG3160
11673085,11673085,2,IV,QG3160
1702993,1706635,2,IV,QG3161
1724228,1724260,2,IV,QG3161
1769617,1777685,2,IV,QG3161
2091520,2159721,2,IV,QG3161
5170878,5360515,2,IV,QG3161
11573631,11574094,2,IV,QG3161
11996328,11996328,2,IV,QG3161
12234031,12234031,2,IV,QG3161
2575640,2583635,2,IV,QG3162
1232578,1232578,2,IV,QG3163
1978786,2110577,2,IV,QG3163
678623,716295,2,IV,QG3164
2113166,2404637,2,IV,QG3164
11862339,11866692,2,IV,QG3164
11921094,11921094,2,IV,QG3164
2183386,2183386,2,IV,QG3166
9966793,10364163,2,IV,QG3166
11862339,11866692,2,IV,QG3166
12616788,12624928,2,IV,QG3166
2320668,2320668,2,IV,QG3167
12249551,12353576,2,IV,QG3167
12582438,12624928,2,IV,QG3167
568067,629976,2,IV,QG3168
647514,647514,2,IV,QG3168
1328785,1328785,2,IV,QG3168
1599533,1599748,2,IV,QG3168
1630023,1633966,2,IV,QG3168
11045353,11059647,2,IV,QG3168
12452486,12464703,2,IV,QG3168
654345,654582,2,IV,QG3169
1163031,1169752,2,IV,QG3170
11981747,11993742,2,IV,QG3170
2113166,2159721,2,IV,QG3171
9516525,9517451,2,IV,QG3171
11485885,11500621,2,IV,QG3171
12310364,12310370,2,IV,QG3171
741751,741751,2,IV,QG3172
1351677,1352812,2,IV,QG3172
1682320,1686283,2,IV,QG3172
735517,806473,2,IV,QG3173
1001339,1141740,2,IV,QG3173
1439447,1439447,2,IV,QG3173
11663219,11663253,2,IV,QG3173
963284,963286,2,IV,QG3174
1517806,1526812,2,IV,QG3174
568067,629976,2,IV,QG3175
9351338,9351338,2,IV,QG3175
12249551,12353576,2,IV,QG3175
1978786,2110577,2,IV,QG3176
10702484,10703712,2,IV,QG3176
11472751,11474942,2,IV,QG3176
1054190,1162140,2,IV,QG3177
1978786,2110577,2,IV,QG3177
2892043,2902453,2,IV,QG3177
3224154,3248451,2,IV,QG3177
9122464,9966705,2,IV,QG3177
11881953,11966448,2,IV,QG3177
1001339,1141740,2,IV,QG3178
2776635,2806873,2,IV,QG3178
12001034,12004295,2,IV,QG3178
1642774,1642774,2,IV,QG3179
1811023,1811218,2,IV,QG3179
2364321,2369189,2,IV,QG3179
3224154,3248451,2,IV,QG3179
7366971,7724613,2,IV,QG3179
10499473,10522089,2,IV,QG3179
2408511,2526609,2,IV,QG3180
11401076,11402615,2,IV,QG3180
11862694,11874966,2,IV,QG3180
551333,1203985,2,IV,QG3181
1866115,1992847,2,IV,QG3181
2768128,2768558,2,IV,QG3181
12393313,12466652,2,IV,QG3181
374011,374011,2,IV,QG3182
1978786,2110577,2,IV,QG3182
10930380,10951263,2,IV,QG3182
11925545,12184621,2,IV,QG3182
1457720,1457861,2,IV,QG3183
1596498,1691594,2,IV,QG3183
1866115,1992847,2,IV,QG3183
2160349,2233825,2,IV,QG3183
2321701,2323497,2,IV,QG3183
11925545,12184621,2,IV,QG3183
2331488,2333212,2,IV,QG3185
11866681,11866692,2,IV,QG3185
12616788,12624928,2,IV,QG3185
741751,741751,2,IV,QG3186
1409826,1409982,2,IV,QG3186
1607971,1614058,2,IV,QG3186
1619348,1619357,2,IV,QG3186
1769617,1777685,2,IV,QG3186
11881953,11966448,2,IV,QG3186
2091520,2159721,2,IV,QG3187
11345926,11347296,2,IV,QG3187
12582438,12624928,2,IV,QG3187
1637597,1638089,2,IV,QG3188
2113166,2404637,2,IV,QG3188
13081247,13095508,2,IV,QG3188
735517,806473,2,IV,QG3192
1399754,1399754,2,IV,QG3192
1530427,1537745,2,IV,QG3192
1626035,1626035,2,IV,QG3192
2912691,3008443,2,IV,QG3192
12424098,12424201,2,IV,QG3192
12559984,12578671,2,IV,QG3192
12957214,12957226,2,IV,QG3192
1172898,1318983,2,IV,QG3193
1469385,1473784,2,IV,QG3193
2870191,2912119,2,IV,QG3193
12132804,12159565,2,IV,QG3193
1530427,1537745,2,IV,QG3194
3163811,3181582,2,IV,QG3194
3330743,3330791,2,IV,QG3194
674329,674420,2,IV,QG3196
1992998,2008169,2,IV,QG3197
3925092,3925118,2,IV,QG3197
529408,544056,2,IV,QG3198
568067,629976,2,IV,QG3198
1596498,1691594,2,IV,QG3198
3318506,3318538,2,IV,QG3198
551333,1203985,2,IV,QG3199
1913132,1960298,2,IV,QG3199
2091520,2110577,2,IV,QG3199
10989396,11044925,2,IV,QG3199
11533728,11538321,2,IV,QG3199
314868,314949,2,IV,QG3200
2399730,2405535,2,IV,QG3200
11866681,11925510,2,IV,QG3200
12582438,12588366,2,IV,QG3200
12626540,12626984,2,IV,QG3201
12842567,12842567,1,IV,QG3201
13037257,13037257,1,IV,QG3201
1769617,1777685,2,IV,QG3202
12588367,12588367,2,IV,QG3202
551333,1203985,2,IV,QG3203
2102250,2102250,2,IV,QG3203
2485424,2487137,2,IV,QG3203
13060941,13083707,2,IV,QG3203
2654282,2676303,2,IV,QG3205
12519864,12531492,2,IV,QG3205
1539459,1571485,2,IV,QG3206
1866115,1992847,2,IV,QG3206
11925545,12184621,2,IV,QG3206
12438967,12439050,2,IV,QG3206
551333,1203985,2,IV,QG3208
1203447,2008169,2,IV,QG3208
2396910,11628205,2,IV,QG3208
11968676,11968790,2,IV,QG3208
12393313,12429908,2,IV,QG3208
12446465,12446599,2,IV,QG3208
1866115,1992847,1,IV,QG3209
2160349,2233825,1,IV,QG3209
11937017,11948868,2,IV,QG3209
1539459,1571485,2,IV,QG3211
3735123,3778205,2,IV,QG3211
1539459,1571485,2,IV,QG3212
1596498,2008169,2,IV,QG3214
2283892,2303215,2,IV,QG3214
11400620,11416262,2,IV,QG3214
12322196,12578880,2,IV,QG3214
2654282,2676303,2,IV,QG3215
12414397,12414747,2,IV,QG3215
2160349,2233825,2,IV,QG3217
11295720,11295801,2,IV,QG3217
12177954,12177954,2,IV,QG3217
551333,1203985,2,IV,QG3219
2283892,2303215,2,IV,QG3219
3783930,3785629,2,IV,QG3219
11937017,11948868,1,IV,QG3219
11958021,11959522,1,IV,QG3219
12112392,12112408,2,IV,QG3220
1992998,2110577,2,IV,QG3221
2396910,2399343,2,IV,QG3221
1203447,2008169,2,IV,QG3222
2562064,2562307,2,IV,QG3222
3219024,3219047,1,IV,QG3222
624795,629976,2,IV,QG3223
10564667,10588175,2,IV,QG3223
11608783,11613219,2,IV,QG3223
2141679,2299103,2,IV,QG3224
10752956,10781934,2,IV,QG3224
12248067,12249548,2,IV,QG3224
12329449,12329449,2,IV,QG3224
12472177,12474347,2,IV,QG3224
1494318,1494318,2,IV,QG3225
1866115,1992847,2,IV,QG3225
2283892,2303215,2,IV,QG3225
2861089,2862288,2,IV,QG3225
1037423,1052958,2,IV,QG3226
2141679,2299103,2,IV,QG3226
2283892,2303215,2,IV,QG3226
2396910,11628205,2,IV,QG3226
11662110,11737196,2,IV,QG3226
1240126,1240126,1,IV,QG3227
1261553,1261564,1,IV,QG3227
1596498,2438944,2,IV,QG3227
12393313,12429908,2,IV,QG3227
1141916,1141916,2,IV,QG3230
1596498,2438944,2,IV,QG3230
2396910,11628205,2,IV,QG3230
11749623,11782313,2,IV,QG3230
11855099,11855336,2,IV,QG3230
11866681,11866692,2,IV,QG3230
11925545,12184621,2,IV,QG3230
646973,647057,2,IV,QG3231
717379,723932,2,IV,QG3231
1992998,2008169,2,IV,QG3231
368925,368925,2,IV,QG3232
2283892,2303215,2,IV,QG3232
2685389,2704744,2,IV,QG3232
12696224,12702027,2,IV,QG3232
1324889,1691594,2,IV,QG3233
2396910,2399343,2,IV,QG3233
1596498,2438944,2,IV,QG3234
2745580,2834838,2,IV,QG3234
11036578,11036578,2,IV,QG3234
1318170,1318530,2,IV,QG3235
1328480,1333573,2,IV,QG3235
11695529,11695636,2,IV,QG3235
1596498,2008169,2,IV,QG3236
2141679,2299103,2,IV,QG3236
10956397,10990693,2,IV,QG3236
1790699,1790699,1,IV,QG3237
1866115,1992847,1,IV,QG3237
2447771,2447771,2,IV,QG3237
3056548,3058115,2,IV,QG3237
344555,344555,2,IV,QG3239
624795,629976,2,IV,QG3239
6037786,6037786,2,IV,QG3239
10956397,10990693,2,IV,QG3239
545752,1259670,1,IV,QG3240
3224154,3231708,2,IV,QG3240
1001371,1016088,2,IV,QG3241
2396910,2399343,2,IV,QG3241
12237561,12237561,2,IV,QG3241
1203447,2008169,2,IV,QG3242
11887499,11887499,1,IV,QG3243
12393313,12429908,1,IV,QG3243
1334345,1353335,2,IV,QG3244
11033360,11033360,2,IV,QG3244
11635375,11643287,2,IV,QG3244
2160349,2233825,2,IV,QG3245
2264854,2264854,2,IV,QG3245
10788482,10862827,2,IV,QG3246
11400620,11416262,2,IV,QG3246
11635375,11643287,2,IV,QG3246
11668480,12310370,2,IV,QG3246
551333,1203985,2,IV,QG3248
1324889,1691594,2,IV,QG3248
10744891,10748669,2,IV,QG3248
647370,647512,2,IV,QG3249
1596498,2438944,2,IV,QG3249
11509499,11509499,2,IV,QG3249
1394165,1394926,2,IV,QG3250
12429929,12437720,2,IV,QG3250
12474430,12496624,2,IV,QG3250
12616788,12627212,2,IV,QG3250
483757,483820,2,IV,QG3251
1588466,1591798,2,IV,QG3251
2125640,2125640,2,IV,QG3251
2160349,2233825,2,IV,QG3251
11749623,11782313,2,IV,QG3251
11848363,11848363,2,IV,QG3251
11866681,11866692,2,IV,QG3251
551333,1203985,2,IV,QG3252
2396910,11628205,2,IV,QG3252
633859,633859,2,IV,QG3254
618420,618420,2,IV,QG3255
2396910,11628205,2,IV,QG3255
12281535,12282505,2,IV,QG3255
624795,629976,2,IV,QG3256
3233248,3238136,2,IV,QG3256
3278860,3278982,2,IV,QG3256
5917573,5917573,2,IV,QG3256
11668480,12310370,2,IV,QG3256
12322196,12331482,2,IV,QG3256
12429929,12437720,2,IV,QG3256
1450280,1457861,2,IV,QG3257
1596498,2438944,2,IV,QG3257
9814947,9815018,2,IV,QG3257
12127445,12127445,2,IV,QG3257
545752,1259670,2,IV,QG3258
2141679,2299103,2,IV,QG3258
1123140,1123140,2,IV,QG3261
1203447,2008169,2,IV,QG3261
2751705,2751743,2,IV,QG3262
10544654,10544654,2,IV,QG3262
11668480,11737196,2,IV,QG3262
2141679,2299103,2,IV,QG3263
12184498,12184498,2,IV,QG3263
2113166,2140841,2,IV,QG3264
2360100,2360100,2,IV,QG3264
678524,716295,2,IV,QG3265
812173,849999,2,IV,QG3265
2141679,2299103,2,IV,QG3265
11925545,12184621,2,IV,QG3265
1324889,1691594,2,IV,QG3266
1163031,1182274,2,IV,QG3267
865380,873612,2,IV,QG3268
1633081,1633081,2,IV,QG3268
2113166,2404637,2,IV,QG3268
2408511,2526609,2,IV,QG3268
11030637,11031846,2,IV,QG3268
11881953,11925510,2,IV,QG3268
12310364,12310370,2,IV,QG3268
1576719,1585797,2,IV,QG3269
2638537,2666042,2,IV,QG3269
3783930,3831504,1,IV,QG3269
10028934,10029647,1,IV,QG3269
11051726,11059647,2,IV,QG3269
11334135,11334179,2,IV,QG3269
11593993,11614169,1,IV,QG3269
11862694,11874966,1,IV,QG3269
11925545,12184621,1,IV,QG3269
1001339,1141740,2,IV,QG3270
1395043,1395134,2,IV,QG3270
1489727,1505744,2,IV,QG3270
1588466,1591798,2,IV,QG3270
1866115,1992847,2,IV,QG3270
1447156,1447156,1,IV,QG3271
1451806,1457717,1,IV,QG3271
2186856,2186856,2,IV,QG3271
12995339,13060507,2,IV,QG3271
1172898,1318983,2,IV,QG3272
1395611,1396628,2,IV,QG3272
11063564,11063564,2,IV,QG3272
1516075,1536831,2,IV,QG3273
1605730,1605730,2,IV,QG3273
3330743,3330791,2,IV,QG3273
1338391,1338392,2,IV,QG3274
1992998,2008169,2,IV,QG3274
11252068,11256141,2,IV,QG3274
725354,727621,2,IV,QG3275
2638537,2666042,2,IV,QG3275
3175761,3175807,2,IV,QG3275
2732354,2732426,2,IV,QG3276
5825681,5826886,2,IV,QG3276
10430655,10502312,2,IV,QG3276
11866681,11925510,2,IV,QG3276
1163031,1169752,1,IV,QG3277
2626874,2676259,1,IV,QG3277
4256593,4312724,2,IV,QG3277
12310364,12310370,2,IV,QG3277
12539941,12556571,2,IV,QG3277
551333,1203985,2,IV,QG3278
1695163,1695163,2,IV,QG3278
1706066,1706674,2,IV,QG3278
1724344,1746142,2,IV,QG3278
1776931,1786939,2,IV,QG3278
11264011,11273048,2,IV,QG3278
11668976,11675590,2,IV,QG3278
11925545,12184621,2,IV,QG3278
735517,806473,2,IV,QG3280
2009787,2009787,2,IV,QG3280
2113166,2404637,2,IV,QG3280
12215104,12215104,2,IV,QG3280
1630083,1630083,2,IV,QG3281
2258688,2258688,1,IV,QG3281
3308288,3308288,1,IV,QG3281
10575971,10576048,1,IV,QG3281
11541269,11541269,1,IV,QG3281
12773913,12773916,2,IV,QG3281
551333,1203985,2,IV,QG3282
1913132,1960298,2,IV,QG3282
2676376,2676547,2,IV,QG3283
10851811,10851811,2,IV,QG3283
678623,716295,2,IV,QG3284
1866115,1992847,2,IV,QG3284
2396910,2399343,2,IV,QG3284
2584563,2586967,2,IV,QG3284
3888480,3908785,2,IV,QG3284
9769288,9769288,2,IV,QG3284
2354913,2354913,2,IV,QG3285
10635799,10635799,2,IV,QG3285
1992998,2008169,2,IV,QG3288
2288676,2288676,2,IV,QG3288
3596344,3596531,2,IV,QG3288
2113166,2404637,2,IV,QG3289
10430655,10502312,2,IV,QG3289
11866681,11866692,2,IV,QG3289
12249551,12353576,2,IV,QG3289
907192,907246,2,IV,QG3290
1978786,2110577,2,IV,QG3290
2665461,2665461,2,IV,QG3290
9818520,9818909,2,IV,QG3290
662850,662958,2,IV,QG3294
1172898,1318983,2,IV,QG3294
2160349,2233825,2,IV,QG3294
2776635,2806873,2,IV,QG3294
3082454,3130851,2,IV,QG3294
12256807,12331358,2,IV,QG3294
1489727,1505744,2,IV,QG3295
1588466,1591798,2,IV,QG3295
12036268,12112400,2,IV,QG3295
12931826,12931839,2,IV,QG3295
2399730,2405535,2,IV,QG3296
1054190,1162140,2,IV,QG3297
11293794,11310836,2,IV,QG3298
12036268,12112400,2,IV,QG3298
12298186,12298978,2,IV,QG3298
6281645,6281645,2,IV,QG3300
10774191,10774191,2,IV,QG3300
11005125,11005739,2,IV,QG3300
12038073,12038073,2,IV,QG3300
12204022,12204582,2,IV,QG3300
12647086,12647086,2,IV,QG3300
13055190,13055190,2,IV,QG3300
1978786,2110577,2,IV,QG3301
2706697,2706903,2,IV,QG3301
9755954,9755966,2,IV,QG3301
1962824,1963243,1,IV,QG3302
2113166,2404637,1,IV,QG3302
11925545,11966448,2,IV,QG3302
1054190,1162140,2,IV,QG3304
2417433,2456980,2,IV,QG3304
3176450,3176930,2,IV,QG3304
4312843,4491916,2,IV,QG3304
11552508,11563874,2,IV,QG3304
8860546,8860711,1,IV,QG3305
11435057,11437437,2,IV,QG3305
12310364,12310370,1,IV,QG3305
13233142,13233221,2,IV,QG3306
1211960,1212145,2,IV,QG3307
11925545,12184621,2,IV,QG3307
1338391,1338392,2,IV,QG3308
2593014,2596676,2,IV,QG3308
12233552,12233979,2,IV,QG3308
2912691,3008443,2,IV,QG3309
11570384,11570395,2,IV,QG3309
642381,646518,2,IV,QG3310
1163031,1169752,2,IV,QG3310
2160349,2233825,2,IV,QG3310
2331488,2333212,2,IV,QG3310
4283791,4284037,2,IV,QG3310
12132804,12159565,2,IV,QG3310
12256807,12331358,2,IV,QG3310
1001339,1141740,2,IV,QG3312
2091520,2110577,2,IV,QG3312
2728362,2728579,2,IV,QG3312
3122333,3122519,2,IV,QG3312
11051726,11102572,2,IV,QG3312
1540353,1540353,2,IV,QG3314
12184663,12218658,2,IV,QG3314
1596498,1691594,2,IV,QG3316
5227360,5227422,2,IV,QG3316
12176613,12176613,2,IV,QG3316
12995339,13060507,2,IV,QG3316
10856863,10856863,2,IV,QG3317
11752923,11780213,2,IV,QG3317
11808015,11809012,2,IV,QG3317
11862694,11874966,2,IV,QG3317
12249551,12353576,2,IV,QG3317
1680963,1680963,2,IV,QG3319
11564080,11572716,2,IV,QG3319
12334115,12334115,2,IV,QG3319
444809,457922,2,IV,QG3320
1912155,1912155,2,IV,QG3320
2908499,2909797,2,IV,QG3320
13032050,13032067,2,IV,QG3320
1596498,2008169,1,IV,QG3321
2113166,2140841,1,IV,QG3321
1784218,1788050,2,IV,QG3322
2726111,2726187,2,IV,QG3322
11304336,11304336,2,IV,QG3322
3102722,3203789,2,IV,QG3324
2141679,2299103,2,IV,QG3327
11866815,11878978,2,IV,QG3327
11881249,11884720,2,IV,QG3327
11920705,11936954,2,IV,QG3327
3296260,3296330,2,IV,QG3331
10588237,10655182,2,IV,QG3331
11668480,12310370,2,IV,QG3331
484708,484708,2,IV,QG3333
1163031,1182274,2,IV,QG3333
12474430,12496624,2,IV,QG3333
1203447,2008169,2,IV,QG3334
2141679,2299103,2,IV,QG3334
11045353,11062676,2,IV,QG3334
11352359,11371452,2,IV,QG3334
12025578,12025578,2,IV,QG3334
1037423,1052958,2,IV,QG3335
1324889,1691594,2,IV,QG3335
1596498,2008169,2,IV,QG3335
11925545,12184621,2,IV,QG3335
551333,1203985,2,IV,QG3336
11925545,12184621,2,IV,QG3336
12205459,12215601,2,IV,QG3336
1324889,1691594,2,IV,QG3337
2396910,11628205,2,IV,QG3337
11988853,11988853,2,IV,QG3342
1324889,1691594,2,IV,QG3344
1596498,2008169,2,IV,QG3344
1203447,2008169,2,IV,QG3346
1202893,2008169,2,IV,QG3347
2609553,2609557,2,IV,QG3347
12322196,12578671,2,IV,QG3347
13115214,13116091,2,IV,QG3347
2009787,2009787,2,IV,QG3349
2814866,2870152,2,IV,QG3349
3320346,3373360,2,IV,QG3349
4949502,4949563,2,IV,QG3349
11383633,11385991,2,IV,QG3349
12554946,12555048,2,IV,QG3349
1505800,1517683,2,IV,QG3351
1605693,1605693,2,IV,QG3351
1686740,1703048,2,IV,QG3351
2113166,2159721,2,IV,QG3351
2707114,2707480,2,IV,QG3351
1357244,1357497,2,IV,QG3352
1992998,2008169,2,IV,QG3352
2113166,2404637,2,IV,QG3352
3228233,3228696,2,IV,QG3352
11539077,11542304,2,IV,QG3352
2160349,2233825,2,IV,QG3354
3749834,4137319,2,IV,QG3354
12582438,12624928,2,IV,QG3354
2160349,2233825,2,IV,QG3355
12481831,12482820,2,IV,QG3355
2091520,2159721,1,IV,QG3357
2311297,2321695,1,IV,QG3357
2707114,2707480,2,IV,QG3357
449570,449637,2,IV,QG3358
1172898,1318983,2,IV,QG3358
2160349,2233825,2,IV,QG3358
11396745,11396878,2,IV,QG3358
12154029,12154029,2,IV,QG3362
782829,782829,2,IV,QG3363
1462078,1510962,2,IV,QG3363
10832418,10856860,2,IV,QG3363
11032450,11032733,2,IV,QG3363
472419,516490,2,IV,QG3364
551333,1203985,2,IV,QG3364
1789299,1789333,2,IV,QG3364
2113166,2404637,2,IV,QG3364
10933596,10933596,2,IV,QG3364
11481816,11481822,2,IV,QG3364
11552508,11563874,2,IV,QG3364
11862694,11874966,2,IV,QG3364
11925545,12184621,2,IV,QG3364
3658013,3672920,2,IV,QG3366
10832418,10856860,2,IV,QG3366
11866681,11925510,2,IV,QG3366
12118062,12131005,2,IV,QG3366
735517,806473,2,IV,QG3367
11032057,11051577,2,IV,QG3367
11866681,11866692,2,IV,QG3367
12616788,12627212,2,IV,QG3367
12916451,12916451,2,IV,QG3367
1418358,1420223,2,IV,QG3370
2160349,2233825,2,IV,QG3370
2283892,2303215,1,IV,QG3371
2331488,2332353,1,IV,QG3371
10926914,10929556,2,IV,QG3371
11461507,11466779,2,IV,QG3371
2091520,2110577,2,IV,QG3372
2633953,2634144,2,IV,QG3372
2776635,2806873,2,IV,QG3372
4215607,4256295,2,IV,QG3372
11881953,11966448,2,IV,QG3372
12393313,12466652,2,IV,QG3372
472419,516490,2,IV,QG3373
2091520,2159721,2,IV,QG3373
2326511,2331288,2,IV,QG3373
12363180,12429908,2,IV,QG3373
12995339,13060507,2,IV,QG3373
1054190,1162140,2,IV,QG3374
1398992,1399004,2,IV,QG3374
3082454,3130851,2,IV,QG3374
526309,526378,2,IV,QG3377
735517,806473,1,IV,QG3377
806727,806786,1,IV,QG3377
1686740,1691910,2,IV,QG3377
3202661,3202661,2,IV,QG3377
1539459,1571485,2,IV,QG3380
3523336,3526562,2,IV,QG3380
11668480,12310370,2,IV,QG3380
763302,763302,2,IV,QG3381
1334345,1353335,2,IV,QG3381
10657906,10685405,2,IV,QG3381
10922786,10922999,2,IV,QG3381
11668480,12310370,2,IV,QG3381
545752,1259670,2,IV,QG3383
2141679,2299103,2,IV,QG3383
3203778,3207557,2,IV,QG3383
4232935,4233007,2,IV,QG3383
11108969,11318269,2,IV,QG3383
12829946,12857768,2,IV,QG3383
545752,1259670,2,IV,QG3385
1324889,1691594,2,IV,QG3385
11662110,11737196,2,IV,QG3385
1037423,1052958,2,IV,QG3387
1203447,2008169,2,IV,QG3387
2396910,11628205,2,IV,QG3387
12438967,12439050,2,IV,QG3387
1450280,1457861,1,IV,QG3391
1866115,1992847,2,IV,QG3392
10956397,10990693,2,IV,QG3392
12127445,12127445,2,IV,QG3392
12637324,12643793,2,IV,QG3392
551333,1203985,2,IV,QG3394
1449524,1449577,2,IV,QG3394
1539459,1571485,2,IV,QG3394
2141679,2299103,2,IV,QG3394
551333,1203985,2,IV,QG3395
1216727,1216739,2,IV,QG3395
1324889,1691594,2,IV,QG3395
1596498,2438944,2,IV,QG3395
12529829,12550609,2,IV,QG3395
2685389,2704744,2,IV,QG3396
11442466,11444369,2,IV,QG3396
12780303,12829883,2,IV,QG3396
2160349,2233825,2,IV,QG3397
12284706,12284706,2,IV,QG3397
1203447,2008169,2,IV,QG3400
7806230,7806230,2,IV,QG3400
12393313,12429908,2,IV,QG3400
1397789,1397789,2,IV,QG3403
1439462,1439510,2,IV,QG3403
2634662,2634662,2,IV,QG3404
1539459,1571485,2,IV,QG3408
2305188,2306654,2,IV,QG3408
2853591,2855666,2,IV,QG3408
11062830,11105169,1,IV,QG3408
11109182,11318269,1,IV,QG3408
353246,504316,2,IV,QG3409
1992998,2110577,2,IV,QG3409
2160349,2233825,2,IV,QG3409
2654282,2676303,2,IV,QG3409
3014199,3014519,2,IV,QG3409
717379,723932,2,IV,QG3410
1163031,1182274,2,IV,QG3410
1596498,2438944,2,IV,QG3410
10124681,10124694,2,IV,QG3410
10657906,10685405,2,IV,QG3410
12857850,12921111,2,IV,QG3410
551333,1203985,2,IV,QG3412
1414050,1414050,2,IV,QG3414
13008417,13008417,2,IV,QG3414
12688421,12689266,2,IV,QG3418
287159,287159,2,IV,QG3421
529408,544056,2,IV,QG3421
649263,649263,2,IV,QG3421
2776635,2806873,2,IV,QG3421
12112408,12116313,2,IV,QG3421
1682320,1686283,2,IV,QG3427
2408511,2526609,2,IV,QG3427
11435057,11437437,2,IV,QG3432
12106279,12112217,2,IV,QG3432
10989396,11044925,2,IV,QG3434
11749623,11782313,2,IV,QG3434
11838082,11838115,2,IV,QG3434
11866681,11866692,2,IV,QG3434
11925545,12184621,2,IV,QG3434
12310364,12310370,2,IV,QG3434
12995339,13060507,2,IV,QG3434
2091520,2159721,2,IV,QG3437
2298446,2298446,2,IV,QG3437
3082454,3130851,2,IV,QG3437
3221415,3222212,2,IV,QG3437
11752923,11780213,2,IV,QG3437
11848229,11848229,2,IV,QG3437
11866681,11866692,2,IV,QG3437
12539941,12556571,2,IV,QG3437
551333,1203985,2,IV,QG3440
1172898,1318983,2,IV,QG3440
1369990,1370024,2,IV,QG3440
1596498,1691594,2,IV,QG3440
1596498,2008169,2,IV,QG3456
11345926,11345926,2,IV,QG3456
12616788,12627212,2,IV,QG3456
545752,1259670,2,IV,QG3457
1596498,2008169,2,IV,QG3457
12280709,12280709,2,IV,QG3457
1596498,2008169,2,IV,QG3458
2677008,2677008,2,IV,QG3458
1866115,1992847,2,IV,QG3459
11065727,11065828,2,IV,QG3459
11588154,11588258,2,IV,QG3459
12184663,12218658,2,IV,QG3459
12528213,12528452,2,IV,QG3459
2102250,2102250,2,IV,QG3460
3226162,3227417,2,IV,QG3460
12429929,12437720,2,IV,QG3460
2283892,2303215,2,IV,QG3463
2396910,11628205,2,IV,QG3463
12028686,12028686,2,IV,QG3463
12328927,12328927,2,IV,QG3463
551333,1203985,2,IV,QG3464
1596498,1691594,2,IV,QG3464
1596498,2008169,2,IV,QG3465
11978983,11979298,2,IV,QG3465
12248067,12249548,2,IV,QG3465
727494,727494,2,IV,QG3467
3082454,3130851,2,IV,QG3467
11362703,11363887,2,IV,QG3467
12440628,12446927,2,IV,QG3467
1505800,1517683,2,IV,QG3468
2114271,2404420,2,IV,QG3468
11447983,11447983,2,IV,QG3468
11862255,11874861,2,IV,QG3468
940427,940631,2,IV,QG3469
551333,1203985,2,IV,QG3470
1596564,2008169,2,IV,QG3470
11062830,11105169,2,IV,QG3470
11628304,11631282,2,IV,QG3472
2141679,2299103,2,IV,QG3473
11330779,11337834,2,IV,QG3473
12322196,12578880,2,IV,QG3473
545752,1259670,2,IV,QG3474
1596498,2438944,2,IV,QG3474
10788482,10862827,2,IV,QG3474
10956397,10990693,2,IV,QG3474
1596498,1691594,2,IV,QG3477
2421397,2421397,2,IV,QG3477
11077952,11088250,2,IV,QG3477
12270583,12270583,2,IV,QG3477
1511979,1511979,2,IV,QG3479
2879427,2879427,2,IV,QG3479
11400620,11416262,2,IV,QG3479
368925,368925,2,IV,QG3480
865380,865380,2,IV,QG3480
1596498,2438944,2,IV,QG3480
11668480,11737196,2,IV,QG3480
12322196,12578880,2,IV,QG3480
717379,723932,2,IV,QG3481
2141679,2299103,2,IV,QG3481
1203447,2008169,2,IV,QG3483
11649286,11649286,2,IV,QG3483
13108157,13108233,2,IV,QG3483
8636406,8636461,2,IV,QG3485
11045353,11062676,2,IV,QG3485
1324889,1691594,2,IV,QG3488
1992998,2110577,2,IV,QG3488
2440735,2440735,2,IV,QG3488
12616788,12627212,2,IV,QG3488
1703505,1703629,2,IV,QG3489
1866115,1992847,2,IV,QG3489
2141679,2299103,2,IV,QG3489
4109003,4109021,2,IV,QG3489
11925545,12184621,2,IV,QG3489
1172898,1318983,2,IV,QG3491
2160349,2233825,2,IV,QG3491
2305188,2309902,2,IV,QG3491
11051726,11102572,2,IV,QG3491
12093178,12106164,2,IV,QG3491
1172898,1203985,2,IV,QG3492
1389875,1389884,2,IV,QG3492
2490389,2499480,2,IV,QG3492
2870191,2912119,2,IV,QG3492
11862694,11866692,2,IV,QG3492
751820,751820,2,IV,QG3493
2341425,2344212,2,IV,QG3493
2819832,2819832,2,IV,QG3493
8842454,9122308,2,IV,QG3493
10926914,10929556,2,IV,QG3493
12908739,12909012,2,IV,QG3493
545752,1259670,2,IV,QG3494
1334345,1353335,2,IV,QG3494
1596498,2438944,2,IV,QG3494
2654282,2676303,2,IV,QG3494
12331482,12332149,2,IV,QG3494
2113397,2404637,2,IV,QG3495
2490457,2541398,2,IV,QG3495
11564176,11574094,2,IV,QG3495
12555135,12559364,2,IV,QG3495
1591807,1591807,2,IV,QG3499
2110721,2110721,1,IV,QG3499
2160349,2233825,1,IV,QG3499
353246,396660,2,IV,QG3500
2102250,2102250,2,IV,QG3500
2234717,2280427,2,IV,QG3500
11454070,11456904,2,IV,QG3500
2141679,2299103,2,IV,QG3502
12485834,12500340,2,IV,QG3502
2311989,2399343,2,IV,QG3506
3246060,3246233,2,IV,QG3506
10989396,11044925,2,IV,QG3507
11947399,11947399,2,IV,QG3507
610515,610674,2,IV,QG3508
2490091,2592002,2,IV,QG3508
3054362,3054370,2,IV,QG3508
11881893,11966448,2,IV,QG3508
1203447,2008169,2,IV,QG3509
2745580,2834838,2,IV,QG3509
9814947,9815018,2,IV,QG3509
12582438,12588367,2,IV,QG3509
678524,716295,2,IV,QG3510
1596498,2438944,2,IV,QG3510
2654282,2676303,2,IV,QG3510
1462917,1539913,2,IV,QG3511
1587094,1599219,2,IV,QG3511
1874874,1906103,2,IV,QG3511
3621418,3635337,2,IV,QG3511
12112408,12112408,2,IV,QG3511
1541787,1683914,2,V,QG3086
13658623,13662827,2,V,QG3087
1708028,4301442,2,V,QG3089
11139840,11139935,2,V,QG3089
12626752,12627693,2,V,QG3089
12697971,12697983,2,V,QG3089
13384553,13384553,2,V,QG3089
957928,1708301,1,V,QG3090
2159581,2159581,1,V,QG3090
12697971,12698145,2,V,QG3090
1541787,1683914,2,V,QG3091
1708028,4617207,2,V,QG3091
11551539,11648941,2,V,QG3091
12292034,12384373,2,V,QG3091
12887765,12922584,2,V,QG3091
14351696,14351696,2,V,QG3091
1077377,1077377,2,V,QG3092
1708028,4617207,2,V,QG3092
13038129,13045354,2,V,QG3092
13637522,13637522,2,V,QG3092
10923207,10923274,2,V,QG3093
1444596,1490184,2,V,QG3094
1708044,4339688,2,V,QG3094
13821636,14344390,2,V,QG3094
702419,702419,2,V,QG3095
12600323,12600323,2,V,QG3095
14013223,14013246,2,V,QG3095
14092278,14092281,2,V,QG3095
14317128,14317128,2,V,QG3095
14348440,14348440,2,V,QG3095
1039308,1039633,2,V,QG3096
2147952,2150950,2,V,QG3096
11684429,11684676,2,V,QG3096
14462874,14462874,2,V,QG3096
14871491,14871491,2,V,QG3096
858566,858566,2,V,QG3097
1708028,4617108,2,V,QG3097
13506552,13635544,2,V,QG3097
13813338,13818625,2,V,QG3097
957928,1708292,2,V,QG3100
12182132,12185724,2,V,QG3100
954170,968381,2,V,QG3101
4657724,4657835,2,V,QG3101
4719778,4719778,2,V,QG3101
5245156,5245156,2,V,QG3101
14168014,14168014,2,V,QG3101
14798763,14804697,2,V,QG3101
1732327,1732327,2,V,QG3102
13506552,13515489,2,V,QG3102
13799446,13971968,2,V,QG3102
14028042,14028042,2,V,QG3102
1444596,1490184,2,V,QG3103
1772372,1772372,2,V,QG3103
10341094,10363164,2,V,QG3103
11987836,12003230,2,V,QG3103
12865311,12865382,1,V,QG3103
12874722,12874756,1,V,QG3103
12944878,12944890,2,V,QG3103
13917958,13927371,2,V,QG3103
14199766,14780962,1,V,QG3103
13019095,13022965,2,V,QG3104
952292,968930,2,V,QG3105
1117339,1131370,2,V,QG3105
1541787,1683914,2,V,QG3105
4657657,4663949,2,V,QG3105
4842072,4849070,2,V,QG3105
5284785,5291737,2,V,QG3105
13489316,13528364,2,V,QG3105
13818625,13818625,2,V,QG3105
954170,968917,2,V,QG3106
9493889,9619144,2,V,QG3106
13792497,13792551,2,V,QG3106
13799067,13972049,2,V,QG3106
957928,1708301,2,V,QG3107
1707966,4617108,2,V,QG3109
4657268,4663893,2,V,QG3109
5135161,5135431,2,V,QG3109
5284785,5303581,2,V,QG3109
11454222,11454514,2,V,QG3109
12520413,12603383,2,V,QG3109
12711768,12830786,2,V,QG3109
13553307,13553310,2,V,QG3109
14050525,14056310,2,V,QG3109
908059,908059,2,V,QG3110
1752263,1753755,2,V,QG3110
12274462,12335957,2,V,QG3110
13405089,13405131,2,V,QG3110
954238,1708292,2,V,QG3111
13136518,13144575,2,V,QG3111
14200090,14781205,2,V,QG3111
608787,608787,2,V,QG3112
1091161,1091211,2,V,QG3112
13799458,13972008,2,V,QG3112
14092128,14092161,2,V,QG3112
690863,690863,2,V,QG3113
8592725,8592725,2,V,QG3113
14268324,14281984,2,V,QG3114
715245,1708253,2,V,QG3115
1886331,1887520,2,V,QG3115
11580674,11580762,2,V,QG3115
11843876,11987327,2,V,QG3115
13038355,13045256,2,V,QG3115
715245,950148,2,V,QG3116
10787816,10983236,2,V,QG3116
11987704,12003230,2,V,QG3116
13823956,13823978,2,V,QG3116
14165065,14166951,2,V,QG3116
14199766,14777939,2,V,QG3116
1708028,4617207,2,V,QG3117
13824681,13836509,2,V,QG3117
1542839,1683914,2,V,QG3118
11507065,11507182,2,V,QG3118
13039001,13050575,2,V,QG3118
1708028,4617207,2,V,QG3119
14199766,14777939,2,V,QG3119
14506646,14507716,2,V,QG3120
957928,1708301,2,V,QG3121
3068047,3068047,2,V,QG3122
9701849,9935220,2,V,QG3122
12914272,12914401,2,V,QG3122
14226494,14226497,2,V,QG3122
10505220,10505220,2,V,QG3123
12386555,12500458,2,V,QG3123
13145309,13433523,2,V,QG3123
13846694,13846694,2,V,QG3123
14196895,14197072,2,V,QG3123
1708028,4617207,2,V,QG3124
12711768,12776970,2,V,QG3124
13405858,13405929,2,V,QG3124
2710643,2710643,2,V,QG3125
9815675,9815675,2,V,QG3125
12525301,12528859,2,V,QG3125
13799446,13972049,2,V,QG3125
1441098,1441172,2,V,QG3126
2882549,2882746,2,V,QG3126
9199455,9458097,2,V,QG3126
13850013,13850013,2,V,QG3126
957928,1708301,2,V,QG3127
7153287,7153477,2,V,QG3127
13821636,14344390,2,V,QG3127
1708028,4617207,2,V,QG3128
1541787,1683914,2,V,QG3129
1708028,4301442,2,V,QG3129
656404,656404,2,V,QG3130
1338222,1417281,2,V,QG3130
1541787,1683914,2,V,QG3130
14058970,14061400,2,V,QG3130
1444596,1490184,2,V,QG3132
11430379,11456039,2,V,QG3134
13319667,13319726,2,V,QG3134
13446858,13464543,2,V,QG3134
715245,950148,2,V,QG3135
1812927,1812927,2,V,QG3135
1160676,1160676,2,V,QG3136
1708028,4617207,2,V,QG3136
13410497,13410554,2,V,QG3136
10774295,10776050,2,V,QG3137
13821636,14344390,2,V,QG3137
1207586,1207595,1,V,QG3138
1878591,1885354,1,V,QG3138
2147952,2150950,2,V,QG3138
12711768,12776970,2,V,QG3138
14741807,14741807,2,V,QG3138
1708028,4617207,2,V,QG3139
13489316,13528364,2,V,QG3139
14227111,14227122,2,V,QG3139
957928,1708301,2,V,QG3140
1708028,4301442,2,V,QG3140
11442671,11442671,2,V,QG3140
11620695,11620695,2,V,QG3140
957928,1708301,2,V,QG3141
1963241,1963716,2,V,QG3141
12274462,12292800,2,V,QG3141
13146014,13157807,2,V,QG3141
13779570,13779575,2,V,QG3141
608787,608787,2,V,QG3142
1151588,1151608,2,V,QG3142
2286846,2288299,2,V,QG3142
12041524,12212263,2,V,QG3142
13051527,13117980,2,V,QG3142
13821636,14344390,2,V,QG3142
10458377,10603994,2,V,QG3143
1159579,1194030,2,V,QG3144
1322653,1322653,2,V,QG3144
2449201,2458209,2,V,QG3144
2481864,2517085,2,V,QG3144
14671369,14671369,2,V,QG3144
1972809,2003411,2,V,QG3145
2229556,2235071,2,V,QG3145
8847124,8847436,2,V,QG3145
12734891,12858667,2,V,QG3145
12995199,13009144,2,V,QG3145
13389163,13389180,2,V,QG3145
1647107,1647107,2,V,QG3146
2382205,2382399,2,V,QG3146
10287493,10287493,2,V,QG3147
13714831,13717413,2,V,QG3147
13761405,13767706,2,V,QG3147
14199766,14230164,2,V,QG3147
1600451,1600451,2,V,QG3148
1967108,1967108,2,V,QG3148
5385955,5386285,2,V,QG3148
12319305,12935756,2,V,QG3148
1824811,1825184,2,V,QG3149
14098812,14119665,2,V,QG3149
14264563,14265002,2,V,QG3149
14281974,14777939,2,V,QG3149
7132481,7132659,2,V,QG3150
11123352,11139622,2,V,QG3150
12094694,12094699,2,V,QG3150
13614943,13615197,2,V,QG3150
2141233,2157744,2,V,QG3151
10811985,10812637,2,V,QG3151
13290465,13290465,2,V,QG3151
13569622,13569953,2,V,QG3151
14137048,14137048,2,V,QG3151
1012981,1012997,2,V,QG3152
11976684,11976898,2,V,QG3152
12043015,12043180,2,V,QG3152
1489806,1489806,2,V,QG3153
12041524,12175528,2,V,QG3153
13145309,13433546,2,V,QG3153
14196895,14206521,2,V,QG3153
14303277,14548585,2,V,QG3153
1846703,1849111,2,V,QG3154
12319305,12935756,2,V,QG3154
13313207,13384833,2,V,QG3154
13723617,13723617,2,V,QG3154
13313207,13384833,2,V,QG3155
3674789,3674789,2,V,QG3156
8544462,8544613,2,V,QG3156
12350280,12350280,2,V,QG3157
13869970,13869970,2,V,QG3157
14028970,14028974,1,V,QG3157
14120049,14134090,1,V,QG3157
14147025,14173616,1,V,QG3157
14268585,14281984,1,V,QG3157
14281974,14777939,1,V,QG3157
745763,770014,2,V,QG3158
1022364,1022364,1,V,QG3158
4301464,4339957,1,V,QG3158
11589930,11760081,2,V,QG3158
13169079,13169079,2,V,QG3158
2277016,2277172,2,V,QG3159
12262811,12504411,2,V,QG3159
13459825,13472013,2,V,QG3159
14576914,14628554,2,V,QG3159
12974442,12985845,2,V,QG3160
11844930,11846023,2,V,QG3161
13204965,13385631,2,V,QG3161
13901592,13901592,2,V,QG3162
14576914,14628554,2,V,QG3162
12064218,12064275,2,V,QG3163
12711768,12858667,2,V,QG3163
13660711,13701329,2,V,QG3163
14513341,14522950,2,V,QG3163
680571,703312,2,V,QG3164
2131580,2131580,2,V,QG3164
2203265,2203265,2,V,QG3164
11368489,11368489,2,V,QG3164
11145051,11145051,2,V,QG3166
13442508,13550850,2,V,QG3166
14147025,14173616,2,V,QG3166
14436781,14436911,2,V,QG3166
1852276,1852276,2,V,QG3167
12319305,12935756,2,V,QG3167
14038126,14038126,2,V,QG3167
3257448,3263081,2,V,QG3168
13204965,13418326,2,V,QG3168
14236513,14236895,2,V,QG3168
607388,611685,2,V,QG3169
2459071,2459080,2,V,QG3169
13930736,13931494,2,V,QG3169
12734891,12858667,2,V,QG3170
13087589,13092839,2,V,QG3170
13653164,13653201,2,V,QG3171
3361301,3361382,2,V,QG3172
9735550,9757865,2,V,QG3172
10262704,10275752,2,V,QG3172
11811526,11811526,2,V,QG3172
11839573,11843667,2,V,QG3172
12559249,12559635,2,V,QG3172
13459825,13472013,2,V,QG3172
13489316,13528364,2,V,QG3172
13802505,13809177,2,V,QG3172
14147025,14173616,2,V,QG3172
1713334,1727707,2,V,QG3173
2546707,2546729,2,V,QG3173
13901592,13901592,2,V,QG3173
14166720,14173616,2,V,QG3173
2408580,2408717,2,V,QG3174
1094099,1094650,2,V,QG3175
13964254,13964254,2,V,QG3175
13072846,13074318,2,V,QG3176
1913376,1930417,2,V,QG3177
7368360,7368361,2,V,QG3177
12643756,12643795,2,V,QG3177
880181,880368,2,V,QG3178
1620913,1620913,2,V,QG3178
13145309,13177391,2,V,QG3178
13660711,13662732,2,V,QG3178
3911054,3914002,2,V,QG3179
14912081,14912561,2,V,QG3180
9158832,9158994,2,V,QG3181
11148607,11148624,2,V,QG3181
13629315,13629459,2,V,QG3181
949503,950150,2,V,QG3182
2242020,2242020,2,V,QG3182
3668308,3668308,2,V,QG3182
4366940,4657294,2,V,QG3182
12995199,13009144,2,V,QG3182
13728653,13744641,2,V,QG3182
5334874,5335833,2,V,QG3183
12319305,12935756,2,V,QG3183
14244898,14245730,1,V,QG3183
14303277,14548585,1,V,QG3183
11145602,11366365,2,V,QG3185
12711768,12858667,2,V,QG3185
12989509,13003426,2,V,QG3185
13037311,13042301,2,V,QG3185
13266784,13266879,2,V,QG3185
13843061,13843381,2,V,QG3185
14157519,14158570,2,V,QG3185
14217064,14217064,2,V,QG3185
14671369,14671369,2,V,QG3185
949503,950150,2,V,QG3186
3571546,3571546,2,V,QG3186
12520413,12577388,2,V,QG3186
13459825,13472013,2,V,QG3186
13646274,13646319,2,V,QG3186
9059192,9090959,2,V,QG3187
1506775,1506775,2,V,QG3188
11589930,11697459,2,V,QG3188
1280949,1282033,2,V,QG3193
2150953,2150953,2,V,QG3193
11801936,11817605,2,V,QG3193
5829268,5846147,2,V,QG3194
13442508,13550850,2,V,QG3194
14098812,14119665,2,V,QG3194
14150836,14150836,2,V,QG3194
14219157,14219157,2,V,QG3194
8565706,8565706,2,V,QG3196
12041524,12175528,2,V,QG3196
13402171,13418326,2,V,QG3196
13785334,13786166,2,V,QG3196
13824681,13839364,2,V,QG3196
848729,848750,2,V,QG3197
1141751,1142692,2,V,QG3197
3272783,3273318,2,V,QG3197
13087589,13092839,2,V,QG3197
13204965,13385631,2,V,QG3197
2413420,2413551,2,V,QG3198
7703389,7703530,1,V,QG3198
7818837,7818877,1,V,QG3198
11569585,11570523,2,V,QG3198
13505106,13505293,1,V,QG3198
13759298,13759328,1,V,QG3198
1821225,1821225,2,V,QG3199
1968109,1971152,2,V,QG3199
6049408,6049471,2,V,QG3199
11008171,11008195,2,V,QG3199
12262811,12504411,2,V,QG3199
12734891,12858667,2,V,QG3199
2905964,2905970,2,V,QG3200
4476450,4504726,2,V,QG3200
5173691,5195744,2,V,QG3200
5227656,5245182,2,V,QG3200
11589930,11760081,2,V,QG3200
12319305,12935756,2,V,QG3200
13313207,13384833,2,V,QG3200
14303539,14303539,2,V,QG3200
12041524,12175528,2,V,QG3201
13891574,13892032,2,V,QG3201
1734332,1742205,1,V,QG3202
1841667,1860899,1,V,QG3202
1913376,1930417,1,V,QG3202
3481509,3484220,1,V,QG3202
14281974,14777939,2,V,QG3202
1846703,1849111,2,V,QG3203
10391714,10407584,2,V,QG3203
14303277,14548585,2,V,QG3203
1837349,1844938,2,V,QG3205
13122543,13122563,2,V,QG3205
13786271,13786382,2,V,QG3205
14199766,14777939,2,V,QG3205
1708028,4617207,2,V,QG3206
12292034,12384373,2,V,QG3206
13282610,13289716,2,V,QG3206
13505898,13528364,1,V,QG3206
13747537,13747537,1,V,QG3206
908059,908059,2,V,QG3207
4623611,4639678,2,V,QG3207
13031146,13031453,2,V,QG3207
13149698,13149906,2,V,QG3207
13578502,13581660,2,V,QG3207
14199766,14777939,2,V,QG3207
10343448,10343448,2,V,QG3208
13590079,13590079,2,V,QG3208
13821636,14344390,2,V,QG3208
1541787,1683914,2,V,QG3209
1963241,1963716,2,V,QG3209
12650970,12651561,1,V,QG3209
12777344,12830786,1,V,QG3209
13445343,13462361,1,V,QG3209
13821636,14344390,1,V,QG3209
14562992,14562992,1,V,QG3209
13976853,13988889,2,V,QG3211
14268585,14281984,2,V,QG3211
13158462,13175229,2,V,QG3212
13821636,14344390,2,V,QG3212
1444303,1444338,2,V,QG3213
1708028,4617207,2,V,QG3213
4657230,4664031,2,V,QG3213
4991030,4991141,2,V,QG3213
5284785,5291688,2,V,QG3213
12309402,12316760,2,V,QG3213
12626752,12626752,2,V,QG3213
12777344,12830786,2,V,QG3213
13170452,13170452,2,V,QG3213
13230783,13230783,2,V,QG3213
1708028,4617207,1,V,QG3214
4639677,4657294,1,V,QG3214
5126433,5126516,1,V,QG3214
5245189,5245189,1,V,QG3214
8056278,8056278,2,V,QG3214
11851892,11851902,2,V,QG3214
13145309,13433546,2,V,QG3214
14148819,14158672,2,V,QG3214
14809375,14809375,2,V,QG3214
957928,1708301,2,V,QG3215
1940995,1940995,2,V,QG3215
2241880,2248353,2,V,QG3215
11843876,11987565,2,V,QG3215
13233650,13244909,2,V,QG3215
13559588,13559702,2,V,QG3215
14019670,14025885,2,V,QG3215
526721,672380,2,V,QG3217
13505898,13528364,2,V,QG3217
14268585,14281984,2,V,QG3217
14344395,14344395,2,V,QG3217
1541787,1683914,2,V,QG3219
13473239,13484215,2,V,QG3219
13795447,13795447,2,V,QG3219
11649139,11708814,2,V,QG3220
14291785,14291840,2,V,QG3220
715245,950148,2,V,QG3221
13122543,13122563,2,V,QG3221
13505898,13635544,2,V,QG3221
13994114,13994141,2,V,QG3221
14199766,14777939,2,V,QG3221
12586292,12586292,2,V,QG3222
10462260,10467025,2,V,QG3223
12386555,12728613,2,V,QG3223
1708028,4617207,2,V,QG3224
12697971,12698145,2,V,QG3224
1708028,4617207,2,V,QG3225
11537953,11538004,2,V,QG3225
12386555,12499950,2,V,QG3225
13146014,13157807,2,V,QG3225
13821636,14344390,2,V,QG3225
803547,803631,2,V,QG3226
1541787,1683914,2,V,QG3226
11954868,12175528,2,V,QG3227
13799446,13972049,2,V,QG3227
14199766,14777939,2,V,QG3227
11110229,11123131,2,V,QG3230
13019095,13022965,2,V,QG3230
13821636,14344390,2,V,QG3230
13158462,13175229,2,V,QG3231
13473239,13484215,2,V,QG3231
13795447,13795447,2,V,QG3231
14216801,14216801,2,V,QG3231
889486,889486,2,V,QG3232
942266,942266,2,V,QG3232
5494877,5494880,2,V,QG3232
13785334,13785903,2,V,QG3233
13590643,13717413,2,V,QG3234
14268585,14281984,2,V,QG3234
957928,1708301,2,V,QG3235
1708028,4301442,2,V,QG3235
12595287,12595287,2,V,QG3235
580752,580756,2,V,QG3236
7645469,7936225,2,V,QG3236
13590643,13717413,2,V,QG3236
6895703,6895748,2,V,QG3237
12737244,12737244,2,V,QG3237
13783559,13783684,2,V,QG3237
11719541,11719541,2,V,QG3238
13813570,13818625,2,V,QG3238
13917909,13927512,2,V,QG3238
4107604,4107604,2,V,QG3239
11691545,11734314,2,V,QG3239
11843876,11987565,2,V,QG3239
13029982,13029988,2,V,QG3239
14325933,14325933,2,V,QG3239
14472937,14473346,2,V,QG3239
1338222,1417281,2,V,QG3240
12734891,12896560,2,V,QG3240
13821636,13972049,2,V,QG3240
14104291,14116073,2,V,QG3240
12734891,12776970,2,V,QG3241
13428312,13428380,2,V,QG3241
14357101,14358096,2,V,QG3241
1936824,1936824,2,V,QG3242
3319804,3319876,2,V,QG3242
8844277,8865161,2,V,QG3242
8850308,9493783,2,V,QG3242
11843876,11987565,2,V,QG3242
13603650,13603677,2,V,QG3242
1102717,1108487,2,V,QG3243
13821636,14344390,2,V,QG3243
1777505,1780848,2,V,QG3244
12292034,12384373,2,V,QG3244
14284383,14284961,2,V,QG3244
10286566,10436599,2,V,QG3245
702808,704688,2,V,QG3246
1852018,1852102,2,V,QG3246
3807340,3807389,2,V,QG3246
13821636,14344390,2,V,QG3246
957928,1708301,2,V,QG3249
2195384,2216850,2,V,QG3249
954170,957453,2,V,QG3250
1444596,1490184,2,V,QG3250
11793374,11794619,2,V,QG3250
1708028,4617207,2,V,QG3251
12697971,12698145,2,V,QG3251
13590643,13635544,2,V,QG3251
13799446,13972049,2,V,QG3251
14651882,14671369,2,V,QG3251
1266663,1266663,2,V,QG3252
9198016,9198025,2,V,QG3252
13821636,14344390,2,V,QG3252
3408681,3408733,2,V,QG3254
13823956,13823978,2,V,QG3254
14019670,14025885,2,V,QG3254
14117312,14117390,2,V,QG3254
14156353,14156953,2,V,QG3254
14199766,14777939,2,V,QG3254
11954868,12175528,2,V,QG3255
14211335,14211336,2,V,QG3255
9853828,9853874,2,V,QG3256
9943418,9943537,2,V,QG3256
1160676,1160676,2,V,QG3257
1708028,4301442,2,V,QG3257
12878606,12878668,2,V,QG3257
13821636,13972049,2,V,QG3257
11041615,11041758,2,V,QG3261
12390877,12390877,2,V,QG3261
1160676,1160676,2,V,QG3262
1708028,4301442,2,V,QG3262
9858878,9858885,2,V,QG3262
12907917,12907917,2,V,QG3262
13551542,13552290,2,V,QG3262
13799446,13972049,2,V,QG3262
1444596,1490184,2,V,QG3263
1541787,1683914,2,V,QG3263
9419302,9419392,2,V,QG3263
12905261,12905490,2,V,QG3263
10165155,10177427,2,V,QG3264
13769326,13783821,2,V,QG3265
1708028,4301442,2,V,QG3266
14196914,14197072,2,V,QG3266
1513045,1513887,2,V,QG3268
11571693,11571755,2,V,QG3268
12041524,12175528,2,V,QG3268
13824681,13839364,2,V,QG3268
14225945,14225945,2,V,QG3268
4406644,4657294,2,V,QG3269
5203308,5203308,2,V,QG3269
5227656,5245182,2,V,QG3269
1961967,1963716,2,V,QG3270
2449201,2458209,2,V,QG3270
12262811,12504411,2,V,QG3270
13418312,13446835,2,V,QG3270
13459825,13472013,2,V,QG3270
2645207,2645207,2,V,QG3271
13313207,13384833,2,V,QG3271
13754390,13754394,2,V,QG3271
13981878,13981894,2,V,QG3271
14513341,14522950,2,V,QG3271
1839512,1839512,2,V,QG3272
12995199,13009144,2,V,QG3272
13145309,13433546,2,V,QG3272
13818236,13818236,2,V,QG3272
7705517,7751654,2,V,QG3273
12319305,12504411,2,V,QG3273
12734891,12858667,2,V,QG3273
12988973,12988979,2,V,QG3273
2115946,2116175,2,V,QG3274
11710843,11711620,2,V,QG3274
1930455,1961967,2,V,QG3275
12734891,12896560,2,V,QG3275
2172785,2173132,2,V,QG3276
2364853,2364853,2,V,QG3276
13145309,13433546,2,V,QG3276
8976308,8976412,2,V,QG3277
11174074,11239084,2,V,QG3277
13433643,13442457,2,V,QG3277
14479264,14479264,2,V,QG3277
14576914,14651882,2,V,QG3277
14671369,14695595,2,V,QG3277
1103058,1103058,2,V,QG3278
12319305,12935756,2,V,QG3278
13901592,13901592,2,V,QG3278
14166720,14173616,2,V,QG3278
1913376,1930417,2,V,QG3280
2138138,2138165,2,V,QG3280
5334874,5335833,2,V,QG3280
13442508,13550850,2,V,QG3280
14268585,14281984,2,V,QG3280
14767893,14768369,2,V,QG3280
904962,905681,2,V,QG3281
925877,925922,2,V,QG3281
3911054,3914002,2,V,QG3281
13781212,13781368,2,V,QG3281
14009084,14009084,2,V,QG3281
14131841,14131859,2,V,QG3281
1159579,1194030,2,V,QG3282
2441043,2441043,2,V,QG3282
2559537,2581867,2,V,QG3282
4116847,4116997,2,V,QG3282
7997213,8014208,2,V,QG3282
10406005,10406005,2,V,QG3282
14268585,14281984,2,V,QG3282
11894157,11894157,2,V,QG3283
13971376,13971376,2,V,QG3283
764454,770014,2,V,QG3284
6136265,6136500,2,V,QG3284
12593630,12595979,2,V,QG3284
13723862,13727593,2,V,QG3284
1995059,1995059,2,V,QG3285
11896609,11927618,2,V,QG3285
14216357,14220436,2,V,QG3288
14270737,14270792,1,V,QG3288
14347922,14348432,1,V,QG3288
1124532,1124532,2,V,QG3289
12360321,12360321,2,V,QG3289
4406644,4680901,2,V,QG3290
8139419,8139419,2,V,QG3290
12360321,12362777,2,V,QG3290
14303277,14548585,2,V,QG3290
1271148,1271148,2,V,QG3294
9310861,9310896,2,V,QG3294
14303277,14548585,1,V,QG3294
1128045,1128045,2,V,QG3295
9692695,9692695,2,V,QG3295
12262811,12504411,2,V,QG3295
1373535,1373535,2,V,QG3296
8565706,8565706,2,V,QG3296
13206014,13233306,2,V,QG3296
13390095,13390179,2,V,QG3296
13602810,13603153,2,V,QG3296
14268585,14281984,2,V,QG3296
14586002,14586206,2,V,QG3296
13911676,13911738,2,V,QG3298
13594743,13594743,2,V,QG3300
716988,716988,2,V,QG3301
1734332,1742205,2,V,QG3301
2691314,2691341,2,V,QG3301
10858858,10877664,2,V,QG3301
12933392,12933393,2,V,QG3301
13851507,13878374,2,V,QG3301
1638041,1638041,1,V,QG3302
1658803,1658803,1,V,QG3302
12300589,12306767,2,V,QG3302
4366940,4657294,2,V,QG3304
13725352,13725490,2,V,QG3304
13738052,13738052,2,V,QG3304
599971,599971,2,V,QG3305
12734891,12858667,2,V,QG3305
14044921,14044921,2,V,QG3305
14303277,14548585,2,V,QG3305
13079939,13079967,2,V,QG3306
13442508,13550850,2,V,QG3306
13713094,13714831,2,V,QG3306
14142528,14143532,2,V,QG3306
9419842,9419956,2,V,QG3307
11465835,11468657,2,V,QG3307
12608593,12608593,2,V,QG3307
1648576,1648576,2,V,QG3308
12026215,12026215,1,V,QG3308
13035343,13045348,1,V,QG3308
13296340,13296966,2,V,QG3308
13244909,13251402,2,V,QG3309
4657230,4657294,2,V,QG3310
4685485,4685508,2,V,QG3310
5095038,5245182,2,V,QG3310
5245182,5291688,2,V,QG3310
12532926,12532981,2,V,QG3312
13204965,13385631,2,V,QG3312
14039118,14093075,2,V,QG3312
14133593,14133622,2,V,QG3312
12319305,12935756,2,V,QG3314
13265349,13265370,2,V,QG3314
13705845,13714102,2,V,QG3314
14098812,14119665,2,V,QG3314
14919348,14923064,2,V,QG3314
13600783,13600783,2,V,QG3316
12262349,12291858,2,V,QG3317
12734891,12858667,2,V,QG3317
12904921,12905003,2,V,QG3317
13971756,13972049,2,V,QG3317
2158233,2170426,2,V,QG3319
3895041,4065152,2,V,QG3319
13769326,13772541,2,V,QG3319
14021700,14022025,2,V,QG3319
14193613,14193613,2,V,QG3319
13250571,13251402,2,V,QG3320
1541787,1683914,2,V,QG3321
1708028,4617207,2,V,QG3321
13505898,13635544,2,V,QG3321
703252,715245,2,V,QG3322
1339024,1417281,2,V,QG3322
1707328,4617097,2,V,QG3322
14209303,14213685,2,V,QG3322
1708028,4301442,2,V,QG3324
1775580,1775580,2,V,QG3327
12235160,12235483,2,V,QG3327
1541787,1683914,2,V,QG3331
1706810,1706810,2,V,QG3331
14216520,14216520,2,V,QG3331
11421543,11421694,2,V,QG3333
13799446,13972049,2,V,QG3333
14488016,14489373,2,V,QG3333
1708028,4617207,2,V,QG3334
14199766,14777939,2,V,QG3334
1707455,1707466,2,V,QG3335
2062696,2062708,2,V,QG3335
12697971,12697983,2,V,QG3335
2877344,2877344,2,V,QG3336
10471822,10471853,2,V,QG3336
11760262,11792922,2,V,QG3336
12386555,12499950,2,V,QG3336
13158462,13175229,2,V,QG3336
14019452,14027923,2,V,QG3336
1117339,1131370,2,V,QG3337
2017887,2017893,2,V,QG3337
4657230,4657294,2,V,QG3337
5195391,5195391,2,V,QG3337
5245182,5245189,2,V,QG3337
13505898,13635544,2,V,QG3337
11751557,11843667,2,V,QG3342
12520413,12577388,2,V,QG3342
14104291,14116073,2,V,QG3344
2571240,2571240,2,V,QG3346
12262811,12291858,2,V,QG3346
13459825,13462361,2,V,QG3346
14158672,14164945,2,V,QG3346
702808,703300,2,V,QG3347
5490064,5490419,2,V,QG3347
12655725,12692479,2,V,QG3347
13998564,14009499,2,V,QG3347
1286836,1286836,2,V,QG3349
1297665,1298088,2,V,QG3349
2138138,2138165,2,V,QG3349
3709036,3709867,2,V,QG3349
12041524,12175528,2,V,QG3349
14231425,14231434,2,V,QG3349
10858858,10965944,2,V,QG3351
13459825,13472013,2,V,QG3351
9543444,9550103,2,V,QG3352
12319305,12935756,2,V,QG3352
13072846,13074318,2,V,QG3352
1939782,1939782,2,V,QG3354
3187493,3188806,2,V,QG3354
12865577,12868769,2,V,QG3354
1762986,1763082,2,V,QG3355
2404407,2404407,2,V,QG3355
2507054,2507054,2,V,QG3355
4657230,4664031,2,V,QG3355
4982796,4983128,2,V,QG3355
5245182,5291688,2,V,QG3355
10311944,10311944,2,V,QG3355
12520413,12577388,2,V,QG3357
12711768,12858667,2,V,QG3357
13892782,13911738,2,V,QG3357
14241450,14241458,2,V,QG3357
1119246,1119246,2,V,QG3358
1705943,1706080,2,V,QG3358
2550848,2552036,2,V,QG3358
12989509,13003426,2,V,QG3358
13313207,13384833,2,V,QG3358
14731048,14731060,2,V,QG3358
3830662,3830731,2,V,QG3362
5328114,5328114,2,V,QG3362
11169789,11169790,2,V,QG3362
13313207,13384833,2,V,QG3362
13595285,13595426,2,V,QG3362
13759121,13759222,2,V,QG3362
13798576,13799353,2,V,QG3362
1634488,1634488,2,V,QG3363
10296353,10296381,2,V,QG3363
13850311,13851441,2,V,QG3363
14770346,14770438,2,V,QG3363
12319305,12935756,2,V,QG3364
14576914,14628554,2,V,QG3364
1229655,1245101,2,V,QG3366
8943818,8943843,2,V,QG3366
13914273,13914306,2,V,QG3366
12492275,12492275,2,V,QG3367
13489316,13528364,2,V,QG3367
13646129,13646146,2,V,QG3367
14244898,14245730,2,V,QG3367
14283086,14283086,2,V,QG3367
2235723,2237306,2,V,QG3370
11347152,11366365,2,V,QG3370
2419555,2433751,2,V,QG3371
4386689,4657294,2,V,QG3371
4885759,4886372,2,V,QG3371
5227656,5245182,2,V,QG3371
14039118,14093075,2,V,QG3371
11145602,11366365,2,V,QG3372
14118397,14118439,2,V,QG3372
764454,770014,2,V,QG3373
888123,888199,2,V,QG3373
8913767,8913879,2,V,QG3373
8992685,9003063,2,V,QG3373
10902641,10902641,2,V,QG3373
14911369,14911567,2,V,QG3373
2158233,2170426,2,V,QG3374
12319305,12935756,2,V,QG3374
13133012,13177391,1,V,QG3374
13512680,13512680,1,V,QG3374
1913376,1930417,2,V,QG3377
9210640,9210640,2,V,QG3377
12734891,12897000,2,V,QG3377
12963866,12963999,2,V,QG3377
14098051,14098078,2,V,QG3377
14196914,14197072,2,V,QG3377
14340431,14340431,1,V,QG3377
14041670,14041670,2,V,QG3380
957928,1708301,2,V,QG3381
2146551,2146551,2,V,QG3381
13821636,14344390,2,V,QG3381
12818222,12818222,2,V,QG3383
13146014,13157807,2,V,QG3383
13821636,14344390,2,V,QG3383
1338222,1417281,2,V,QG3385
13761405,13767706,2,V,QG3385
957928,1708301,2,V,QG3387
13235598,13251402,2,V,QG3387
14268585,14281984,2,V,QG3387
624108,625141,2,V,QG3391
6125295,6129188,2,V,QG3391
12586292,12586292,2,V,QG3391
13263496,13263496,2,V,QG3391
13799446,13972049,2,V,QG3391
14104291,14116073,2,V,QG3391
14536512,14536512,2,V,QG3391
8110094,8110320,2,V,QG3392
11444438,11444478,2,V,QG3392
11649139,11708814,2,V,QG3392
13869883,13876014,2,V,QG3392
14268585,14281984,2,V,QG3392
361540,361540,2,V,QG3394
1541787,1683914,2,V,QG3394
6895703,6895748,2,V,QG3394
12386555,12728613,2,V,QG3394
1757081,1757081,2,V,QG3395
12041524,12212263,2,V,QG3395
13505898,13635544,2,V,QG3395
1824558,1824679,2,V,QG3396
11954868,12175528,2,V,QG3396
13253263,13253263,2,V,QG3396
13821636,13972049,2,V,QG3396
957928,1708301,2,V,QG3397
12339488,12384373,2,V,QG3397
12988111,12988217,2,V,QG3397
14157643,14157643,2,V,QG3400
1708028,4301442,2,V,QG3403
13167301,13167872,2,V,QG3403
14104291,14116073,2,V,QG3403
11140066,11140069,2,V,QG3404
13145309,13433546,2,V,QG3408
13821330,14344390,2,V,QG3408
14199766,14777939,2,V,QG3409
9728857,9728857,2,V,QG3410
10165947,10165949,2,V,QG3410
11830821,11830821,2,V,QG3410
13658623,13662827,2,V,QG3410
1265106,1265174,2,V,QG3412
12262349,12291858,2,V,QG3412
12711768,12858667,2,V,QG3412
13652503,13657112,2,V,QG3412
1972809,2003411,2,V,QG3414
2379532,2382866,2,V,QG3414
12195309,12238550,2,V,QG3414
13876693,13876693,2,V,QG3414
14214808,14215704,2,V,QG3414
14180651,14188556,2,V,QG3418
680571,703312,2,V,QG3421
1990990,1991710,2,V,QG3421
2359544,2360840,2,V,QG3421
3769098,3821247,2,V,QG3421
4133445,4294020,2,V,QG3421
8014292,8103642,2,V,QG3421
11760253,11831637,2,V,QG3421
14000878,14000982,2,V,QG3421
6308553,6308721,2,V,QG3427
12537292,12537314,2,V,QG3427
6992219,6992429,2,V,QG3432
13725352,13725490,2,V,QG3432
1396488,1396488,2,V,QG3434
14268585,14281984,2,V,QG3434
2025811,2030621,2,V,QG3437
6370375,6384362,2,V,QG3437
13204965,13385631,1,V,QG3437
14281974,14777939,1,V,QG3437
14890868,14890868,2,V,QG3437
607388,611685,2,V,QG3440
7401212,7512791,2,V,QG3440
11569585,11570523,2,V,QG3440
11949240,11950046,2,V,QG3440
12220573,12220575,2,V,QG3440
13313207,13384833,2,V,QG3440
13500584,13500602,2,V,QG3440
14303277,14548585,2,V,QG3440
13501882,13501883,2,V,QG3456
1738512,1738512,1,V,QG3457
1933474,1934760,1,V,QG3457
2708767,2708767,1,V,QG3457
11174074,11239084,1,V,QG3457
11639845,11639857,1,V,QG3457
12262811,12291858,2,V,QG3457
14034606,14034606,2,V,QG3457
851744,851774,2,V,QG3458
13821636,14344390,2,V,QG3458
4133445,4294020,2,V,QG3459
4530890,4530890,2,V,QG3459
12149809,12149809,2,V,QG3459
14000878,14003463,2,V,QG3459
1841667,1860899,2,V,QG3460
9495217,9495217,2,V,QG3460
10306621,10306692,2,V,QG3460
12262811,12504411,2,V,QG3460
12262811,12291858,2,V,QG3463
12577594,12603383,2,V,QG3463
13821636,13972049,2,V,QG3463
1338222,1417281,2,V,QG3464
1708028,4617207,2,V,QG3464
14019670,14025885,2,V,QG3464
14231425,14231516,2,V,QG3464
14325701,14325701,2,V,QG3464
12339488,12384373,2,V,QG3465
12697971,12698145,2,V,QG3465
13031146,13031453,2,V,QG3465
14268585,14281984,2,V,QG3465
926676,926760,2,V,QG3467
5549319,5549322,2,V,QG3467
14264458,14264831,2,V,QG3467
1823171,1823299,2,V,QG3468
1841697,1860899,2,V,QG3468
13040937,13040937,2,V,QG3468
13611387,13611565,2,V,QG3468
13663180,13678643,2,V,QG3468
13798429,13808912,2,V,QG3468
9561426,9600448,2,V,QG3469
12734891,12858667,2,V,QG3469
14166720,14196149,2,V,QG3469
2195384,2216850,2,V,QG3470
11818049,11818049,2,V,QG3470
13098332,13098412,2,V,QG3470
13489316,13528364,2,V,QG3470
13799446,13972049,2,V,QG3470
14007379,14013151,2,V,QG3470
13145309,13433546,2,V,QG3473
1526071,1526105,2,V,QG3474
12818222,12818222,2,V,QG3474
14178477,14180546,2,V,QG3474
14199766,14777939,2,V,QG3474
14281974,14777939,2,V,QG3477
13038129,13045354,2,V,QG3479
14130426,14130435,2,V,QG3479
14351762,14351762,2,V,QG3479
4623611,4639678,2,V,QG3480
11623123,11623189,2,V,QG3480
12401020,12401020,2,V,QG3480
13038129,13045354,2,V,QG3480
13813338,13818625,2,V,QG3480
957928,1708301,2,V,QG3481
3316919,3316943,2,V,QG3481
13317180,13317195,2,V,QG3481
14067320,14067320,2,V,QG3481
14199766,14777939,2,V,QG3481
13821636,13972049,2,V,QG3483
14224447,14224450,2,V,QG3483
12390877,12390877,2,V,QG3485
12734891,12896560,2,V,QG3485
14195826,14195833,2,V,QG3485
1264427,1264804,2,V,QG3488
1708028,4617207,2,V,QG3488
10286566,10436599,2,V,QG3488
13317180,13317195,2,V,QG3488
13799446,13972049,2,V,QG3488
9406946,9413118,2,V,QG3489
14499841,14500126,2,V,QG3489
2150953,2150953,2,V,QG3491
4657230,4664031,2,V,QG3491
4723770,4731480,2,V,QG3491
5245182,5291688,2,V,QG3491
10774295,10775998,2,V,QG3491
14097116,14097315,2,V,QG3491
2439233,2439316,1,V,QG3492
12111244,12111249,1,V,QG3492
12319305,12935756,2,V,QG3492
13204965,13385631,2,V,QG3492
14268585,14281984,2,V,QG3492
14700440,14700440,2,V,QG3492
2545772,2545855,2,V,QG3493
13649316,13650118,2,V,QG3493
14039118,14093075,2,V,QG3493
11596685,11597218,2,V,QG3494
11751557,11843667,2,V,QG3494
13584533,13585713,2,V,QG3494
1830248,1830368,2,V,QG3495
1841784,1841784,2,V,QG3495
2686268,2686271,2,V,QG3495
2930053,2931015,2,V,QG3495
3618500,3618647,2,V,QG3495
9210640,9210640,2,V,QG3495
10119807,10120489,2,V,QG3495
13810536,13811336,2,V,QG3495
14267503,14267503,2,V,QG3495
13715312,13717413,2,V,QG3499
14236513,14236895,2,V,QG3499
483097,483097,2,V,QG3500
2408580,2408717,2,V,QG3500
952292,968917,2,V,QG3502
12456264,12456480,2,V,QG3502
13321000,13358914,2,V,QG3502
13505898,13528364,2,V,QG3502
14216099,14216219,2,V,QG3502
11954868,12175528,2,V,QG3506
13031146,13031453,2,V,QG3506
13149698,13149906,2,V,QG3506
13715312,13715346,2,V,QG3506
13769326,13783821,2,V,QG3506
11843876,11992627,2,V,QG3507
13193807,13193807,2,V,QG3507
13824681,13836509,2,V,QG3507
14036870,14036885,2,V,QG3507
14050410,14098495,2,V,QG3507
9435301,9435301,2,V,QG3508
11570717,11697459,2,V,QG3508
13083620,13083642,2,V,QG3508
13313207,13384833,2,V,QG3508
13500042,13500076,2,V,QG3508
13824334,13824351,2,V,QG3508
14233940,14233940,2,V,QG3508
12316760,12319305,2,V,QG3509
13117980,13118724,2,V,QG3509
2611168,2611663,2,V,QG3510
12980091,13024274,2,V,QG3510
13208452,13209281,2,V,QG3510
1700978,1700978,2,V,QG3511
11977927,12006611,2,V,QG3511
13423886,13424310,2,V,QG3511
13737824,13737839,2,V,QG3511
14233207,14236248,2,V,QG3511
14281191,14780962,2,V,QG3511
15541593,15542293,2,X,QG3086
16709354,19713291,2,X,QG3086
6202809,6202809,2,X,QG3087
14556987,14556987,2,X,QG3087
8638569,8695504,2,X,QG3089
19694429,19694429,2,X,QG3089
20014530,20080689,2,X,QG3089
19628012,19628012,2,X,QG3090
20334553,20406284,2,X,QG3091
22103944,22135646,2,X,QG3091
21434074,21568024,2,X,QG3092
21649970,21658723,2,X,QG3092
16554166,16554166,2,X,QG3093
7127042,7127057,2,X,QG3095
7941845,7941848,2,X,QG3095
4968618,5024392,2,X,QG3096
22103510,22103510,1,X,QG3096
6492015,6906292,2,X,QG3097
16674046,19713291,2,X,QG3097
21820292,22014734,2,X,QG3097
21826126,22103453,2,X,QG3097
21753690,21991717,2,X,QG3101
19353995,19355872,2,X,QG3102
22514471,22828812,2,X,QG3102
10983410,11126814,2,X,QG3103
16652046,19712173,2,X,QG3103
7015853,7015940,2,X,QG3104
15813833,15912982,2,X,QG3104
16597264,16609166,2,X,QG3104
20024864,20080689,2,X,QG3104
8317812,8364103,2,X,QG3105
20259976,20259976,2,X,QG3105
22056884,22056884,2,X,QG3105
8862940,8864353,2,X,QG3106
22562729,22562729,2,X,QG3106
10587589,10587589,2,X,QG3107
15426549,15426549,2,X,QG3107
22275875,22829295,2,X,QG3109
6492063,6906589,2,X,QG3110
16674071,19712144,2,X,QG3110
21685365,21685425,2,X,QG3110
5207424,5207424,2,X,QG3112
15813833,15912982,2,X,QG3114
20014530,20024532,2,X,QG3114
22873162,22876393,2,X,QG3114
6298305,6310080,2,X,QG3115
16652515,18501406,2,X,QG3115
20208738,20209196,2,X,QG3116
4912741,4961414,2,X,QG3117
11977619,11979622,2,X,QG3117
21846944,21991717,2,X,QG3117
7176252,7397029,2,X,QG3118
9204558,9219396,2,X,QG3118
20339206,20405591,2,X,QG3118
22240831,22828938,2,X,QG3118
16709354,18454738,2,X,QG3119
13757024,13879287,2,X,QG3120
15044705,15046061,2,X,QG3120
18935572,18935572,2,X,QG3120
21846944,22103453,2,X,QG3120
8710073,8720233,2,X,QG3121
8825998,8825998,2,X,QG3121
19506744,19526336,2,X,QG3121
16289479,16379942,2,X,QG3124
20014530,20080689,2,X,QG3124
8071711,8082310,2,X,QG3125
11649115,11649115,2,X,QG3125
12902162,13427883,2,X,QG3125
16709354,19713291,2,X,QG3125
22513791,22829148,2,X,QG3126
15044705,15046061,2,X,QG3128
19865659,19967271,2,X,QG3130
21434074,21568024,2,X,QG3130
6442503,6442503,2,X,QG3132
19714242,21767367,2,X,QG3132
21846944,21991717,2,X,QG3132
12762008,12766332,2,X,QG3134
16709354,18454738,2,X,QG3135
7261816,7346459,2,X,QG3136
15813833,15912982,2,X,QG3136
16709354,19713291,2,X,QG3136
18736364,18736387,2,X,QG3137
22598365,22598365,2,X,QG3137
16182523,16289118,2,X,QG3138
19590742,19593975,2,X,QG3138
20024864,20080689,2,X,QG3138
4785826,4785826,2,X,QG3139
8657673,18454738,2,X,QG3139
21434074,21568024,2,X,QG3140
13757024,13879287,1,X,QG3141
15144427,15145303,1,X,QG3141
16709354,19713291,2,X,QG3141
7261816,7346459,1,X,QG3142
8307938,8311371,1,X,QG3142
20813686,21433744,2,X,QG3142
4834266,4834556,2,X,QG3143
2495564,2937169,2,X,QG3144
11772246,11772246,2,X,QG3144
6065400,6065400,2,X,QG3146
5171823,5755738,2,X,QG3147
2417656,2417656,2,X,QG3148
8012807,8012807,2,X,QG3148
21606774,21606774,2,X,QG3148
7794082,7916996,2,X,QG3149
9342249,9342249,2,X,QG3149
16702753,16705069,2,X,QG3149
16758580,16871340,2,X,QG3149
17483102,17483102,2,X,QG3149
18259719,18266702,2,X,QG3149
18621626,18621633,2,X,QG3149
22369940,22660368,1,X,QG3149
1005832,1010417,2,X,QG3150
2321774,2321774,2,X,QG3150
17283951,17284015,2,X,QG3150
19779850,19779889,2,X,QG3150
21767709,22120797,2,X,QG3150
3543072,3552502,2,X,QG3151
5191676,5589035,2,X,QG3151
20774221,20774221,2,X,QG3151
20912164,20912164,2,X,QG3151
3662580,3663396,2,X,QG3152
7184140,7184140,2,X,QG3152
15559711,15559927,2,X,QG3152
20688489,20688489,2,X,QG3153
18007471,18007471,2,X,QG3155
7275939,7301950,2,X,QG3156
7566396,7567556,1,X,QG3156
7716810,7718081,1,X,QG3156
2602931,2602931,2,X,QG3157
22014734,22369845,2,X,QG3157
23651673,23656544,2,X,QG3157
12173355,12180317,2,X,QG3158
22014734,22369845,2,X,QG3158
8720563,8720906,2,X,QG3159
17250227,17275276,2,X,QG3159
15476201,15534104,2,X,QG3160
16714753,16758272,2,X,QG3160
18253799,18259579,2,X,QG3160
2495564,2937169,2,X,QG3161
12224704,12224704,2,X,QG3161
18878462,18878462,2,X,QG3161
20064077,20064077,2,X,QG3161
22178062,22178312,2,X,QG3161
9195405,9586902,2,X,QG3162
9910583,9929020,2,X,QG3162
17483943,17483943,2,X,QG3162
10384438,10408968,2,X,QG3163
7036774,7039722,2,X,QG3164
3552502,3552502,2,X,QG3166
3942617,3942888,2,X,QG3166
5171823,5755738,2,X,QG3166
15779805,15784371,2,X,QG3166
19752173,19795004,2,X,QG3166
19983562,20172344,2,X,QG3166
2327142,2495305,2,X,QG3167
5732619,6394010,2,X,QG3167
10012479,10014274,1,X,QG3167
14437908,14532708,1,X,QG3167
15783387,15813833,1,X,QG3167
16702753,16705069,2,X,QG3167
21951935,21951935,2,X,QG3167
10153105,10196565,2,X,QG3168
17292290,17292401,2,X,QG3168
17542576,17542801,2,X,QG3168
20596844,20905100,2,X,QG3168
9418442,9419081,2,X,QG3169
19779850,19779889,2,X,QG3169
21767709,22120797,2,X,QG3169
6957982,6959867,2,X,QG3170
8317812,8418835,2,X,QG3170
11238215,11238215,2,X,QG3170
19247307,19247307,2,X,QG3170
2495564,2937169,2,X,QG3171
12848333,12884535,2,X,QG3171
13756573,13756579,2,X,QG3171
17054991,17077544,2,X,QG3171
15476201,15534104,2,X,QG3172
20407033,20408436,2,X,QG3172
20481762,20482016,2,X,QG3173
22692540,22695838,2,X,QG3173
21767709,22120797,2,X,QG3174
5761190,5761190,2,X,QG3175
6494379,6494379,2,X,QG3175
14205148,14246461,2,X,QG3175
20334553,20457404,2,X,QG3176
20596844,20905100,2,X,QG3176
10028178,10031952,2,X,QG3177
23807282,23807330,2,X,QG3177
4926490,4926490,2,X,QG3178
21594075,21594178,2,X,QG3178
7809267,7809315,2,X,QG3180
19627677,19722948,2,X,QG3180
13756573,14302131,2,X,QG3182
14850038,14870853,2,X,QG3182
22014734,22369845,2,X,QG3182
2495564,2937169,2,X,QG3183
17273831,17273831,2,X,QG3183
19171154,19273364,2,X,QG3185
20912164,20912164,2,X,QG3185
2322665,2322665,2,X,QG3186
2495564,2937169,2,X,QG3186
12352778,12434422,2,X,QG3186
12452545,12562147,2,X,QG3188
20490991,20613094,2,X,QG3188
20596844,20905100,2,X,QG3188
21767709,22120797,2,X,QG3188
22014734,22369845,2,X,QG3188
15138942,15139288,2,X,QG3192
21767709,22120797,2,X,QG3192
19586954,19586954,2,X,QG3193
19797499,19865217,2,X,QG3193
20596844,20905100,2,X,QG3193
1666709,1666709,2,X,QG3194
2495564,2937169,2,X,QG3194
3476639,3476884,2,X,QG3194
8315481,8317812,2,X,QG3194
21767709,22120797,2,X,QG3194
18734047,18734047,2,X,QG3196
2297336,2297748,2,X,QG3197
6586356,6586356,2,X,QG3197
9189826,9190792,2,X,QG3197
14710367,14715910,2,X,QG3197
20490991,20613094,2,X,QG3197
20596844,20905100,2,X,QG3197
3543072,3552502,2,X,QG3198
5191676,5589035,2,X,QG3198
9195405,9586902,2,X,QG3198
10425643,10438585,2,X,QG3198
17940631,17940828,2,X,QG3198
22368685,22370515,1,X,QG3198
23625183,23625183,1,X,QG3198
2925687,2925944,2,X,QG3199
18296742,18296742,2,X,QG3199
7169438,7169499,2,X,QG3200
7794082,7916996,2,X,QG3200
18982862,18994938,2,X,QG3200
21767709,22120797,2,X,QG3200
22014734,22369845,2,X,QG3200
1651836,1651836,2,X,QG3201
2531910,2531910,2,X,QG3201
6799551,6910973,1,X,QG3201
7415378,7454269,1,X,QG3201
8923719,8923719,2,X,QG3201
19752173,19795004,2,X,QG3201
8573182,8584813,2,X,QG3202
14329658,14329658,2,X,QG3203
22513791,22829295,2,X,QG3205
8531315,8567651,2,X,QG3206
19865659,19967271,2,X,QG3206
21573436,21573460,2,X,QG3206
22933891,22934166,2,X,QG3207
16709354,19713291,2,X,QG3208
19817177,19865383,2,X,QG3208
16709354,19713291,2,X,QG3209
9533085,9543290,2,X,QG3211
14478847,14480746,1,X,QG3211
16674242,19713291,1,X,QG3211
21820292,21991717,2,X,QG3212
4968618,5024392,2,X,QG3213
7981104,7981104,2,X,QG3213
16709354,19713291,2,X,QG3213
19994070,19999391,2,X,QG3213
22232439,22232439,2,X,QG3215
19714242,21767367,2,X,QG3217
23000735,23214573,2,X,QG3217
13942027,13962377,2,X,QG3219
16709354,19713291,2,X,QG3219
22275875,22513620,2,X,QG3219
19714242,21767367,2,X,QG3220
12004877,12653540,2,X,QG3221
12902162,13427883,2,X,QG3221
22452181,22452185,2,X,QG3221
22956518,23214573,2,X,QG3221
19714242,21767367,2,X,QG3224
22513791,22829295,2,X,QG3225
20324350,20325019,2,X,QG3226
22513791,22829295,2,X,QG3226
8317812,8364103,2,X,QG3227
7346557,7397252,2,X,QG3230
23448365,23448365,2,X,QG3230
19351183,19351621,2,X,QG3231
20024864,20080689,2,X,QG3231
21820292,21991717,2,X,QG3231
22275875,22513620,2,X,QG3232
18943552,18969536,2,X,QG3233
22230005,22230005,2,X,QG3234
22275875,22513620,2,X,QG3235
22956518,23214573,2,X,QG3236
6333000,6424346,2,X,QG3237
8638569,8695504,2,X,QG3237
16709354,19713291,2,X,QG3239
8657673,18454738,2,X,QG3240
22504990,22504990,2,X,QG3241
6333000,6424346,2,X,QG3242
8031280,8031302,2,X,QG3242
7159055,7159055,2,X,QG3243
18789724,18789959,2,X,QG3243
19295957,19297004,2,X,QG3243
11602587,11602587,2,X,QG3244
16653361,16670657,2,X,QG3244
6023853,6032749,2,X,QG3245
16709354,18454738,2,X,QG3246
7486354,7487348,2,X,QG3250
19865659,19967271,2,X,QG3250
21819469,21819497,2,X,QG3250
22261138,22261533,2,X,QG3250
19292897,19295412,2,X,QG3251
20635854,21433744,2,X,QG3251
7261816,7346459,2,X,QG3252
11833992,11845713,2,X,QG3252
18892430,18892430,2,X,QG3252
20813686,21433744,2,X,QG3252
8657673,18454738,2,X,QG3254
9842630,9845110,2,X,QG3256
6333000,6424346,2,X,QG3257
16709354,19713291,2,X,QG3257
22275875,22513620,2,X,QG3257
16709354,18454738,2,X,QG3261
6333000,6424346,2,X,QG3262
19364451,19364573,2,X,QG3264
22956518,23214573,2,X,QG3265
21434074,21568024,2,X,QG3266
8071711,8082310,1,X,QG3267
9481250,9481251,1,X,QG3267
21820292,21991717,2,X,QG3267
22275875,22513620,2,X,QG3267
17736610,17848036,2,X,QG3268
4834266,4834556,2,X,QG3269
15912981,15912981,2,X,QG3269
19752173,19795004,2,X,QG3270
23253935,23254837,2,X,QG3270
11516745,11534741,2,X,QG3271
21643293,21643300,2,X,QG3271
16038389,16266047,2,X,QG3272
3497372,3497372,2,X,QG3273
19506744,19523269,2,X,QG3273
2495564,2937169,2,X,QG3274
14122996,14122996,2,X,QG3274
3942617,3942888,2,X,QG3276
7744700,7744830,2,X,QG3276
15000094,15018854,2,X,QG3276
15172093,15172182,2,X,QG3276
15476201,15534104,2,X,QG3276
8753685,8753685,2,X,QG3277
16876475,16876475,2,X,QG3277
21767709,22120797,2,X,QG3277
4041158,4041158,2,X,QG3278
4242525,4245240,2,X,QG3278
9950899,9953595,2,X,QG3278
13447167,13447167,2,X,QG3280
15986354,16038389,2,X,QG3280
16538014,16538634,2,X,QG3280
21767709,22120797,2,X,QG3280
7654775,7655202,2,X,QG3281
12970424,12970424,2,X,QG3281
12441059,12451644,2,X,QG3282
2989658,2989658,2,X,QG3283
2495564,2937169,2,X,QG3284
12947973,13427651,2,X,QG3285
19679686,19679686,2,X,QG3285
18605622,18607418,2,X,QG3288
21767709,22120797,2,X,QG3288
4912811,4961414,2,X,QG3289
10850398,10850710,2,X,QG3289
20596844,20905100,2,X,QG3289
10071010,10072125,2,X,QG3290
19334538,19334973,2,X,QG3290
19376181,19376655,2,X,QG3290
3007546,3007546,2,X,QG3294
8639273,8639273,2,X,QG3294
11324864,11327475,2,X,QG3294
15912982,15986354,2,X,QG3295
21904929,21904929,2,X,QG3295
3486361,3511258,2,X,QG3296
9191229,9191229,2,X,QG3296
20912164,20912164,2,X,QG3296
12893123,12897852,2,X,QG3297
18767963,18769567,2,X,QG3297
21350938,21354112,2,X,QG3297
21915373,21915373,2,X,QG3297
14205148,14246461,2,X,QG3298
904130,905836,2,X,QG3300
10864417,10883222,2,X,QG3300
15783387,15813833,2,X,QG3300
9757748,9762674,2,X,QG3301
14918781,14921470,2,X,QG3301
19727725,19727725,2,X,QG3301
6509794,6509794,2,X,QG3302
8649796,8657673,2,X,QG3302
17411658,17411877,2,X,QG3302
2495564,2937169,2,X,QG3304
18943552,18969536,2,X,QG3304
1427518,1427518,2,X,QG3305
2495564,2937169,2,X,QG3305
9084057,9084057,2,X,QG3305
21767709,22120797,2,X,QG3305
22014734,22369845,2,X,QG3305
21767709,22120797,2,X,QG3306
8468242,8490650,2,X,QG3307
15118617,15118617,2,X,QG3307
2691791,2691835,2,X,QG3309
7398639,7399655,2,X,QG3309
22369940,22660215,2,X,QG3309
6799551,6910973,2,X,QG3310
16548837,16548837,2,X,QG3312
16924851,16927675,2,X,QG3312
2966257,2966257,2,X,QG3314
8293761,8293761,2,X,QG3314
9195405,9586902,2,X,QG3314
13132376,13132376,2,X,QG3314
20342430,20342430,2,X,QG3314
2495564,2937169,2,X,QG3316
9950899,9953595,2,X,QG3320
18510289,18511460,2,X,QG3320
22109162,22827417,2,X,QG3322
20195898,20196256,2,X,QG3324
22275875,22513620,2,X,QG3324
22933891,22934166,2,X,QG3324
18863143,18865342,2,X,QG3331
14921468,14921470,2,X,QG3334
16709354,18454738,2,X,QG3334
19714242,21767367,2,X,QG3334
21751946,21820229,2,X,QG3334
10983269,11133345,2,X,QG3335
18820678,18820942,2,X,QG3336
8657673,18454738,2,X,QG3342
18540705,18540705,2,X,QG3342
18713940,18715814,2,X,QG3342
22513791,22829295,2,X,QG3342
9692151,9695516,2,X,QG3344
16709354,19713291,2,X,QG3344
22513791,22829295,1,X,QG3344
8657673,18454738,2,X,QG3346
19714242,21767367,2,X,QG3346
7754501,7754956,2,X,QG3347
16709354,18454738,2,X,QG3347
18575121,18575225,2,X,QG3347
22956518,23214573,2,X,QG3347
3552502,3552502,2,X,QG3349
16067574,16067574,2,X,QG3349
14630571,14710367,2,X,QG3351
18296742,18310057,2,X,QG3351
18594674,18594749,2,X,QG3351
19436559,19436559,2,X,QG3351
19627677,19722948,2,X,QG3352
21366873,21366939,2,X,QG3352
7012387,7012439,2,X,QG3355
8830675,8844418,2,X,QG3355
23585750,23586518,2,X,QG3355
17940631,17940828,2,X,QG3357
18083275,18083681,2,X,QG3358
2543144,2543144,2,X,QG3362
13756573,14302131,2,X,QG3362
20616104,20616104,2,X,QG3362
1463867,1463867,2,X,QG3363
2495564,2937169,2,X,QG3363
7347438,7362829,2,X,QG3363
15172093,15172182,2,X,QG3363
18082694,18083758,2,X,QG3363
19865253,19967271,2,X,QG3363
12119987,12119987,2,X,QG3364
14437908,14532708,2,X,QG3364
10122009,10122009,2,X,QG3366
16744925,16744925,2,X,QG3366
15141106,15143811,2,X,QG3371
8753685,8753685,2,X,QG3372
17374581,17386780,1,X,QG3372
18969929,18982766,1,X,QG3372
19171154,19273364,2,X,QG3372
21767709,22120797,2,X,QG3372
2498357,2498357,2,X,QG3373
14329658,14329658,2,X,QG3373
19712147,19712147,2,X,QG3373
2691791,2691835,2,X,QG3374
14205148,14246461,2,X,QG3374
21856722,21856722,2,X,QG3374
22014734,22369845,2,X,QG3374
3486361,3511258,2,X,QG3377
16758580,16871340,2,X,QG3377
7261816,7346459,2,X,QG3380
16709354,18454738,2,X,QG3381
20813686,21433744,1,X,QG3381
6993421,6994427,2,X,QG3383
8657673,18454738,2,X,QG3383
20813686,21433744,2,X,QG3383
8531315,8567651,2,X,QG3385
16709354,19713291,2,X,QG3385
19721640,19721640,2,X,QG3392
21846944,22103453,2,X,QG3392
22956518,23214573,2,X,QG3394
22956518,23214573,2,X,QG3395
7499863,7500957,2,X,QG3396
16709354,19713291,2,X,QG3396
8796317,8796317,2,X,QG3397
16709354,19713291,2,X,QG3400
23414635,23414635,2,X,QG3400
16709354,19713291,2,X,QG3403
22956518,23214573,2,X,QG3403
19590742,19593975,2,X,QG3404
8657673,18454738,2,X,QG3408
16709354,19713291,2,X,QG3408
7834832,7835233,2,X,QG3409
16674242,16708588,1,X,QG3409
21846944,22103453,1,X,QG3409
14302132,14315011,2,X,QG3410
18935572,18935572,2,X,QG3410
13756573,14302131,2,X,QG3412
9630778,9631797,2,X,QG3414
17736610,17848036,2,X,QG3414
16195145,16195145,2,X,QG3418
19276770,19276829,2,X,QG3418
2163663,2163663,2,X,QG3421
6651910,6653723,2,X,QG3421
7824472,7829551,2,X,QG3421
10977102,11168907,2,X,QG3421
11284245,11284897,2,X,QG3421
14901235,14903268,2,X,QG3421
22014734,22369845,2,X,QG3421
4001762,4058270,2,X,QG3427
6655311,6672062,2,X,QG3432
8231880,8267823,2,X,QG3432
15783387,15784518,2,X,QG3432
17739564,17739564,2,X,QG3432
19983562,20172344,2,X,QG3432
17857490,17857490,2,X,QG3434
2482437,2482437,2,X,QG3437
6799551,6910973,2,X,QG3437
19266164,19266164,2,X,QG3437
2327142,2495305,2,X,QG3440
8517456,8540291,2,X,QG3440
17250227,17275276,2,X,QG3440
21255589,21258057,2,X,QG3440
8410939,8411131,2,X,QG3456
11340013,11340069,2,X,QG3457
15813833,15912982,2,X,QG3457
9631797,9674081,2,X,QG3458
20813686,21433744,2,X,QG3458
11314682,11316224,2,X,QG3459
22570836,22571004,2,X,QG3459
2495564,2937169,2,X,QG3460
20813686,21433744,2,X,QG3464
14710367,14715910,2,X,QG3467
18715998,18716048,2,X,QG3467
6831843,6831850,2,X,QG3468
15192096,15192370,2,X,QG3468
21934337,21934337,2,X,QG3468
22929783,22929783,2,X,QG3468
7794082,7916996,2,X,QG3469
17404572,17405455,2,X,QG3469
10076638,10079066,2,X,QG3470
16709354,19713291,2,X,QG3470
19714242,21767367,2,X,QG3470
11950305,11950305,2,X,QG3472
16709354,19713291,2,X,QG3472
16709354,19713291,2,X,QG3473
16709354,19713291,2,X,QG3474
4205383,4205565,2,X,QG3477
10984920,10984920,2,X,QG3477
18426596,18437084,2,X,QG3477
18800412,18801056,2,X,QG3477
15316297,15316297,2,X,QG3479
20260137,20260137,2,X,QG3480
21434074,21767367,1,X,QG3481
22247930,22249388,1,X,QG3481
22513791,22829295,2,X,QG3483
7346557,7397252,2,X,QG3485
16709354,18454738,2,X,QG3485
22577943,22579649,2,X,QG3488
15813833,15912982,2,X,QG3489
2495564,2937169,2,X,QG3491
8060240,8063091,2,X,QG3492
18252657,18252657,2,X,QG3492
8546103,8728152,2,X,QG3493
15300277,15301114,2,X,QG3493
18144275,18145216,2,X,QG3493
18644776,18645082,2,X,QG3493
19044899,19099971,2,X,QG3493
22485073,22486102,2,X,QG3495
5014044,5014044,2,X,QG3499
7068598,7068598,2,X,QG3499
13152970,13152970,2,X,QG3499
21767709,22120797,2,X,QG3499
22014734,22369845,2,X,QG3499
6436402,6439610,2,X,QG3500
10114144,10129179,2,X,QG3500
10748640,10889528,2,X,QG3500
16702753,16705069,2,X,QG3500
17739003,17739003,2,X,QG3500
7261816,7346459,2,X,QG3506
1519591,1519591,2,X,QG3507
5159990,5159990,2,X,QG3508
7645277,7645634,2,X,QG3508
21576303,21576303,2,X,QG3508
16709354,19713291,2,X,QG3509
21820292,21991717,2,X,QG3509
23000735,23214573,2,X,QG3510
6388505,6388505,2,X,QG3511
16509506,16509506,2,X,QG3511
