ppos1,ppos2,mean.r2,nobs,chrom,panel,domain
1,20001,0.6213609995518463,1408155,I,α,arm
20001,40001,0.5555307521072606,1227194,I,α,arm
40001,60001,0.5215241040962536,1203806,I,α,arm
60001,80001,0.4989939301156142,1147507,I,α,arm
80001,100001,0.4736004577144168,1147427,I,α,arm
100001,120001,0.4526692821533461,1120233,I,α,arm
120001,140001,0.43464358433575506,1102404,I,α,arm
140001,160001,0.4128558863519443,1142437,I,α,arm
160001,180001,0.3981795366955433,1118374,I,α,arm
180001,200001,0.3752964443555651,1075777,I,α,arm
200001,220001,0.35322232981598917,1077457,I,α,arm
220001,240001,0.3386409948453428,1020030,I,α,arm
240001,260001,0.3267431113689628,990451,I,α,arm
260001,280001,0.32053475881870863,994050,I,α,arm
280001,300001,0.30729074658859706,975316,I,α,arm
300001,320001,0.2887760825387516,981526,I,α,arm
320001,340001,0.27703811540855044,954718,I,α,arm
340001,360001,0.2666716361019426,960250,I,α,arm
360001,380001,0.2569008745700426,939157,I,α,arm
380001,400001,0.24739216534865593,907604,I,α,arm
400001,420001,0.2445282875705412,908650,I,α,arm
420001,440001,0.24216515098117036,892746,I,α,arm
440001,460001,0.2428198943132271,871749,I,α,arm
460001,480001,0.2294850801910332,885267,I,α,arm
480001,500001,0.22187399505728633,873123,I,α,arm
500001,520001,0.21864127495479135,855831,I,α,arm
520001,540001,0.2047434894238109,846093,I,α,arm
540001,560001,0.19540249666870968,829588,I,α,arm
560001,580001,0.18257675798517428,850920,I,α,arm
580001,600001,0.1751704191987392,837100,I,α,arm
600001,620001,0.17129065840477967,839271,I,α,arm
620001,640001,0.1672664732333785,844677,I,α,arm
640001,660001,0.16442927571305063,798056,I,α,arm
660001,680001,0.16151873473838482,783188,I,α,arm
680001,700001,0.15059811759656044,812155,I,α,arm
700001,720001,0.1515623406420933,800621,I,α,arm
720001,740001,0.1431133930825336,813376,I,α,arm
740001,760001,0.13059317063027726,803914,I,α,arm
760001,780001,0.12626287293124022,803674,I,α,arm
780001,800001,0.12221786625321762,811825,I,α,arm
800001,820001,0.11514177408894251,762271,I,α,arm
820001,840001,0.11163836683922175,745053,I,α,arm
840001,860001,0.1020273778189704,747103,I,α,arm
860001,880001,0.09570387193641275,750419,I,α,arm
880001,900001,0.09452045488220552,760618,I,α,arm
900001,920001,0.09167739300082538,741757,I,α,arm
920001,940001,0.08784169690379048,730777,I,α,arm
940001,960001,0.08004263990390786,737894,I,α,arm
960001,980001,0.07433946703586385,709821,I,α,arm
1,20001,0.6510644847667848,1383011,I,α,arm&center
20001,40001,0.5871199077747701,1209594,I,α,arm&center
40001,60001,0.5592086111517872,1164747,I,α,arm&center
60001,80001,0.5390646087227409,1135346,I,α,arm&center
80001,100001,0.5222903618994061,1136870,I,α,arm&center
100001,120001,0.505297604379687,1126859,I,α,arm&center
120001,140001,0.4903211126615176,1124277,I,α,arm&center
140001,160001,0.47663882780253164,1127928,I,α,arm&center
160001,180001,0.46700130066052303,1118931,I,α,arm&center
180001,200001,0.4543506450264622,1108129,I,α,arm&center
200001,220001,0.43953994236026517,1122766,I,α,arm&center
220001,240001,0.4334882257867429,1098177,I,α,arm&center
240001,260001,0.4259220152333643,1075439,I,α,arm&center
260001,280001,0.42265449724646587,1077321,I,α,arm&center
280001,300001,0.42105043439842976,1058456,I,α,arm&center
300001,320001,0.41165182756927904,1066190,I,α,arm&center
320001,340001,0.40397179709850656,1058716,I,α,arm&center
340001,360001,0.39524100041604315,1070131,I,α,arm&center
360001,380001,0.3951691744519882,1053944,I,α,arm&center
380001,400001,0.3911457865004482,1017092,I,α,arm&center
400001,420001,0.3940614799109123,1016686,I,α,arm&center
420001,440001,0.39540149124284096,1027694,I,α,arm&center
440001,460001,0.39704796928797903,1035509,I,α,arm&center
460001,480001,0.3914302450079528,1040016,I,α,arm&center
480001,500001,0.3825517757076525,1019985,I,α,arm&center
500001,520001,0.3835835700696296,1019686,I,α,arm&center
520001,540001,0.37414515644917656,1008108,I,α,arm&center
540001,560001,0.36479780090014624,999050,I,α,arm&center
560001,580001,0.35677199348167016,1009672,I,α,arm&center
580001,600001,0.34945031135582566,1005328,I,α,arm&center
600001,620001,0.3486628504683978,1000912,I,α,arm&center
620001,640001,0.3476542580393752,995795,I,α,arm&center
640001,660001,0.34704738213708414,979024,I,α,arm&center
660001,680001,0.3467909554867286,983512,I,α,arm&center
680001,700001,0.33443712348661664,997132,I,α,arm&center
700001,720001,0.3345729449872939,994366,I,α,arm&center
720001,740001,0.3262234155279184,999526,I,α,arm&center
740001,760001,0.3200780450717787,993085,I,α,arm&center
760001,780001,0.3144817332100382,1010498,I,α,arm&center
780001,800001,0.3091952659224715,1021801,I,α,arm&center
800001,820001,0.3053786129108704,986194,I,α,arm&center
820001,840001,0.30413679831040874,968113,I,α,arm&center
840001,860001,0.2984071729960822,971439,I,α,arm&center
860001,880001,0.29729787594370977,983118,I,α,arm&center
880001,900001,0.30088364968988923,992581,I,α,arm&center
900001,920001,0.30465115594208186,983217,I,α,arm&center
920001,940001,0.2976756757623369,985300,I,α,arm&center
940001,960001,0.29845932827771765,994962,I,α,arm&center
960001,980001,0.3002863909389713,977618,I,α,arm&center
1,20001,0.6809089674788328,1422060,I,α,center
20001,40001,0.62241343316193,1238287,I,α,center
40001,60001,0.6007613588584136,1156827,I,α,center
60001,80001,0.5823515273016869,1146187,I,α,center
80001,100001,0.5722484970513837,1149281,I,α,center
100001,120001,0.5588700741254616,1149710,I,α,center
120001,140001,0.5473559695379597,1152288,I,α,center
140001,160001,0.5474383709983729,1111722,I,α,center
160001,180001,0.5458458843251456,1104491,I,α,center
180001,200001,0.5388041777077562,1118751,I,α,center
200001,220001,0.5278809505394744,1140195,I,α,center
220001,240001,0.5232165034201787,1140426,I,α,center
240001,260001,0.5219434278934776,1121636,I,α,center
260001,280001,0.5230153910063838,1116186,I,α,center
280001,300001,0.5296653045284084,1088507,I,α,center
300001,320001,0.5277600869129675,1079818,I,α,center
320001,340001,0.5221437428480268,1079184,I,α,center
340001,360001,0.517888905798571,1091844,I,α,center
360001,380001,0.5249739182005657,1081095,I,α,center
380001,400001,0.5261816531576116,1046583,I,α,center
400001,420001,0.5385186548982468,1043545,I,α,center
420001,440001,0.5383930258478148,1068865,I,α,center
440001,460001,0.5367872400508299,1090531,I,α,center
460001,480001,0.5401409233653724,1078515,I,α,center
480001,500001,0.5323710200763758,1061256,I,α,center
500001,520001,0.5315943773640314,1077195,I,α,center
520001,540001,0.5267883577542151,1050569,I,α,center
540001,560001,0.5225521867240834,1021514,I,α,center
560001,580001,0.5199367739470512,1011627,I,α,center
580001,600001,0.5038217471354497,1027758,I,α,center
600001,620001,0.504043560630765,1030505,I,α,center
620001,640001,0.5091219279109369,1016792,I,α,center
640001,660001,0.5024859092372844,1010943,I,α,center
660001,680001,0.5012183829528287,1015612,I,α,center
680001,700001,0.49386059259991616,1009198,I,α,center
700001,720001,0.4918992109260076,1016272,I,α,center
720001,740001,0.48654092992983355,1015137,I,α,center
740001,760001,0.483208607144818,1004816,I,α,center
760001,780001,0.4771702991926257,1014807,I,α,center
780001,800001,0.4722469297706742,1019747,I,α,center
800001,820001,0.46897713361755294,982544,I,α,center
820001,840001,0.46967984683324626,955360,I,α,center
840001,860001,0.4693585636945304,956465,I,α,center
860001,880001,0.4744974352112583,981262,I,α,center
880001,900001,0.48142652572858874,999867,I,α,center
900001,920001,0.4828976346766429,989818,I,α,center
920001,940001,0.47364823829807345,986661,I,α,center
940001,960001,0.4799686697210655,996993,I,α,center
960001,980001,0.4835670040705117,989784,I,α,center
1,20001,0.4473891163751192,1670161,I,α&β,arm
20001,40001,0.36951313951122083,1497680,I,α&β,arm
40001,60001,0.33728753966320374,1479494,I,α&β,arm
60001,80001,0.30958298657626776,1434407,I,α&β,arm
80001,100001,0.29317183252507323,1427503,I,α&β,arm
100001,120001,0.28200277465113427,1414136,I,α&β,arm
120001,140001,0.26661063846407523,1400957,I,α&β,arm
140001,160001,0.2575306461969187,1423510,I,α&β,arm
160001,180001,0.25016588299900083,1397631,I,α&β,arm
180001,200001,0.2355540228991435,1355952,I,α&β,arm
200001,220001,0.22829179225272578,1354671,I,α&β,arm
220001,240001,0.21695345648709938,1320102,I,α&β,arm
240001,260001,0.2076481638748831,1301450,I,α&β,arm
260001,280001,0.20375328262741235,1297508,I,α&β,arm
280001,300001,0.19662801493893475,1285683,I,α&β,arm
300001,320001,0.1889694427725781,1298365,I,α&β,arm
320001,340001,0.18009467295610337,1264503,I,α&β,arm
340001,360001,0.17215942162008205,1270276,I,α&β,arm
360001,380001,0.16527415171577095,1279416,I,α&β,arm
380001,400001,0.15752378618388788,1276906,I,α&β,arm
400001,420001,0.15818305689197565,1277395,I,α&β,arm
420001,440001,0.15815740166676362,1258600,I,α&β,arm
440001,460001,0.16000020500792272,1240169,I,α&β,arm
460001,480001,0.1548593737118934,1243418,I,α&β,arm
480001,500001,0.1500406230139839,1211303,I,α&β,arm
500001,520001,0.14584883749686353,1186100,I,α&β,arm
520001,540001,0.14030824048911208,1193030,I,α&β,arm
540001,560001,0.13644173129591455,1173178,I,α&β,arm
560001,580001,0.13105662617389902,1186262,I,α&β,arm
580001,600001,0.12583724387562345,1169168,I,α&β,arm
600001,620001,0.12342318655954282,1172069,I,α&β,arm
620001,640001,0.12195047789385159,1164045,I,α&β,arm
640001,660001,0.12166124858408367,1117794,I,α&β,arm
660001,680001,0.125615785471588,1093408,I,α&β,arm
680001,700001,0.11892481548103279,1110595,I,α&β,arm
700001,720001,0.11868003407205062,1088477,I,α&β,arm
720001,740001,0.11189681706883704,1102955,I,α&β,arm
740001,760001,0.10646323591407102,1085743,I,α&β,arm
760001,780001,0.1046370775191601,1090043,I,α&β,arm
780001,800001,0.10429985164036373,1082580,I,α&β,arm
800001,820001,0.09942911706670665,1039652,I,α&β,arm
820001,840001,0.09705512171969573,1019187,I,α&β,arm
840001,860001,0.09094506935312392,1012790,I,α&β,arm
860001,880001,0.08524864793306565,1018527,I,α&β,arm
880001,900001,0.08432524738635208,1015715,I,α&β,arm
900001,920001,0.08312385365520289,997955,I,α&β,arm
920001,940001,0.08195464476672903,994512,I,α&β,arm
940001,960001,0.076549841962359,991594,I,α&β,arm
960001,980001,0.07213120426372441,981416,I,α&β,arm
1,20001,0.4470856588798033,1770508,I,α&β,arm&center
20001,40001,0.3768386132511031,1588940,I,α&β,arm&center
40001,60001,0.3460079238377698,1558183,I,α&β,arm&center
60001,80001,0.3230456016555046,1554410,I,α&β,arm&center
80001,100001,0.30922697936003424,1559923,I,α&β,arm&center
100001,120001,0.2994638414149436,1552006,I,α&β,arm&center
120001,140001,0.2900054020259104,1546046,I,α&β,arm&center
140001,160001,0.28598982636176096,1538217,I,α&β,arm&center
160001,180001,0.28073482735554456,1519794,I,α&β,arm&center
180001,200001,0.2714887599832781,1523868,I,α&β,arm&center
200001,220001,0.2694969641915647,1543726,I,α&β,arm&center
220001,240001,0.2655273117909154,1509156,I,α&β,arm&center
240001,260001,0.2616710552183209,1489332,I,α&β,arm&center
260001,280001,0.2593396247151169,1488886,I,α&β,arm&center
280001,300001,0.25240824464763206,1487969,I,α&β,arm&center
300001,320001,0.2453611430034383,1505968,I,α&β,arm&center
320001,340001,0.24260137830842507,1489079,I,α&β,arm&center
340001,360001,0.238716285443637,1491233,I,α&β,arm&center
360001,380001,0.2315161947432226,1496542,I,α&β,arm&center
380001,400001,0.22640220472910413,1480410,I,α&β,arm&center
400001,420001,0.22853381241961,1483167,I,α&β,arm&center
420001,440001,0.2301656602275803,1488722,I,α&β,arm&center
440001,460001,0.23374059825329796,1482418,I,α&β,arm&center
460001,480001,0.23430372104438255,1478221,I,α&β,arm&center
480001,500001,0.23201712740972927,1452120,I,α&β,arm&center
500001,520001,0.2295073068392168,1445042,I,α&β,arm&center
520001,540001,0.22001474078216166,1443748,I,α&β,arm&center
540001,560001,0.21571148800026876,1438048,I,α&β,arm&center
560001,580001,0.21334110401745215,1452480,I,α&β,arm&center
580001,600001,0.2080895489914438,1458644,I,α&β,arm&center
600001,620001,0.20653810192662062,1451698,I,α&β,arm&center
620001,640001,0.20556974825428165,1427116,I,α&β,arm&center
640001,660001,0.20289885551798878,1403112,I,α&β,arm&center
660001,680001,0.20549432451897814,1405544,I,α&β,arm&center
680001,700001,0.2029624944991647,1418218,I,α&β,arm&center
700001,720001,0.20570979231738618,1401544,I,α&β,arm&center
720001,740001,0.20315909250233175,1407006,I,α&β,arm&center
740001,760001,0.19958721358345072,1397100,I,α&β,arm&center
760001,780001,0.1916048036818237,1412245,I,α&β,arm&center
780001,800001,0.18704455383249202,1429179,I,α&β,arm&center
800001,820001,0.1817359595861866,1396828,I,α&β,arm&center
820001,840001,0.18409421062619166,1374016,I,α&β,arm&center
840001,860001,0.18230422583544703,1364634,I,α&β,arm&center
860001,880001,0.17828326790390658,1374702,I,α&β,arm&center
880001,900001,0.1782534621751712,1387411,I,α&β,arm&center
900001,920001,0.18405753674290237,1386313,I,α&β,arm&center
920001,940001,0.18261325105493745,1381962,I,α&β,arm&center
940001,960001,0.18149559596288126,1373187,I,α&β,arm&center
960001,980001,0.17761794366828945,1371528,I,α&β,arm&center
1,20001,0.44823934611979904,1869742,I,α&β,center
20001,40001,0.38582472355226216,1667352,I,α&β,center
40001,60001,0.35455979281359906,1601553,I,α&β,center
60001,80001,0.33730621479160205,1627715,I,α&β,center
80001,100001,0.32677373097796225,1633885,I,α&β,center
100001,120001,0.31584464790871714,1631256,I,α&β,center
120001,140001,0.31132230026526103,1623329,I,α&β,center
140001,160001,0.3140096816977532,1571419,I,α&β,center
160001,180001,0.3117690035143716,1550700,I,α&β,center
180001,200001,0.3059401544624306,1577433,I,α&β,center
200001,220001,0.30685607013793387,1612883,I,α&β,center
220001,240001,0.30732791056103226,1574259,I,α&β,center
240001,260001,0.30934225161324896,1542265,I,α&β,center
260001,280001,0.3080058694825224,1550937,I,α&β,center
280001,300001,0.3010936886394101,1543393,I,α&β,center
300001,320001,0.29450262637089125,1545158,I,α&β,center
320001,340001,0.295109700229375,1540510,I,α&β,center
340001,360001,0.29534980874198735,1525483,I,α&β,center
360001,380001,0.28798558176463096,1521407,I,α&β,center
380001,400001,0.28602796818670734,1501202,I,α&β,center
400001,420001,0.28909041642972383,1502293,I,α&β,center
420001,440001,0.293912266743577,1510949,I,α&β,center
440001,460001,0.29897883612827303,1505820,I,α&β,center
460001,480001,0.30376886335143294,1486182,I,α&β,center
480001,500001,0.304675185618427,1468610,I,α&β,center
500001,520001,0.30224551020861945,1476584,I,α&β,center
520001,540001,0.2908669919744084,1451154,I,α&β,center
540001,560001,0.28808015552697575,1431626,I,α&β,center
560001,580001,0.2861799474016929,1423516,I,α&β,center
580001,600001,0.27975339795264964,1441606,I,α&β,center
600001,620001,0.27771030737035357,1435019,I,α&β,center
620001,640001,0.27487173509917107,1414672,I,α&β,center
640001,660001,0.2669379391191976,1391906,I,α&β,center
660001,680001,0.268237022331581,1382098,I,α&β,center
680001,700001,0.2732008064175909,1372140,I,α&β,center
700001,720001,0.2784872950400207,1375936,I,α&β,center
720001,740001,0.2749778322360702,1369091,I,α&β,center
740001,760001,0.27069116958771955,1361053,I,α&β,center
760001,780001,0.26404510219425537,1366518,I,α&β,center
780001,800001,0.2565586062630824,1397800,I,α&β,center
800001,820001,0.25061034272330196,1362793,I,α&β,center
820001,840001,0.2562204823178139,1331518,I,α&β,center
840001,860001,0.25838568677894586,1316449,I,α&β,center
860001,880001,0.259208584589778,1315576,I,α&β,center
880001,900001,0.26103206637256393,1332368,I,α&β,center
900001,920001,0.2684464892199795,1343110,I,α&β,center
920001,940001,0.2698456861487714,1322962,I,α&β,center
940001,960001,0.2738713549708065,1317345,I,α&β,center
960001,980001,0.2706055925451305,1306670,I,α&β,center
1,20001,0.5717958621784822,1444222,I,β,arm
20001,40001,0.50294827663751,1265563,I,β,arm
40001,60001,0.46947529994213,1263485,I,β,arm
60001,80001,0.4356947461176879,1223929,I,β,arm
80001,100001,0.41785379207640944,1210564,I,β,arm
100001,120001,0.41193828630509993,1206031,I,β,arm
120001,140001,0.3971145132407445,1188343,I,β,arm
140001,160001,0.3819192986821728,1203716,I,β,arm
160001,180001,0.37322351215749355,1183330,I,β,arm
180001,200001,0.3561821683884491,1148087,I,β,arm
200001,220001,0.35003937760939624,1148788,I,β,arm
220001,240001,0.3390651024684414,1107082,I,β,arm
240001,260001,0.3262413792305572,1109644,I,β,arm
260001,280001,0.3130161050836868,1102336,I,β,arm
280001,300001,0.3065331932634193,1091972,I,β,arm
300001,320001,0.2941059860236294,1106132,I,β,arm
320001,340001,0.2851178281033674,1071341,I,β,arm
340001,360001,0.27410934360634714,1072205,I,β,arm
360001,380001,0.2619199859635241,1082022,I,β,arm
380001,400001,0.25126613593808167,1088642,I,β,arm
400001,420001,0.25368740509310866,1081491,I,β,arm
420001,440001,0.2454587692269047,1067729,I,β,arm
440001,460001,0.24701907394140613,1069523,I,β,arm
460001,480001,0.23951500524264435,1068531,I,β,arm
480001,500001,0.23311617495755382,1027113,I,β,arm
500001,520001,0.22457238829315235,1012292,I,β,arm
520001,540001,0.21871264424120818,1019882,I,β,arm
540001,560001,0.21351963957074896,1001349,I,β,arm
560001,580001,0.20889643142026995,1007507,I,β,arm
580001,600001,0.19928002289496446,996147,I,β,arm
600001,620001,0.1978798357574482,988003,I,β,arm
620001,640001,0.19735706643418682,967213,I,β,arm
640001,660001,0.19281777939924158,944819,I,β,arm
660001,680001,0.19859114817877715,928049,I,β,arm
680001,700001,0.18607197903722625,930869,I,β,arm
700001,720001,0.18179545406185396,906102,I,β,arm
720001,740001,0.1743213996654532,904499,I,β,arm
740001,760001,0.17012434411291905,880662,I,β,arm
760001,780001,0.1669921317363974,895140,I,β,arm
780001,800001,0.166111455074161,894441,I,β,arm
800001,820001,0.1586060989020248,872031,I,β,arm
820001,840001,0.15492331877349697,861361,I,β,arm
840001,860001,0.14374329935756397,862727,I,β,arm
860001,880001,0.13535495779071577,844202,I,β,arm
880001,900001,0.1340645960804902,841258,I,β,arm
900001,920001,0.1311659549101858,825058,I,β,arm
920001,940001,0.13380714808847377,812334,I,β,arm
940001,960001,0.12529166955793358,806963,I,β,arm
960001,980001,0.1189546284417079,822166,I,β,arm
1,20001,0.5484658879168218,1556521,I,β,arm&center
20001,40001,0.4840779976912497,1377549,I,β,arm&center
40001,60001,0.45412670622714013,1352054,I,β,arm&center
60001,80001,0.4317734703436831,1345708,I,β,arm&center
80001,100001,0.414922287850844,1337775,I,β,arm&center
100001,120001,0.4057097098571065,1338530,I,β,arm&center
120001,140001,0.3997087306246759,1330528,I,β,arm&center
140001,160001,0.39681879347087917,1322991,I,β,arm&center
160001,180001,0.3873720200475337,1300201,I,β,arm&center
180001,200001,0.3751928943961877,1303370,I,β,arm&center
200001,220001,0.3760676736738456,1322915,I,β,arm&center
220001,240001,0.3715573095027749,1284886,I,β,arm&center
240001,260001,0.3672643080096398,1267911,I,β,arm&center
260001,280001,0.3601008229156368,1272601,I,β,arm&center
280001,300001,0.35177084519968,1278305,I,β,arm&center
300001,320001,0.34074419048126875,1293688,I,β,arm&center
320001,340001,0.33285581234154266,1276541,I,β,arm&center
340001,360001,0.3288690733435257,1271271,I,β,arm&center
360001,380001,0.3168340782641295,1288440,I,β,arm&center
380001,400001,0.3116780533654577,1287641,I,β,arm&center
400001,420001,0.3143327048598347,1291362,I,β,arm&center
420001,440001,0.3125662623639878,1291553,I,β,arm&center
440001,460001,0.3149496437580688,1290355,I,β,arm&center
460001,480001,0.3141023056098175,1290605,I,β,arm&center
480001,500001,0.31262777619052173,1265538,I,β,arm&center
500001,520001,0.30624801479399427,1264580,I,β,arm&center
520001,540001,0.29474355186089496,1257835,I,β,arm&center
540001,560001,0.2900941436168845,1253675,I,β,arm&center
560001,580001,0.2888880187078236,1258824,I,β,arm&center
580001,600001,0.2849128722969039,1264517,I,β,arm&center
600001,620001,0.28618601094470714,1250882,I,β,arm&center
620001,640001,0.28420333038404594,1227307,I,β,arm&center
640001,660001,0.2802168063231573,1213336,I,β,arm&center
660001,680001,0.28129661088216185,1217371,I,β,arm&center
680001,700001,0.2785245691766889,1209470,I,β,arm&center
700001,720001,0.2789071108834027,1200563,I,β,arm&center
720001,740001,0.27768933814473995,1198067,I,β,arm&center
740001,760001,0.2768141857585003,1186515,I,β,arm&center
760001,780001,0.26837527925866245,1197837,I,β,arm&center
780001,800001,0.26240889813276197,1207978,I,β,arm&center
800001,820001,0.2527294856867808,1183430,I,β,arm&center
820001,840001,0.2532847184486944,1177777,I,β,arm&center
840001,860001,0.24951232291457476,1167677,I,β,arm&center
860001,880001,0.24872042000436592,1161962,I,β,arm&center
880001,900001,0.24653300303000472,1175760,I,β,arm&center
900001,920001,0.25306098160137214,1175058,I,β,arm&center
920001,940001,0.251844258291448,1172930,I,β,arm&center
940001,960001,0.24969179111819537,1159865,I,β,arm&center
960001,980001,0.24246631499212093,1166659,I,β,arm&center
1,20001,0.5293902349557221,1655692,I,β,center
20001,40001,0.46878300655865857,1461701,I,β,center
40001,60001,0.4422056007712611,1401772,I,β,center
60001,80001,0.4281221077785078,1413291,I,β,center
80001,100001,0.41387079674741,1406969,I,β,center
100001,120001,0.40280745129986756,1401462,I,β,center
120001,140001,0.40280093784314086,1399362,I,β,center
140001,160001,0.40847413296575147,1355408,I,β,center
160001,180001,0.40207271842652603,1318348,I,β,center
180001,200001,0.39214082440104414,1339016,I,β,center
200001,220001,0.3984676003027982,1365666,I,β,center
220001,240001,0.3979642526989729,1322675,I,β,center
240001,260001,0.40075559024583124,1290247,I,β,center
260001,280001,0.3965005482925359,1305155,I,β,center
280001,300001,0.38565900990214913,1316387,I,β,center
300001,320001,0.37338964026312216,1325395,I,β,center
320001,340001,0.36907199922550366,1326087,I,β,center
340001,360001,0.3685802151366258,1301045,I,β,center
360001,380001,0.35513531138225685,1319227,I,β,center
380001,400001,0.35492682897038785,1311702,I,β,center
400001,420001,0.3572844622029711,1325830,I,β,center
420001,440001,0.3604057775890446,1328917,I,β,center
440001,460001,0.36002254042722326,1311108,I,β,center
460001,480001,0.364879475484427,1303761,I,β,center
480001,500001,0.36672297097557105,1306128,I,β,center
500001,520001,0.3611794749276263,1308375,I,β,center
520001,540001,0.3489724336096485,1273233,I,β,center
540001,560001,0.3475570730140305,1252679,I,β,center
560001,580001,0.34772222269377573,1236392,I,β,center
580001,600001,0.3463781858983295,1245089,I,β,center
600001,620001,0.3486046348315226,1238397,I,β,center
620001,640001,0.3446337449410206,1208836,I,β,center
640001,660001,0.339743260403892,1188138,I,β,center
660001,680001,0.33962276091266663,1171463,I,β,center
680001,700001,0.34799835469778606,1151636,I,β,center
700001,720001,0.3504338042364134,1161756,I,β,center
720001,740001,0.3480965760335401,1154178,I,β,center
740001,760001,0.3476365044139874,1146995,I,β,center
760001,780001,0.34060431702468513,1148066,I,β,center
780001,800001,0.3316298735030573,1169397,I,β,center
800001,820001,0.31873007268553716,1145963,I,β,center
820001,840001,0.32162735109807017,1126808,I,β,center
840001,860001,0.3225894733744142,1108462,I,β,center
860001,880001,0.3229843173391348,1109934,I,β,center
880001,900001,0.32066999074284813,1132387,I,β,center
900001,920001,0.3339874039248944,1149543,I,β,center
920001,940001,0.3346157475582887,1139064,I,β,center
940001,960001,0.3389104013957092,1123797,I,β,center
960001,980001,0.33361090428962487,1107212,I,β,center
1,20001,0.5842995050760263,1268628,II,α,arm
20001,40001,0.5125295032563691,1115379,II,α,arm
40001,60001,0.4808319598832299,1118169,II,α,arm
60001,80001,0.44977768474663926,1080123,II,α,arm
80001,100001,0.4226699181868843,1020694,II,α,arm
100001,120001,0.41038353192347377,993475,II,α,arm
120001,140001,0.38021300288284104,964848,II,α,arm
140001,160001,0.36686099181839393,934246,II,α,arm
160001,180001,0.3604091898897189,929722,II,α,arm
180001,200001,0.33918675777172325,930134,II,α,arm
200001,220001,0.3395664957982309,893714,II,α,arm
220001,240001,0.3342845358035685,877643,II,α,arm
240001,260001,0.3161631720135789,883598,II,α,arm
260001,280001,0.309213651076831,864526,II,α,arm
280001,300001,0.2884356120215189,860155,II,α,arm
300001,320001,0.2793022391516967,869872,II,α,arm
320001,340001,0.2591580814869262,860413,II,α,arm
340001,360001,0.23896441270234903,845738,II,α,arm
360001,380001,0.22376132641584937,849527,II,α,arm
380001,400001,0.21525933037215186,870058,II,α,arm
400001,420001,0.2130921363891966,873254,II,α,arm
420001,440001,0.20108234554957577,869873,II,α,arm
440001,460001,0.19561881256457692,870198,II,α,arm
460001,480001,0.18881852914287672,832878,II,α,arm
480001,500001,0.18272586196078586,851441,II,α,arm
500001,520001,0.17193844009975306,850602,II,α,arm
520001,540001,0.1642481994155777,815832,II,α,arm
540001,560001,0.15000300715834383,812380,II,α,arm
560001,580001,0.13430109957376174,820502,II,α,arm
580001,600001,0.12257399759545273,806358,II,α,arm
600001,620001,0.11918671777929604,753838,II,α,arm
620001,640001,0.11602088782074595,741907,II,α,arm
640001,660001,0.10962383957682614,723902,II,α,arm
660001,680001,0.10865524839507755,688830,II,α,arm
680001,700001,0.10668610061301612,688294,II,α,arm
700001,720001,0.10338347627700308,696839,II,α,arm
720001,740001,0.10373280914116774,669396,II,α,arm
740001,760001,0.10203110669032084,672059,II,α,arm
760001,780001,0.09932184848943258,673586,II,α,arm
780001,800001,0.09359787676338727,667264,II,α,arm
800001,820001,0.0870823869643618,661682,II,α,arm
820001,840001,0.08117694897011957,662066,II,α,arm
840001,860001,0.07553539934155333,667504,II,α,arm
860001,880001,0.06895198122400485,660721,II,α,arm
880001,900001,0.06625286222114891,671769,II,α,arm
900001,920001,0.0631307131981478,675045,II,α,arm
920001,940001,0.05801497909412729,644235,II,α,arm
940001,960001,0.05352052517316698,650169,II,α,arm
960001,980001,0.051002440474980086,652969,II,α,arm
1,20001,0.6043937353226706,1510544,II,α,arm&center
20001,40001,0.5626172240673988,1350942,II,α,arm&center
40001,60001,0.5457916015117873,1314769,II,α,arm&center
60001,80001,0.5331887644692825,1297259,II,α,arm&center
80001,100001,0.5216715703662937,1289178,II,α,arm&center
100001,120001,0.5183499417448005,1250005,II,α,arm&center
120001,140001,0.5052716742274028,1219351,II,α,arm&center
140001,160001,0.502130528017447,1207699,II,α,arm&center
160001,180001,0.49497737101023487,1227084,II,α,arm&center
180001,200001,0.48478472975765746,1226920,II,α,arm&center
200001,220001,0.4807749142587507,1228746,II,α,arm&center
220001,240001,0.48133938189348174,1222934,II,α,arm&center
240001,260001,0.4754301718784275,1234659,II,α,arm&center
260001,280001,0.47266056026706826,1227864,II,α,arm&center
280001,300001,0.46826179432525744,1249825,II,α,arm&center
300001,320001,0.46543263084259784,1269356,II,α,arm&center
320001,340001,0.456318584579832,1263341,II,α,arm&center
340001,360001,0.4502008117541045,1237313,II,α,arm&center
360001,380001,0.44071386439288673,1235911,II,α,arm&center
380001,400001,0.4333082650694345,1255539,II,α,arm&center
400001,420001,0.4316864767688355,1251720,II,α,arm&center
420001,440001,0.42412198866655043,1235487,II,α,arm&center
440001,460001,0.4246927504918892,1217024,II,α,arm&center
460001,480001,0.42722261364828046,1219123,II,α,arm&center
480001,500001,0.42227564545366675,1231454,II,α,arm&center
500001,520001,0.4201977213553678,1220395,II,α,arm&center
520001,540001,0.41767587524252137,1207647,II,α,arm&center
540001,560001,0.4089170035712808,1204008,II,α,arm&center
560001,580001,0.40389861174512237,1203589,II,α,arm&center
580001,600001,0.4026911810617573,1200416,II,α,arm&center
600001,620001,0.40554302031393047,1197476,II,α,arm&center
620001,640001,0.40498609481119985,1196457,II,α,arm&center
640001,660001,0.39931374624394145,1202527,II,α,arm&center
660001,680001,0.39998216141768955,1178660,II,α,arm&center
680001,700001,0.3976361686407788,1180616,II,α,arm&center
700001,720001,0.39298534000736607,1193506,II,α,arm&center
720001,740001,0.3907863086839478,1193534,II,α,arm&center
740001,760001,0.3925809139446431,1182309,II,α,arm&center
760001,780001,0.38762324793116576,1169437,II,α,arm&center
780001,800001,0.38505766936154856,1166046,II,α,arm&center
800001,820001,0.38262585823438233,1165006,II,α,arm&center
820001,840001,0.3827526295783281,1163413,II,α,arm&center
840001,860001,0.3748428928984877,1148332,II,α,arm&center
860001,880001,0.3681267745167313,1143444,II,α,arm&center
880001,900001,0.3629473507707626,1139561,II,α,arm&center
900001,920001,0.35578292751443535,1148484,II,α,arm&center
920001,940001,0.35755696420004607,1142427,II,α,arm&center
940001,960001,0.35617067186023477,1151410,II,α,arm&center
960001,980001,0.3544777875497905,1149419,II,α,arm&center
1,20001,0.6134730360986829,1637345,II,α,center
20001,40001,0.584062678526504,1462779,II,α,center
40001,60001,0.5742816991043544,1401751,II,α,center
60001,80001,0.570249952712705,1393718,II,α,center
80001,100001,0.5609857329409014,1407027,II,α,center
100001,120001,0.5624566033304053,1355573,II,α,center
120001,140001,0.5554346894553092,1320273,II,α,center
140001,160001,0.5550863015853983,1318709,II,α,center
160001,180001,0.5467282062042108,1343913,II,α,center
180001,200001,0.540421460261343,1341023,II,α,center
200001,220001,0.5329357091070334,1358482,II,α,center
220001,240001,0.5346276902287753,1347899,II,α,center
240001,260001,0.5339689438366905,1353807,II,α,center
260001,280001,0.5323633041589751,1342983,II,α,center
280001,300001,0.5318261763700216,1371949,II,α,center
300001,320001,0.5322167615485411,1391470,II,α,center
320001,340001,0.5266945778977334,1385201,II,α,center
340001,360001,0.5259157197473242,1351716,II,α,center
360001,380001,0.5183540962858907,1340022,II,α,center
380001,400001,0.5116991207266866,1355244,II,α,center
400001,420001,0.5133454761303631,1342045,II,α,center
420001,440001,0.5089832800988645,1312608,II,α,center
440001,460001,0.5154858457839099,1272902,II,α,center
460001,480001,0.5189599268162921,1283034,II,α,center
480001,500001,0.5151116285691815,1284748,II,α,center
500001,520001,0.5190385381993847,1266056,II,α,center
520001,540001,0.516117673968431,1264270,II,α,center
540001,560001,0.5079339866623678,1258626,II,α,center
560001,580001,0.5090401132076898,1245858,II,α,center
580001,600001,0.5104072348543018,1246318,II,α,center
600001,620001,0.5087976900817902,1266540,II,α,center
620001,640001,0.5091024348345559,1256068,II,α,center
640001,660001,0.5024302021171305,1260092,II,α,center
660001,680001,0.5024691878494775,1235104,II,α,center
680001,700001,0.5008319494312655,1235556,II,α,center
700001,720001,0.4994336064930906,1229972,II,α,center
720001,740001,0.49196440308345063,1244476,II,α,center
740001,760001,0.4955763158589357,1223289,II,α,center
760001,780001,0.49227373492764676,1200178,II,α,center
780001,800001,0.49090057091073125,1201621,II,α,center
800001,820001,0.4892837082237631,1194572,II,α,center
820001,840001,0.4925569804191964,1182646,II,α,center
840001,860001,0.4879664310523042,1150871,II,α,center
860001,880001,0.4816062627890314,1137942,II,α,center
880001,900001,0.4771223399326061,1122540,II,α,center
900001,920001,0.4709138669901548,1120085,II,α,center
920001,940001,0.47055074986177947,1127542,II,α,center
940001,960001,0.4713229386697658,1149840,II,α,center
960001,980001,0.47186120015689026,1141641,II,α,center
1,20001,0.40595489050115113,1603863,II,α&β,arm
20001,40001,0.33037891182612417,1451543,II,α&β,arm
40001,60001,0.30262364943060943,1455476,II,α&β,arm
60001,80001,0.2799676935042817,1440118,II,α&β,arm
80001,100001,0.25693817478509046,1406426,II,α&β,arm
100001,120001,0.2428598965168856,1372144,II,α&β,arm
120001,140001,0.22689217485335605,1339606,II,α&β,arm
140001,160001,0.215098254499416,1310454,II,α&β,arm
160001,180001,0.20818927071674811,1289169,II,α&β,arm
180001,200001,0.19777008081125327,1289737,II,α&β,arm
200001,220001,0.19845830698557615,1246441,II,α&β,arm
220001,240001,0.1951694563957728,1212943,II,α&β,arm
240001,260001,0.1868534244744546,1198095,II,α&β,arm
260001,280001,0.17942765186322834,1178143,II,α&β,arm
280001,300001,0.16752364974943,1165443,II,α&β,arm
300001,320001,0.16392373179604172,1183791,II,α&β,arm
320001,340001,0.1580788426754621,1163197,II,α&β,arm
340001,360001,0.15163736900848215,1151200,II,α&β,arm
360001,380001,0.1438268047978514,1162675,II,α&β,arm
380001,400001,0.13709138742748897,1174132,II,α&β,arm
400001,420001,0.1351858910758229,1160278,II,α&β,arm
420001,440001,0.1284868560808659,1164838,II,α&β,arm
440001,460001,0.12439437551531889,1160011,II,α&β,arm
460001,480001,0.12121593452175099,1123900,II,α&β,arm
480001,500001,0.11727657213453958,1127252,II,α&β,arm
500001,520001,0.11481349050843846,1130384,II,α&β,arm
520001,540001,0.11326846845546751,1104309,II,α&β,arm
540001,560001,0.10766650898548523,1085933,II,α&β,arm
560001,580001,0.10036074164797343,1088759,II,α&β,arm
580001,600001,0.09390337767388085,1075069,II,α&β,arm
600001,620001,0.09406130129672813,1023072,II,α&β,arm
620001,640001,0.08913721221991328,1022466,II,α&β,arm
640001,660001,0.08541175891952509,1013367,II,α&β,arm
660001,680001,0.08241064994420601,979571,II,α&β,arm
680001,700001,0.07805400732285607,981663,II,α&β,arm
700001,720001,0.07565723487791118,994555,II,α&β,arm
720001,740001,0.0752461876889017,967684,II,α&β,arm
740001,760001,0.07400095470504768,961512,II,α&β,arm
760001,780001,0.07322872011845362,944622,II,α&β,arm
780001,800001,0.07014864680294428,931974,II,α&β,arm
800001,820001,0.0653965861626931,906645,II,α&β,arm
820001,840001,0.06486844653756038,901734,II,α&β,arm
840001,860001,0.06362121879661077,902433,II,α&β,arm
860001,880001,0.05967339712078676,876266,II,α&β,arm
880001,900001,0.05741552799093669,886133,II,α&β,arm
900001,920001,0.05626634582785685,875377,II,α&β,arm
920001,940001,0.052634763381740036,851897,II,α&β,arm
940001,960001,0.04767758427697546,854786,II,α&β,arm
960001,980001,0.04607271466768897,844970,II,α&β,arm
1,20001,0.4255498855686736,1872571,II,α&β,arm&center
20001,40001,0.3711488862826697,1725410,II,α&β,arm&center
40001,60001,0.3512902112420245,1694370,II,α&β,arm&center
60001,80001,0.33688565733371356,1690282,II,α&β,arm&center
80001,100001,0.32735528818460957,1686193,II,α&β,arm&center
100001,120001,0.318819542303079,1652507,II,α&β,arm&center
120001,140001,0.309072686143452,1629450,II,α&β,arm&center
140001,160001,0.30584392553614265,1617805,II,α&β,arm&center
160001,180001,0.30116639787169003,1635876,II,α&β,arm&center
180001,200001,0.2978897950024715,1633627,II,α&β,arm&center
200001,220001,0.29586639921611396,1625037,II,α&β,arm&center
220001,240001,0.29719421107089006,1607838,II,α&β,arm&center
240001,260001,0.2945065701636544,1600960,II,α&β,arm&center
260001,280001,0.2882192244512448,1580846,II,α&β,arm&center
280001,300001,0.2824534835609014,1589214,II,α&β,arm&center
300001,320001,0.28157849594351303,1610841,II,α&β,arm&center
320001,340001,0.2793133875547857,1608087,II,α&β,arm&center
340001,360001,0.27476513183977197,1584156,II,α&β,arm&center
360001,380001,0.27124910633344634,1595043,II,α&β,arm&center
380001,400001,0.2684975789976154,1609479,II,α&β,arm&center
400001,420001,0.26764043556782136,1600170,II,α&β,arm&center
420001,440001,0.2579419485782306,1601931,II,α&β,arm&center
440001,460001,0.25556544393557007,1589054,II,α&β,arm&center
460001,480001,0.2572445503096886,1583708,II,α&β,arm&center
480001,500001,0.2558978826222044,1583490,II,α&β,arm&center
500001,520001,0.2542180829952865,1583373,II,α&β,arm&center
520001,540001,0.25026519107218764,1586977,II,α&β,arm&center
540001,560001,0.24819121648847642,1585426,II,α&β,arm&center
560001,580001,0.24605056045524715,1584886,II,α&β,arm&center
580001,600001,0.24474040389281457,1576313,II,α&β,arm&center
600001,620001,0.24507678549598083,1579042,II,α&β,arm&center
620001,640001,0.24229882619445617,1580126,II,α&β,arm&center
640001,660001,0.24129862433275223,1589033,II,α&β,arm&center
660001,680001,0.23971452342259977,1566310,II,α&β,arm&center
680001,700001,0.2378665138196665,1571155,II,α&β,arm&center
700001,720001,0.23523873456027608,1584817,II,α&β,arm&center
720001,740001,0.23630455309183399,1586686,II,α&β,arm&center
740001,760001,0.23756449716623154,1576112,II,α&β,arm&center
760001,780001,0.23368653302556056,1565419,II,α&β,arm&center
780001,800001,0.23294207091735883,1557933,II,α&β,arm&center
800001,820001,0.2322235844173073,1547202,II,α&β,arm&center
820001,840001,0.23133216195448103,1542710,II,α&β,arm&center
840001,860001,0.2273443253989054,1532108,II,α&β,arm&center
860001,880001,0.22362797782550703,1521696,II,α&β,arm&center
880001,900001,0.2226476358689691,1514525,II,α&β,arm&center
900001,920001,0.2187740992156556,1515393,II,α&β,arm&center
920001,940001,0.21935908373870375,1512224,II,α&β,arm&center
940001,960001,0.21827149254153055,1512733,II,α&β,arm&center
960001,980001,0.21522242142614018,1504828,II,α&β,arm&center
1,20001,0.436039039803751,1974101,II,α&β,center
20001,40001,0.39154947421581016,1819261,II,α&β,center
40001,60001,0.37641903415562644,1766746,II,α&β,center
60001,80001,0.3643098604272416,1766239,II,α&β,center
80001,100001,0.36093869388547006,1767158,II,α&β,center
100001,120001,0.35429649009725533,1728786,II,α&β,center
120001,140001,0.346738385758235,1707089,II,α&β,center
140001,160001,0.3470214395076154,1699232,II,α&β,center
160001,180001,0.3431497778305322,1727450,II,α&β,center
180001,200001,0.3431884186920348,1716558,II,α&β,center
200001,220001,0.33860463452099926,1719224,II,α&β,center
220001,240001,0.341749329019182,1704966,II,α&β,center
240001,260001,0.3417452907736137,1694494,II,α&β,center
260001,280001,0.33635297931716285,1658845,II,α&β,center
280001,300001,0.33214614388494007,1683308,II,α&β,center
300001,320001,0.33303247608246866,1693402,II,α&β,center
320001,340001,0.3313633561961357,1701565,II,α&β,center
340001,360001,0.32773068692803564,1667848,II,α&β,center
360001,380001,0.3266062183719258,1664150,II,α&β,center
380001,400001,0.3254605000687405,1679009,II,α&β,center
400001,420001,0.3247569270808114,1667556,II,α&β,center
420001,440001,0.3150119903111898,1649502,II,α&β,center
440001,460001,0.3143790673892313,1618678,II,α&β,center
460001,480001,0.31772645587862114,1618581,II,α&β,center
480001,500001,0.3180019219640403,1607799,II,α&β,center
500001,520001,0.3173262535995432,1606411,II,α&β,center
520001,540001,0.3120581154383263,1616796,II,α&β,center
540001,560001,0.308234671109972,1624507,II,α&β,center
560001,580001,0.3100191516687774,1609648,II,α&β,center
580001,600001,0.3096798855015424,1604659,II,α&β,center
600001,620001,0.3073974675859633,1634742,II,α&β,center
620001,640001,0.3055566847737359,1621338,II,α&β,center
640001,660001,0.30458163219049733,1630713,II,α&β,center
660001,680001,0.30247416310514214,1612952,II,α&β,center
680001,700001,0.3018652660026651,1618405,II,α&β,center
700001,720001,0.30201799428514164,1603372,II,α&β,center
720001,740001,0.30178902592320217,1624525,II,α&β,center
740001,760001,0.30320247531163563,1610412,II,α&β,center
760001,780001,0.2982406530635843,1606068,II,α&β,center
780001,800001,0.29711646818413756,1591257,II,α&β,center
800001,820001,0.2974827210944661,1573321,II,α&β,center
820001,840001,0.2974490436868758,1565565,II,α&β,center
840001,860001,0.29427771851334794,1545400,II,α&β,center
860001,880001,0.2892274274909459,1534259,II,α&β,center
880001,900001,0.29000751846369277,1512210,II,α&β,center
900001,920001,0.2840516664420797,1505477,II,α&β,center
920001,940001,0.28576811296337407,1505797,II,α&β,center
940001,960001,0.2858863703800217,1516469,II,α&β,center
960001,980001,0.2825297113265228,1503246,II,α&β,center
1,20001,0.4778133936638699,1527495,II,β,arm
20001,40001,0.3982043015903694,1380365,II,β,arm
40001,60001,0.3686013166619043,1383852,II,β,arm
60001,80001,0.34822952791132433,1367713,II,β,arm
80001,100001,0.3275786068567375,1335855,II,β,arm
100001,120001,0.3162451831870877,1304072,II,β,arm
120001,140001,0.30631755201545297,1275087,II,β,arm
140001,160001,0.2896494759362018,1242848,II,β,arm
160001,180001,0.27706710038256965,1216059,II,β,arm
180001,200001,0.26439574335359173,1223600,II,β,arm
200001,220001,0.2641761876595772,1178911,II,β,arm
220001,240001,0.2554110087379786,1149643,II,β,arm
240001,260001,0.2390655933926083,1142838,II,β,arm
260001,280001,0.22718629766403758,1124700,II,β,arm
280001,300001,0.21265361521697587,1112136,II,β,arm
300001,320001,0.2045288124078549,1130038,II,β,arm
320001,340001,0.20162770189710016,1103496,II,β,arm
340001,360001,0.19591201241895062,1084150,II,β,arm
360001,380001,0.18823256588800183,1093162,II,β,arm
380001,400001,0.17913086241475576,1102894,II,β,arm
400001,420001,0.17437433692776327,1085911,II,β,arm
420001,440001,0.1689848507276919,1086601,II,β,arm
440001,460001,0.16151664771460492,1091953,II,β,arm
460001,480001,0.1566455685566105,1055025,II,β,arm
480001,500001,0.14868532454086725,1055350,II,β,arm
500001,520001,0.14377155799407396,1063939,II,β,arm
520001,540001,0.13953169506178933,1036199,II,β,arm
540001,560001,0.13597565159018987,1017877,II,β,arm
560001,580001,0.1315362030661163,1026128,II,β,arm
580001,600001,0.12241833040459374,1013880,II,β,arm
600001,620001,0.11801949823155108,968659,II,β,arm
620001,640001,0.11504431943180739,959480,II,β,arm
640001,660001,0.10924183182829968,955327,II,β,arm
660001,680001,0.10257924093437307,915076,II,β,arm
680001,700001,0.0964207938732704,921233,II,β,arm
700001,720001,0.0939852574930551,930728,II,β,arm
720001,740001,0.09041505382249852,910027,II,β,arm
740001,760001,0.0863316690568287,902401,II,β,arm
760001,780001,0.08091719176354961,890127,II,β,arm
780001,800001,0.07704337480944358,877091,II,β,arm
800001,820001,0.07168038196778301,855433,II,β,arm
820001,840001,0.07045855535436774,849202,II,β,arm
840001,860001,0.06951279772735301,854493,II,β,arm
860001,880001,0.06390847701786641,819987,II,β,arm
880001,900001,0.06200554380861276,830462,II,β,arm
900001,920001,0.05785191141870354,819859,II,β,arm
920001,940001,0.05376620056678064,794551,II,β,arm
940001,960001,0.04951511638167592,792528,II,β,arm
960001,980001,0.04583399168461388,778033,II,β,arm
1,20001,0.5416359614029849,1616150,II,β,arm&center
20001,40001,0.48578531109315015,1480537,II,β,arm&center
40001,60001,0.46506654222767013,1454113,II,β,arm&center
60001,80001,0.44926553722337015,1450368,II,β,arm&center
80001,100001,0.4387109509857915,1440958,II,β,arm&center
100001,120001,0.4282048353823042,1416133,II,β,arm&center
120001,140001,0.4223820376476369,1400545,II,β,arm&center
140001,160001,0.41544325926048753,1388838,II,β,arm&center
160001,180001,0.41221185048543596,1401849,II,β,arm&center
180001,200001,0.4071548012634043,1396855,II,β,arm&center
200001,220001,0.40870750673142187,1382240,II,β,arm&center
220001,240001,0.4072949083662898,1360299,II,β,arm&center
240001,260001,0.39875438277267955,1356801,II,β,arm&center
260001,280001,0.3892193969472393,1335226,II,β,arm&center
280001,300001,0.38376041660567645,1342785,II,β,arm&center
300001,320001,0.37850371268294003,1363418,II,β,arm&center
320001,340001,0.37522936373248805,1362664,II,β,arm&center
340001,360001,0.3695005398106288,1343678,II,β,arm&center
360001,380001,0.36644331669844843,1351468,II,β,arm&center
380001,400001,0.36304041045112556,1365813,II,β,arm&center
400001,420001,0.35949194040322885,1363613,II,β,arm&center
420001,440001,0.34737186273688414,1363002,II,β,arm&center
440001,460001,0.3424741989589612,1356438,II,β,arm&center
460001,480001,0.3409580114212464,1338191,II,β,arm&center
480001,500001,0.33842965197364766,1328032,II,β,arm&center
500001,520001,0.33430675702060564,1336699,II,β,arm&center
520001,540001,0.33158254699296635,1340439,II,β,arm&center
540001,560001,0.3286577655936279,1337890,II,β,arm&center
560001,580001,0.32458199753091616,1335599,II,β,arm&center
580001,600001,0.32125313031470837,1331514,II,β,arm&center
600001,620001,0.32145721196799826,1336445,II,β,arm&center
620001,640001,0.3169856617433862,1327294,II,β,arm&center
640001,660001,0.31642059605203593,1330387,II,β,arm&center
660001,680001,0.3133818800208228,1307263,II,β,arm&center
680001,700001,0.30832146851722503,1316871,II,β,arm&center
700001,720001,0.30654711399531975,1332563,II,β,arm&center
720001,740001,0.3077804572483326,1336929,II,β,arm&center
740001,760001,0.30839114424176367,1326986,II,β,arm&center
760001,780001,0.3071258396542325,1319917,II,β,arm&center
780001,800001,0.30423419390962303,1310922,II,β,arm&center
800001,820001,0.303423606128672,1302872,II,β,arm&center
820001,840001,0.3002595001175366,1305763,II,β,arm&center
840001,860001,0.298555558513613,1296468,II,β,arm&center
860001,880001,0.29827670616669,1284535,II,β,arm&center
880001,900001,0.2957507375640913,1279210,II,β,arm&center
900001,920001,0.28973402553350225,1279196,II,β,arm&center
920001,940001,0.29318755466590896,1272746,II,β,arm&center
940001,960001,0.2917367675711073,1275764,II,β,arm&center
960001,980001,0.2893646850489781,1265713,II,β,arm&center
1,20001,0.5788621888095358,1709248,II,β,center
20001,40001,0.5353128817022479,1565229,II,β,center
40001,60001,0.5215698323593237,1517847,II,β,center
60001,80001,0.505254101427961,1513158,II,β,center
80001,100001,0.5000765296750846,1513399,II,β,center
100001,120001,0.49193120647524424,1478216,II,β,center
120001,140001,0.4867738405997864,1466269,II,β,center
140001,160001,0.48390929282701484,1464993,II,β,center
160001,180001,0.4826832145514892,1495258,II,β,center
180001,200001,0.48449960470125075,1471482,II,β,center
200001,220001,0.4840138976311756,1469975,II,β,center
220001,240001,0.4874127658134959,1440756,II,β,center
240001,260001,0.48282869424209685,1432126,II,β,center
260001,280001,0.4770152519431404,1397660,II,β,center
280001,300001,0.4734581234044918,1418994,II,β,center
300001,320001,0.46953291760575827,1436081,II,β,center
320001,340001,0.464953443452104,1445804,II,β,center
340001,360001,0.45842797334079366,1423602,II,β,center
360001,380001,0.45898700981933666,1423495,II,β,center
380001,400001,0.45755611300261756,1437174,II,β,center
400001,420001,0.4544064992475134,1430082,II,β,center
420001,440001,0.43907017800350523,1421290,II,β,center
440001,460001,0.4384262449992852,1394213,II,β,center
460001,480001,0.438888592134185,1380317,II,β,center
480001,500001,0.4396124739693771,1356033,II,β,center
500001,520001,0.43630191582819433,1365781,II,β,center
520001,540001,0.4318157664241232,1375055,II,β,center
540001,560001,0.42767506456051646,1383033,II,β,center
560001,580001,0.4240586364874092,1367049,II,β,center
580001,600001,0.4221373743200026,1363940,II,β,center
600001,620001,0.41932429032080976,1390802,II,β,center
620001,640001,0.41532306560841925,1369977,II,β,center
640001,660001,0.41784359513735697,1379112,II,β,center
660001,680001,0.4142327132337164,1357340,II,β,center
680001,700001,0.4094227814707383,1368672,II,β,center
700001,720001,0.4113582077039566,1362968,II,β,center
720001,740001,0.4117510256595569,1381608,II,β,center
740001,760001,0.41517940512106705,1368779,II,β,center
760001,780001,0.415847233840744,1361288,II,β,center
780001,800001,0.41217232718657243,1346888,II,β,center
800001,820001,0.4115278729788053,1334843,II,β,center
820001,840001,0.410267641950039,1327959,II,β,center
840001,860001,0.41087001174148224,1309013,II,β,center
860001,880001,0.41066633557916926,1304254,II,β,center
880001,900001,0.41008697523182575,1285221,II,β,center
900001,920001,0.40443572718811005,1278168,II,β,center
920001,940001,0.407705071289732,1282925,II,β,center
940001,960001,0.4075645666820835,1284846,II,β,center
960001,980001,0.40338888798370776,1278400,II,β,center
1,20001,0.6716047846739172,1247831,III,α,arm
20001,40001,0.6064267842702653,1129571,III,α,arm
40001,60001,0.5641386147421633,1066232,III,α,arm
60001,80001,0.5362748554197125,1019342,III,α,arm
80001,100001,0.5106998050561663,976572,III,α,arm
100001,120001,0.4871438721008791,947974,III,α,arm
120001,140001,0.45625349354344086,949963,III,α,arm
140001,160001,0.4343009516153556,954484,III,α,arm
160001,180001,0.41684755524082684,920442,III,α,arm
180001,200001,0.4077408283878005,912591,III,α,arm
200001,220001,0.39550324097288175,903900,III,α,arm
220001,240001,0.37163608584192365,878339,III,α,arm
240001,260001,0.3517107624878272,898028,III,α,arm
260001,280001,0.3283934024970075,890207,III,α,arm
280001,300001,0.3219651099900373,886855,III,α,arm
300001,320001,0.31157285373647203,856254,III,α,arm
320001,340001,0.3021048205853056,835362,III,α,arm
340001,360001,0.29149882399292865,822874,III,α,arm
360001,380001,0.2842808566356925,785945,III,α,arm
380001,400001,0.27802038592214623,777203,III,α,arm
400001,420001,0.2656852225607824,771418,III,α,arm
420001,440001,0.2566111317808002,782957,III,α,arm
440001,460001,0.2440132602208149,771244,III,α,arm
460001,480001,0.2415655400439768,769337,III,α,arm
480001,500001,0.2324588592103789,773693,III,α,arm
500001,520001,0.21614197363064203,776758,III,α,arm
520001,540001,0.21116493089296062,768554,III,α,arm
540001,560001,0.20209781792220263,766575,III,α,arm
560001,580001,0.19256401445284996,761386,III,α,arm
580001,600001,0.18188984211624493,761119,III,α,arm
600001,620001,0.1718449999317622,745993,III,α,arm
620001,640001,0.16572369507269177,743949,III,α,arm
640001,660001,0.15723231614382507,749743,III,α,arm
660001,680001,0.15101217733477731,747779,III,α,arm
680001,700001,0.14238402230583544,743492,III,α,arm
700001,720001,0.13303037185924146,734716,III,α,arm
720001,740001,0.12931602115985277,723967,III,α,arm
740001,760001,0.12647692861242749,710418,III,α,arm
760001,780001,0.12749352991042906,696517,III,α,arm
780001,800001,0.1184209828755358,689373,III,α,arm
800001,820001,0.11598798679208147,672007,III,α,arm
820001,840001,0.11345002792668925,660944,III,α,arm
840001,860001,0.11228923738285382,669188,III,α,arm
860001,880001,0.10849393581780185,699750,III,α,arm
880001,900001,0.10235784816033446,699464,III,α,arm
900001,920001,0.09992795370229884,692985,III,α,arm
920001,940001,0.09389831063593133,679128,III,α,arm
940001,960001,0.08433103017090293,657158,III,α,arm
960001,980001,0.08100568842709562,626509,III,α,arm
1,20001,0.6780189544180931,1505222,III,α,arm&center
20001,40001,0.6259682766032083,1341453,III,α,arm&center
40001,60001,0.597271673328017,1298218,III,α,arm&center
60001,80001,0.5803369390199931,1256237,III,α,arm&center
80001,100001,0.5703848632470396,1230864,III,α,arm&center
100001,120001,0.5577894757303195,1202322,III,α,arm&center
120001,140001,0.5407656048950714,1194439,III,α,arm&center
140001,160001,0.5302882530161662,1197048,III,α,arm&center
160001,180001,0.5243652464529148,1169827,III,α,arm&center
180001,200001,0.5231608318179611,1171964,III,α,arm&center
200001,220001,0.5266701445958932,1188516,III,α,arm&center
220001,240001,0.5219376409620206,1173890,III,α,arm&center
240001,260001,0.5115072722547037,1186331,III,α,arm&center
260001,280001,0.5105882253535824,1165060,III,α,arm&center
280001,300001,0.5050269676779037,1162759,III,α,arm&center
300001,320001,0.49643074894203665,1156786,III,α,arm&center
320001,340001,0.491577967017212,1160126,III,α,arm&center
340001,360001,0.4861928836387717,1151394,III,α,arm&center
360001,380001,0.48169550342111644,1109676,III,α,arm&center
380001,400001,0.47746891692306964,1119244,III,α,arm&center
400001,420001,0.46673261315178827,1123718,III,α,arm&center
420001,440001,0.45703543547615283,1130805,III,α,arm&center
440001,460001,0.451482441958824,1117760,III,α,arm&center
460001,480001,0.449824146188906,1132176,III,α,arm&center
480001,500001,0.4481805448271402,1138644,III,α,arm&center
500001,520001,0.44644023279304984,1142634,III,α,arm&center
520001,540001,0.44325564419173025,1132918,III,α,arm&center
540001,560001,0.4404074265443738,1122492,III,α,arm&center
560001,580001,0.43696365305230944,1118969,III,α,arm&center
580001,600001,0.4318569752495252,1113360,III,α,arm&center
600001,620001,0.42542695447441886,1091831,III,α,arm&center
620001,640001,0.4228343993033891,1105799,III,α,arm&center
640001,660001,0.4131674107575957,1097818,III,α,arm&center
660001,680001,0.4136350381292482,1087335,III,α,arm&center
680001,700001,0.40928748491635064,1074105,III,α,arm&center
700001,720001,0.39759249411957076,1069727,III,α,arm&center
720001,740001,0.3970573211887753,1073820,III,α,arm&center
740001,760001,0.39188376348784687,1054700,III,α,arm&center
760001,780001,0.3938506888287375,1030322,III,α,arm&center
780001,800001,0.39190986857498783,1026556,III,α,arm&center
800001,820001,0.39393191365672864,1038094,III,α,arm&center
820001,840001,0.39197794179589646,1043726,III,α,arm&center
840001,860001,0.384806117546847,1051008,III,α,arm&center
860001,880001,0.3754086414220209,1054562,III,α,arm&center
880001,900001,0.3719647881958165,1059245,III,α,arm&center
900001,920001,0.37056364289891836,1047109,III,α,arm&center
920001,940001,0.3681236795893679,1045179,III,α,arm&center
940001,960001,0.36445588552554875,1051965,III,α,arm&center
960001,980001,0.36363574640953267,1045397,III,α,arm&center
1,20001,0.6809016044087768,1701862,III,α,center
20001,40001,0.6366108876260637,1492849,III,α,center
40001,60001,0.6128452610053574,1447167,III,α,center
60001,80001,0.6038751372600413,1416056,III,α,center
80001,100001,0.601160529179295,1399576,III,α,center
100001,120001,0.5929404108294373,1362094,III,α,center
120001,140001,0.586739743806337,1344746,III,α,center
140001,160001,0.5804754162191947,1341869,III,α,center
160001,180001,0.5804923871828919,1316074,III,α,center
180001,200001,0.5846867562328668,1325235,III,α,center
200001,220001,0.5953664415326386,1361006,III,α,center
220001,240001,0.6009207014679617,1344827,III,α,center
240001,260001,0.59367141888933606,1330376,III,α,center
260001,280001,0.6016366892867169,1281241,III,α,center
280001,300001,0.5968513467037898,1286404,III,α,center
300001,320001,0.5850872537953649,1287495,III,α,center
320001,340001,0.5794931479278758,1306312,III,α,center
340001,360001,0.5746528036899913,1293435,III,α,center
360001,380001,0.5698433434920508,1237581,III,α,center
380001,400001,0.5644271017925458,1258864,III,α,center
400001,420001,0.5559602838655134,1278463,III,α,center
420001,440001,0.551566447998385,1290383,III,α,center
440001,460001,0.54908636134013,1273323,III,α,center
460001,480001,0.5455255238724586,1288933,III,α,center
480001,500001,0.5435248552308308,1291123,III,α,center
500001,520001,0.5490888284723489,1276407,III,α,center
520001,540001,0.5480864283842455,1254546,III,α,center
540001,560001,0.5473429675809636,1246091,III,α,center
560001,580001,0.5493426314518403,1233212,III,α,center
580001,600001,0.5464396195123131,1215243,III,α,center
600001,620001,0.5437918120801091,1185035,III,α,center
620001,640001,0.5437564488643059,1212412,III,α,center
640001,660001,0.5416056395756716,1189560,III,α,center
660001,680001,0.5464701948539701,1175609,III,α,center
680001,700001,0.5459720099308053,1153565,III,α,center
700001,720001,0.5298011733877895,1134312,III,α,center
720001,740001,0.5292310176333109,1131063,III,α,center
740001,760001,0.5256053939744578,1097144,III,α,center
760001,780001,0.5295465577922397,1064213,III,α,center
780001,800001,0.5261144516366414,1063025,III,α,center
800001,820001,0.5259308740268728,1080023,III,α,center
820001,840001,0.5267260583275876,1091692,III,α,center
840001,860001,0.5184152634677642,1092935,III,α,center
860001,880001,0.5160599115322344,1076750,III,α,center
880001,900001,0.5144304745504339,1089759,III,α,center
900001,920001,0.5173967031078907,1072249,III,α,center
920001,940001,0.5059704699959212,1070521,III,α,center
940001,960001,0.49496535869154284,1091370,III,α,center
960001,980001,0.4852547292761623,1102777,III,α,center
1,20001,0.454631069290789,1665243,III,α&β,arm
20001,40001,0.3842835063833305,1548235,III,α&β,arm
40001,60001,0.35411859688096337,1472734,III,α&β,arm
60001,80001,0.3324992101042739,1422026,III,α&β,arm
80001,100001,0.3115123789472784,1359728,III,α&β,arm
100001,120001,0.29843879548740665,1335478,III,α&β,arm
120001,140001,0.28498791932616224,1337259,III,α&β,arm
140001,160001,0.2783315300232405,1342007,III,α&β,arm
160001,180001,0.2606639041200645,1323664,III,α&β,arm
180001,200001,0.2539379448615852,1320962,III,α&β,arm
200001,220001,0.2430549943952354,1312077,III,α&β,arm
220001,240001,0.22736062827516015,1267479,III,α&β,arm
240001,260001,0.22076599530178437,1264363,III,α&β,arm
260001,280001,0.21565893404676276,1233392,III,α&β,arm
280001,300001,0.20897105755524684,1209984,III,α&β,arm
300001,320001,0.20441960633973394,1181781,III,α&β,arm
320001,340001,0.19834030816560155,1163141,III,α&β,arm
340001,360001,0.18946795978763428,1151764,III,α&β,arm
360001,380001,0.18089770434878757,1133155,III,α&β,arm
380001,400001,0.1736198213350903,1120511,III,α&β,arm
400001,420001,0.17072736049996567,1103965,III,α&β,arm
420001,440001,0.159087951962882,1117674,III,α&β,arm
440001,460001,0.1500149622995085,1104250,III,α&β,arm
460001,480001,0.14593351081259598,1097695,III,α&β,arm
480001,500001,0.14146983348850523,1089278,III,α&β,arm
500001,520001,0.13539070757354799,1086753,III,α&β,arm
520001,540001,0.1314765142912222,1051190,III,α&β,arm
540001,560001,0.12896343212670838,1032199,III,α&β,arm
560001,580001,0.12822769708735915,1009693,III,α&β,arm
580001,600001,0.12010626445033334,991913,III,α&β,arm
600001,620001,0.11696280801506166,991061,III,α&β,arm
620001,640001,0.11194903449837758,975382,III,α&β,arm
640001,660001,0.10737327352802893,993538,III,α&β,arm
660001,680001,0.10157900935478832,994557,III,α&β,arm
680001,700001,0.09950652679751566,1003400,III,α&β,arm
700001,720001,0.09561101368071705,989321,III,α&β,arm
720001,740001,0.09100259399913727,972100,III,α&β,arm
740001,760001,0.08601928159432073,963724,III,α&β,arm
760001,780001,0.08301523537429066,941694,III,α&β,arm
780001,800001,0.0797174380736883,931604,III,α&β,arm
800001,820001,0.07905574597761364,916015,III,α&β,arm
820001,840001,0.07676453405111014,909157,III,α&β,arm
840001,860001,0.0775774236071408,906086,III,α&β,arm
860001,880001,0.07645240754746573,935272,III,α&β,arm
880001,900001,0.07390488488960795,936572,III,α&β,arm
900001,920001,0.0725141199517483,930757,III,α&β,arm
920001,940001,0.06925701931889407,914322,III,α&β,arm
940001,960001,0.06461401276445183,898831,III,α&β,arm
960001,980001,0.06251343766332595,864749,III,α&β,arm
1,20001,0.5088227174351742,1813646,III,α&β,arm&center
20001,40001,0.447962233998756,1653774,III,α&β,arm&center
40001,60001,0.42424058172932416,1600542,III,α&β,arm&center
60001,80001,0.4052842959084298,1555684,III,α&β,arm&center
80001,100001,0.3943078862847353,1529612,III,α&β,arm&center
100001,120001,0.38599930619524614,1507394,III,α&β,arm&center
120001,140001,0.3729893841335309,1506922,III,α&β,arm&center
140001,160001,0.3652857369431522,1510046,III,α&β,arm&center
160001,180001,0.35523839132316304,1506368,III,α&β,arm&center
180001,200001,0.35306141732139035,1507581,III,α&β,arm&center
200001,220001,0.34884787706559456,1523290,III,α&β,arm&center
220001,240001,0.3424549354829427,1486228,III,α&β,arm&center
240001,260001,0.3357648807201783,1501461,III,α&β,arm&center
260001,280001,0.33512039097467355,1471479,III,α&β,arm&center
280001,300001,0.33017908741209456,1467820,III,α&β,arm&center
300001,320001,0.32510299116931296,1459920,III,α&β,arm&center
320001,340001,0.32319433110415247,1464224,III,α&β,arm&center
340001,360001,0.3180742481443192,1467217,III,α&β,arm&center
360001,380001,0.31214728994122226,1441054,III,α&β,arm&center
380001,400001,0.3091917137518616,1441908,III,α&β,arm&center
400001,420001,0.30758573802829753,1436482,III,α&β,arm&center
420001,440001,0.2993322722796097,1443305,III,α&β,arm&center
440001,460001,0.2923734337641732,1441551,III,α&β,arm&center
460001,480001,0.28952873304499993,1453516,III,α&β,arm&center
480001,500001,0.288262109518092,1455038,III,α&β,arm&center
500001,520001,0.2865909186554919,1457023,III,α&β,arm&center
520001,540001,0.2839738395548059,1429172,III,α&β,arm&center
540001,560001,0.28248449934062164,1423039,III,α&β,arm&center
560001,580001,0.2826812787168913,1405592,III,α&β,arm&center
580001,600001,0.27810770210326763,1386811,III,α&β,arm&center
600001,620001,0.2750144656075907,1378558,III,α&β,arm&center
620001,640001,0.27307320119418127,1388914,III,α&β,arm&center
640001,660001,0.26547022250485164,1400558,III,α&β,arm&center
660001,680001,0.26053482673461864,1401735,III,α&β,arm&center
680001,700001,0.2584195488827971,1400823,III,α&β,arm&center
700001,720001,0.252011444356971,1386473,III,α&β,arm&center
720001,740001,0.2501805185425707,1378658,III,α&β,arm&center
740001,760001,0.24437620648151273,1373171,III,α&β,arm&center
760001,780001,0.2412962467712036,1348913,III,α&β,arm&center
780001,800001,0.23847337635968954,1345499,III,α&β,arm&center
800001,820001,0.23800366911444668,1351551,III,α&β,arm&center
820001,840001,0.23612539118290185,1352900,III,α&β,arm&center
840001,860001,0.23270455211710114,1359499,III,α&β,arm&center
860001,880001,0.22817791077152935,1360422,III,α&β,arm&center
880001,900001,0.22312501701568782,1372951,III,α&β,arm&center
900001,920001,0.22358729144523076,1350829,III,α&β,arm&center
920001,940001,0.22168450008123808,1347047,III,α&β,arm&center
940001,960001,0.21877080046674227,1352655,III,α&β,arm&center
960001,980001,0.2198147248435857,1339039,III,α&β,arm&center
1,20001,0.5507644686805441,1991967,III,α&β,center
20001,40001,0.4993010853595922,1778407,III,α&β,center
40001,60001,0.47782004326505584,1718158,III,α&β,center
60001,80001,0.46312281336029365,1667605,III,α&β,center
80001,100001,0.4574709910813353,1654526,III,α&β,center
100001,120001,0.45164596838665505,1616948,III,α&β,center
120001,140001,0.4392187340979216,1604528,III,α&β,center
140001,160001,0.43031855666708996,1602380,III,α&β,center
160001,180001,0.424532922624292,1610928,III,α&β,center
180001,200001,0.4260597305126802,1611268,III,α&β,center
200001,220001,0.4266538461935499,1648454,III,α&β,center
220001,240001,0.4265133276987336,1598867,III,α&β,center
240001,260001,0.4168294509491093,1594174,III,α&β,center
260001,280001,0.41714731394417365,1541044,III,α&β,center
280001,300001,0.415168809130534,1543261,III,α&β,center
300001,320001,0.4068358817555948,1537004,III,α&β,center
320001,340001,0.4062405311352542,1542812,III,α&β,center
340001,360001,0.40437109144808114,1528848,III,α&β,center
360001,380001,0.39649956819564164,1485266,III,α&β,center
380001,400001,0.39242865320277115,1500564,III,α&β,center
400001,420001,0.39098133188296114,1516144,III,α&β,center
420001,440001,0.3858491040923208,1518290,III,α&β,center
440001,460001,0.38125893831674035,1504361,III,α&β,center
460001,480001,0.3753970229977954,1517182,III,α&β,center
480001,500001,0.3779288378745862,1502622,III,α&β,center
500001,520001,0.37977283212764484,1491588,III,α&β,center
520001,540001,0.37535424392277006,1463143,III,α&β,center
540001,560001,0.375896502941998,1452287,III,α&β,center
560001,580001,0.37900632619867264,1429187,III,α&β,center
580001,600001,0.37475139100893023,1408673,III,α&β,center
600001,620001,0.37133162991126006,1390147,III,α&β,center
620001,640001,0.37121209163662805,1422287,III,α&β,center
640001,660001,0.3657194032322795,1414261,III,α&β,center
660001,680001,0.36263433603170825,1410136,III,α&β,center
680001,700001,0.360485624927041,1386591,III,α&β,center
700001,720001,0.3517038245781548,1364601,III,α&β,center
720001,740001,0.3493488838032313,1355392,III,α&β,center
740001,760001,0.3451954707643911,1324583,III,α&β,center
760001,780001,0.3414622185903153,1289922,III,α&β,center
780001,800001,0.3375708247756601,1296922,III,α&β,center
800001,820001,0.33517980452028306,1323375,III,α&β,center
820001,840001,0.3330866180357638,1324205,III,α&β,center
840001,860001,0.32579099907973774,1328216,III,α&β,center
860001,880001,0.32318124376788576,1307709,III,α&β,center
880001,900001,0.31805165877529396,1324108,III,α&β,center
900001,920001,0.3247788434524896,1279858,III,α&β,center
920001,940001,0.3175043164603951,1269012,III,α&β,center
940001,960001,0.3101931700204681,1268361,III,α&β,center
960001,980001,0.3078463735838061,1272959,III,α&β,center
1,20001,0.6035438183875512,1394732,III,β,arm
20001,40001,0.5371367446400813,1280391,III,β,arm
40001,60001,0.5116439711390531,1216278,III,β,arm
60001,80001,0.48835240417593184,1168665,III,β,arm
80001,100001,0.4648714539405851,1120704,III,β,arm
100001,120001,0.4591309397400726,1093395,III,β,arm
120001,140001,0.4469296830062887,1102462,III,β,arm
140001,160001,0.43835316406205854,1110233,III,β,arm
160001,180001,0.41558348233189835,1094259,III,β,arm
180001,200001,0.40580159308946656,1094567,III,β,arm
200001,220001,0.3868139699833123,1091461,III,β,arm
220001,240001,0.36917289291831085,1038311,III,β,arm
240001,260001,0.3628711476765974,1038267,III,β,arm
260001,280001,0.360339862262954,1012781,III,β,arm
280001,300001,0.355522649252509,999163,III,β,arm
300001,320001,0.3505486273328124,967782,III,β,arm
320001,340001,0.34225550316207054,941290,III,β,arm
340001,360001,0.32478491098116447,943094,III,β,arm
360001,380001,0.3147097673251152,928212,III,β,arm
380001,400001,0.2978455973216086,923885,III,β,arm
400001,420001,0.29084105387943926,911145,III,β,arm
420001,440001,0.2729417663549307,931070,III,β,arm
440001,460001,0.26269892422080876,909635,III,β,arm
460001,480001,0.2489291635628516,901350,III,β,arm
480001,500001,0.2475540671470136,888541,III,β,arm
500001,520001,0.23597390578471475,891691,III,β,arm
520001,540001,0.2280101008216378,848281,III,β,arm
540001,560001,0.2266347768759543,829746,III,β,arm
560001,580001,0.2190739313644629,818056,III,β,arm
580001,600001,0.20795872175965457,795375,III,β,arm
600001,620001,0.20009102867208223,790720,III,β,arm
620001,640001,0.19391195319212542,768069,III,β,arm
640001,660001,0.18381550588238887,790360,III,β,arm
660001,680001,0.17928296729779947,789205,III,β,arm
680001,700001,0.17687196096316787,803255,III,β,arm
700001,720001,0.16747119812400535,797987,III,β,arm
720001,740001,0.1548932137830142,789246,III,β,arm
740001,760001,0.14513587319119048,773470,III,β,arm
760001,780001,0.13735620008644586,750034,III,β,arm
780001,800001,0.1331851806505794,735603,III,β,arm
800001,820001,0.13031439355381655,720731,III,β,arm
820001,840001,0.12533608461449514,716389,III,β,arm
840001,860001,0.12502406730141274,713666,III,β,arm
860001,880001,0.11950027716691994,743890,III,β,arm
880001,900001,0.11403206344990816,736544,III,β,arm
900001,920001,0.10949434789442505,745483,III,β,arm
920001,940001,0.10534300347449009,733301,III,β,arm
940001,960001,0.1011092185750604,715156,III,β,arm
960001,980001,0.0976370671232455,684458,III,β,arm
1,20001,0.6686566617147085,1572345,III,β,arm&center
20001,40001,0.6182820032024863,1424035,III,β,arm&center
40001,60001,0.5996229442301242,1378361,III,β,arm&center
60001,80001,0.5849981676451859,1340595,III,β,arm&center
80001,100001,0.5783195763582031,1305561,III,β,arm&center
100001,120001,0.5751586723424444,1276925,III,β,arm&center
120001,140001,0.5638810428315477,1282092,III,β,arm&center
140001,160001,0.5507603044723856,1296037,III,β,arm&center
160001,180001,0.5331018273089309,1304596,III,β,arm&center
180001,200001,0.5295965808488122,1293423,III,β,arm&center
200001,220001,0.5233544772322215,1305344,III,β,arm&center
220001,240001,0.5159291896677209,1260920,III,β,arm&center
240001,260001,0.5102298093172001,1275977,III,β,arm&center
260001,280001,0.5087658810308485,1258531,III,β,arm&center
280001,300001,0.5080355328793517,1254892,III,β,arm&center
300001,320001,0.5026024679024956,1240831,III,β,arm&center
320001,340001,0.5037888681490501,1246334,III,β,arm&center
340001,360001,0.4985351685833695,1254034,III,β,arm&center
360001,380001,0.49154595092391284,1233002,III,β,arm&center
380001,400001,0.48362030335624345,1229136,III,β,arm&center
400001,420001,0.4817636492317749,1227331,III,β,arm&center
420001,440001,0.46927852700805545,1235231,III,β,arm&center
440001,460001,0.46464346498889336,1217100,III,β,arm&center
460001,480001,0.4578869494939438,1225416,III,β,arm&center
480001,500001,0.4591948228979549,1213272,III,β,arm&center
500001,520001,0.4535433432584239,1212328,III,β,arm&center
520001,540001,0.4458518281978308,1175428,III,β,arm&center
540001,560001,0.44627049303335764,1173056,III,β,arm&center
560001,580001,0.4486301286970587,1165310,III,β,arm&center
580001,600001,0.4417713291526938,1152125,III,β,arm&center
600001,620001,0.4361668862582163,1146456,III,β,arm&center
620001,640001,0.43392217517686965,1150526,III,β,arm&center
640001,660001,0.4219154435436402,1171365,III,β,arm&center
660001,680001,0.4168843442181876,1163660,III,β,arm&center
680001,700001,0.4136579048836459,1165468,III,β,arm&center
700001,720001,0.40630740279626654,1153453,III,β,arm&center
720001,740001,0.39723369911216344,1152523,III,β,arm&center
740001,760001,0.3876669124791606,1153491,III,β,arm&center
760001,780001,0.3814736395090054,1126597,III,β,arm&center
780001,800001,0.3773655637397736,1117141,III,β,arm&center
800001,820001,0.3756916882029357,1113620,III,β,arm&center
820001,840001,0.37406137118483623,1107022,III,β,arm&center
840001,860001,0.37164491303297553,1100721,III,β,arm&center
860001,880001,0.35915628324758464,1099158,III,β,arm&center
880001,900001,0.3581841333153604,1098878,III,β,arm&center
900001,920001,0.35441281613962666,1088158,III,β,arm&center
920001,940001,0.3474915851163785,1075098,III,β,arm&center
940001,960001,0.3442753268684153,1078727,III,β,arm&center
960001,980001,0.3492099474546862,1075269,III,β,arm&center
1,20001,0.7196649926414724,1749084,III,β,center
20001,40001,0.6813159857308528,1555503,III,β,center
40001,60001,0.665095884504085,1508233,III,β,center
60001,80001,0.6558035649278607,1468727,III,β,center
80001,100001,0.6606656615568062,1428616,III,β,center
100001,120001,0.6613543894977997,1391895,III,β,center
120001,140001,0.6516263314203226,1370677,III,β,center
140001,160001,0.6321668710543807,1391635,III,β,center
160001,180001,0.6175827163292738,1419287,III,β,center
180001,200001,0.6205879093300928,1394728,III,β,center
200001,220001,0.620307478751276,1416075,III,β,center
220001,240001,0.6181034398050381,1371791,III,β,center
240001,260001,0.6121547707169237,1376743,III,β,center
260001,280001,0.6047026379367426,1353323,III,β,center
280001,300001,0.6081945679973909,1351464,III,β,center
300001,320001,0.6004436585580162,1342682,III,β,center
320001,340001,0.6028216040398989,1347470,III,β,center
340001,360001,0.603873654450543,1347806,III,β,center
360001,380001,0.5911449792904981,1310567,III,β,center
380001,400001,0.5833755259437408,1316287,III,β,center
400001,420001,0.5844152076948996,1324018,III,β,center
420001,440001,0.580470626326025,1319042,III,β,center
440001,460001,0.5796501640727748,1287143,III,β,center
460001,480001,0.5705866961105452,1299189,III,β,center
480001,500001,0.5787630692473473,1272539,III,β,center
500001,520001,0.5781699893190131,1257312,III,β,center
520001,540001,0.5660104228667794,1218457,III,β,center
540001,560001,0.5681400728503341,1212632,III,β,center
560001,580001,0.5727264955070854,1207102,III,β,center
580001,600001,0.5629612072385135,1199190,III,β,center
600001,620001,0.5567858778588909,1186335,III,β,center
620001,640001,0.5513723356856495,1202083,III,β,center
640001,660001,0.5476857198812659,1204248,III,β,center
660001,680001,0.5397388278449793,1192119,III,β,center
680001,700001,0.5406827772538727,1176362,III,β,center
700001,720001,0.5335836858539291,1151225,III,β,center
720001,740001,0.5220728094189578,1150075,III,β,center
740001,760001,0.5094478931306684,1137379,III,β,center
760001,780001,0.502621772734591,1089913,III,β,center
780001,800001,0.4967183090945022,1082801,III,β,center
800001,820001,0.4967629152497796,1098740,III,β,center
820001,840001,0.4947606028353936,1088031,III,β,center
840001,860001,0.4894481191136041,1066641,III,β,center
860001,880001,0.4752673076294608,1050822,III,β,center
880001,900001,0.47544311986267057,1059299,III,β,center
900001,920001,0.48036240610662634,1028363,III,β,center
920001,940001,0.46910447600139693,1000899,III,β,center
940001,960001,0.45344481999641584,993942,III,β,center
960001,980001,0.45475330174341966,1011465,III,β,center
1,20001,0.7022969210950967,1116264,IV,α,arm
20001,40001,0.6349308109273306,946757,IV,α,arm
40001,60001,0.5829855479026823,883135,IV,α,arm
60001,80001,0.5436754865680855,853082,IV,α,arm
80001,100001,0.5029461286861269,821911,IV,α,arm
100001,120001,0.4764472474182314,832054,IV,α,arm
120001,140001,0.4535779528965984,843145,IV,α,arm
140001,160001,0.4386961006256295,820622,IV,α,arm
160001,180001,0.41657548838821784,787818,IV,α,arm
180001,200001,0.3996816027950148,777982,IV,α,arm
200001,220001,0.37717328390587895,760666,IV,α,arm
220001,240001,0.34801145187991195,741916,IV,α,arm
240001,260001,0.34496615844886125,785658,IV,α,arm
260001,280001,0.34134709164187677,787756,IV,α,arm
280001,300001,0.34103234884386296,781022,IV,α,arm
300001,320001,0.3408153968936378,775446,IV,α,arm
320001,340001,0.3319803965636256,753534,IV,α,arm
340001,360001,0.3168612838674073,747861,IV,α,arm
360001,380001,0.29813508274258677,731425,IV,α,arm
380001,400001,0.2775504754546578,726252,IV,α,arm
400001,420001,0.26789989468582187,713980,IV,α,arm
420001,440001,0.25653648545611735,687303,IV,α,arm
440001,460001,0.2515853677572639,688758,IV,α,arm
460001,480001,0.2434653284797597,695467,IV,α,arm
480001,500001,0.2182334107845191,657109,IV,α,arm
500001,520001,0.2041034631756321,647734,IV,α,arm
520001,540001,0.19489891993382144,659715,IV,α,arm
540001,560001,0.18033311552514553,672600,IV,α,arm
560001,580001,0.1727011664304914,672635,IV,α,arm
580001,600001,0.1694863301085696,667731,IV,α,arm
600001,620001,0.16586890975552154,662286,IV,α,arm
620001,640001,0.15980506929795776,664157,IV,α,arm
640001,660001,0.15899096116980554,661379,IV,α,arm
660001,680001,0.16117654695188005,659386,IV,α,arm
680001,700001,0.15833375067610553,648643,IV,α,arm
700001,720001,0.14830985951066536,652044,IV,α,arm
720001,740001,0.13751677635552986,644938,IV,α,arm
740001,760001,0.13284345802237937,620460,IV,α,arm
760001,780001,0.13211442761466602,614784,IV,α,arm
780001,800001,0.12746241540356537,603260,IV,α,arm
800001,820001,0.11819006252285197,576859,IV,α,arm
820001,840001,0.10679911528171847,583242,IV,α,arm
840001,860001,0.09486787126308495,579611,IV,α,arm
860001,880001,0.09170987902368573,585421,IV,α,arm
880001,900001,0.08886247610308089,601471,IV,α,arm
900001,920001,0.08307179868039527,590958,IV,α,arm
920001,940001,0.08076072024756002,572983,IV,α,arm
940001,960001,0.08587961843270774,561299,IV,α,arm
960001,980001,0.09406164126366129,566232,IV,α,arm
1,20001,0.591164062734353,1682953,IV,α,arm&center
20001,40001,0.5430390234872613,1529635,IV,α,arm&center
40001,60001,0.5234062390004688,1473416,IV,α,arm&center
60001,80001,0.5088079676543542,1457419,IV,α,arm&center
80001,100001,0.4975215435556758,1436926,IV,α,arm&center
100001,120001,0.4923430065227542,1429631,IV,α,arm&center
120001,140001,0.49029192461213633,1419981,IV,α,arm&center
140001,160001,0.4906578138171454,1426248,IV,α,arm&center
160001,180001,0.48234688353870386,1429336,IV,α,arm&center
180001,200001,0.47736008955191456,1420280,IV,α,arm&center
200001,220001,0.47453356086380305,1421276,IV,α,arm&center
220001,240001,0.46948536752938347,1418570,IV,α,arm&center
240001,260001,0.4668693527238314,1438736,IV,α,arm&center
260001,280001,0.4660068506439413,1443463,IV,α,arm&center
280001,300001,0.4676024300737739,1460222,IV,α,arm&center
300001,320001,0.46669825400597265,1454898,IV,α,arm&center
320001,340001,0.460249380627638,1445236,IV,α,arm&center
340001,360001,0.45450355085064076,1441514,IV,α,arm&center
360001,380001,0.4524817067046488,1435398,IV,α,arm&center
380001,400001,0.45040774539415823,1412713,IV,α,arm&center
400001,420001,0.44984692019980554,1402091,IV,α,arm&center
420001,440001,0.44845220630076404,1384790,IV,α,arm&center
440001,460001,0.4460801855912331,1401701,IV,α,arm&center
460001,480001,0.44232265571546014,1414584,IV,α,arm&center
480001,500001,0.4392351414510317,1393937,IV,α,arm&center
500001,520001,0.4334598324134364,1395484,IV,α,arm&center
520001,540001,0.4360901352763359,1411833,IV,α,arm&center
540001,560001,0.43074539281179575,1404780,IV,α,arm&center
560001,580001,0.42860695037359475,1397143,IV,α,arm&center
580001,600001,0.42667122483790004,1395174,IV,α,arm&center
600001,620001,0.4278656174776059,1378299,IV,α,arm&center
620001,640001,0.42390612219546764,1368496,IV,α,arm&center
640001,660001,0.42808662024998095,1377543,IV,α,arm&center
660001,680001,0.42711188510927595,1371575,IV,α,arm&center
680001,700001,0.42787213613978037,1373755,IV,α,arm&center
700001,720001,0.42512803393162163,1389875,IV,α,arm&center
720001,740001,0.4211520642941344,1374330,IV,α,arm&center
740001,760001,0.42228446382175083,1379538,IV,α,arm&center
760001,780001,0.4213183789800647,1369862,IV,α,arm&center
780001,800001,0.4231838822726577,1367714,IV,α,arm&center
800001,820001,0.42162181586115954,1361590,IV,α,arm&center
820001,840001,0.4185673604464393,1354815,IV,α,arm&center
840001,860001,0.4194968937256438,1369170,IV,α,arm&center
860001,880001,0.4194056972725418,1353712,IV,α,arm&center
880001,900001,0.4141518447142623,1341678,IV,α,arm&center
900001,920001,0.40988871500571944,1330543,IV,α,arm&center
920001,940001,0.4089121368448278,1315512,IV,α,arm&center
940001,960001,0.4088524624079783,1301564,IV,α,arm&center
960001,980001,0.4039190214125747,1290018,IV,α,arm&center
1,20001,0.5600688522370502,1960416,IV,α,center
20001,40001,0.5192185532026361,1814835,IV,α,center
40001,60001,0.5077667200141313,1747493,IV,α,center
60001,80001,0.5011774398772288,1732497,IV,α,center
80001,100001,0.4975492918033635,1717148,IV,α,center
100001,120001,0.4965218306406009,1703489,IV,α,center
120001,140001,0.5008725560574887,1684038,IV,α,center
140001,160001,0.5037799166189394,1694643,IV,α,center
160001,180001,0.4974419875618282,1703431,IV,α,center
180001,200001,0.49397685419319565,1688387,IV,α,center
200001,220001,0.49504178540016847,1696254,IV,α,center
220001,240001,0.4946450167670638,1685480,IV,α,center
240001,260001,0.49370705334828113,1689601,IV,α,center
260001,280001,0.4937219561467814,1688721,IV,α,center
280001,300001,0.49584953833729456,1706344,IV,α,center
300001,320001,0.49681058787575055,1701051,IV,α,center
320001,340001,0.48930745116464375,1684767,IV,α,center
340001,360001,0.4843389996850147,1673902,IV,α,center
360001,380001,0.483932526804036,1669354,IV,α,center
380001,400001,0.4863716595245631,1643106,IV,α,center
400001,420001,0.4863513782407778,1622757,IV,α,center
420001,440001,0.48737187718487146,1603980,IV,α,center
440001,460001,0.48506649899065946,1627519,IV,α,center
460001,480001,0.48463361536249605,1631337,IV,α,center
480001,500001,0.4830911332129376,1616856,IV,α,center
500001,520001,0.4803852941588766,1616370,IV,α,center
520001,540001,0.48610948382486713,1624205,IV,α,center
540001,560001,0.48462911246903917,1605378,IV,α,center
560001,580001,0.48352708071658523,1576910,IV,α,center
580001,600001,0.481624123111479,1576956,IV,α,center
600001,620001,0.4838512289995041,1551903,IV,α,center
620001,640001,0.48141028572869293,1519987,IV,α,center
640001,660001,0.48466377386254833,1540882,IV,α,center
660001,680001,0.4829981936097366,1523070,IV,α,center
680001,700001,0.4846754193033994,1521158,IV,α,center
700001,720001,0.48450528054462966,1531268,IV,α,center
720001,740001,0.4819821564913809,1510023,IV,α,center
740001,760001,0.4843415090747918,1520262,IV,α,center
760001,780001,0.4834391302125535,1504294,IV,α,center
780001,800001,0.48332986755754204,1504189,IV,α,center
800001,820001,0.4824524135067258,1495007,IV,α,center
820001,840001,0.4820935560081075,1476729,IV,α,center
840001,860001,0.48544025382390743,1490446,IV,α,center
860001,880001,0.48933610788205706,1447453,IV,α,center
880001,900001,0.48695586594677515,1413867,IV,α,center
900001,920001,0.4817009740344429,1395253,IV,α,center
920001,940001,0.480154866143035,1386616,IV,α,center
940001,960001,0.4789008026082796,1365533,IV,α,center
960001,980001,0.47550534493601637,1339314,IV,α,center
1,20001,0.4708530489550443,1587475,IV,α&β,arm
20001,40001,0.3803548698060175,1442755,IV,α&β,arm
40001,60001,0.33198824384234843,1396769,IV,α&β,arm
60001,80001,0.3018031457869853,1363175,IV,α&β,arm
80001,100001,0.2792208369714046,1330505,IV,α&β,arm
100001,120001,0.2738402420423796,1322621,IV,α&β,arm
120001,140001,0.26684670181557446,1324238,IV,α&β,arm
140001,160001,0.25366059324296936,1284525,IV,α&β,arm
160001,180001,0.24817141114184985,1269428,IV,α&β,arm
180001,200001,0.23969593920145799,1265410,IV,α&β,arm
200001,220001,0.23439599711388703,1281486,IV,α&β,arm
220001,240001,0.2224145075496138,1270157,IV,α&β,arm
240001,260001,0.21952648484198264,1275651,IV,α&β,arm
260001,280001,0.21141825280537407,1256564,IV,α&β,arm
280001,300001,0.1986955849500356,1254187,IV,α&β,arm
300001,320001,0.1958670900865529,1225650,IV,α&β,arm
320001,340001,0.19072593941863247,1197681,IV,α&β,arm
340001,360001,0.18159594548311422,1183631,IV,α&β,arm
360001,380001,0.1695438431668747,1157485,IV,α&β,arm
380001,400001,0.16520376364620815,1164133,IV,α&β,arm
400001,420001,0.16405325301007787,1164417,IV,α&β,arm
420001,440001,0.15854450690416733,1153788,IV,α&β,arm
440001,460001,0.1576731790546388,1128422,IV,α&β,arm
460001,480001,0.15616575499515528,1108817,IV,α&β,arm
480001,500001,0.1442683094922877,1077972,IV,α&β,arm
500001,520001,0.13825777082541538,1055099,IV,α&β,arm
520001,540001,0.13265923820536385,1059144,IV,α&β,arm
540001,560001,0.12532834966056491,1064386,IV,α&β,arm
560001,580001,0.12053530864833442,1044095,IV,α&β,arm
580001,600001,0.11998322308812205,1009754,IV,α&β,arm
600001,620001,0.11676669476126103,997028,IV,α&β,arm
620001,640001,0.1137855514626892,1009547,IV,α&β,arm
640001,660001,0.11074898352215481,1011641,IV,α&β,arm
660001,680001,0.10896244881670046,1014228,IV,α&β,arm
680001,700001,0.10782863748017457,1010170,IV,α&β,arm
700001,720001,0.10282764071917086,998700,IV,α&β,arm
720001,740001,0.09679929461885346,978256,IV,α&β,arm
740001,760001,0.09034902958728934,947989,IV,α&β,arm
760001,780001,0.0865389473576581,933053,IV,α&β,arm
780001,800001,0.08068286614252733,915584,IV,α&β,arm
800001,820001,0.0788677754051154,901516,IV,α&β,arm
820001,840001,0.07769838608941002,900951,IV,α&β,arm
840001,860001,0.07492912071229829,888331,IV,α&β,arm
860001,880001,0.07391152138483473,873602,IV,α&β,arm
880001,900001,0.07283478365201972,882342,IV,α&β,arm
900001,920001,0.06958711556143947,867193,IV,α&β,arm
920001,940001,0.06998043257946195,868834,IV,α&β,arm
940001,960001,0.06996206995519967,878356,IV,α&β,arm
960001,980001,0.07057603303646089,888059,IV,α&β,arm
1,20001,0.47810053484602544,1931093,IV,α&β,arm&center
20001,40001,0.4205602075030312,1783451,IV,α&β,arm&center
40001,60001,0.3948327925838345,1732372,IV,α&β,arm&center
60001,80001,0.3795649147730601,1709107,IV,α&β,arm&center
80001,100001,0.3696653465411006,1691591,IV,α&β,arm&center
100001,120001,0.36577248334935897,1674501,IV,α&β,arm&center
120001,140001,0.363067177619446,1661055,IV,α&β,arm&center
140001,160001,0.35934742813307674,1658543,IV,α&β,arm&center
160001,180001,0.3545352492116262,1668928,IV,α&β,arm&center
180001,200001,0.3492159117298639,1666535,IV,α&β,arm&center
200001,220001,0.3472401192828467,1677596,IV,α&β,arm&center
220001,240001,0.34452444584188885,1674915,IV,α&β,arm&center
240001,260001,0.3382708116809352,1690476,IV,α&β,arm&center
260001,280001,0.33442807092776516,1681526,IV,α&β,arm&center
280001,300001,0.3304832543489133,1697859,IV,α&β,arm&center
300001,320001,0.3287862934519503,1682497,IV,α&β,arm&center
320001,340001,0.3230229558830636,1668590,IV,α&β,arm&center
340001,360001,0.31764658025397335,1658456,IV,α&β,arm&center
360001,380001,0.3139768499261309,1641338,IV,α&β,arm&center
380001,400001,0.31187587119620414,1628933,IV,α&β,arm&center
400001,420001,0.3098791262524,1616837,IV,α&β,arm&center
420001,440001,0.30638649656653205,1607390,IV,α&β,arm&center
440001,460001,0.30621053732906756,1610681,IV,α&β,arm&center
460001,480001,0.3043391440237739,1615784,IV,α&β,arm&center
480001,500001,0.3011008216648514,1597751,IV,α&β,arm&center
500001,520001,0.29651107188480863,1599813,IV,α&β,arm&center
520001,540001,0.2974047198111699,1612900,IV,α&β,arm&center
540001,560001,0.29467984666514185,1607176,IV,α&β,arm&center
560001,580001,0.29091138427337726,1584883,IV,α&β,arm&center
580001,600001,0.28991968837444176,1583935,IV,α&β,arm&center
600001,620001,0.28940991131989363,1564080,IV,α&β,arm&center
620001,640001,0.28305838609879574,1561507,IV,α&β,arm&center
640001,660001,0.28477364054302834,1568001,IV,α&β,arm&center
660001,680001,0.282729259565928,1560733,IV,α&β,arm&center
680001,700001,0.2845897933438752,1565822,IV,α&β,arm&center
700001,720001,0.2842732865714018,1566902,IV,α&β,arm&center
720001,740001,0.2829878268900005,1545114,IV,α&β,arm&center
740001,760001,0.2859605628065024,1547998,IV,α&β,arm&center
760001,780001,0.28335487951380733,1537233,IV,α&β,arm&center
780001,800001,0.28197757292239944,1531709,IV,α&β,arm&center
800001,820001,0.27999748933936874,1534195,IV,α&β,arm&center
820001,840001,0.27787039906201255,1527039,IV,α&β,arm&center
840001,860001,0.2791281478489394,1533553,IV,α&β,arm&center
860001,880001,0.27784458241814186,1516455,IV,α&β,arm&center
880001,900001,0.27302160178416407,1508629,IV,α&β,arm&center
900001,920001,0.27075812029024854,1499834,IV,α&β,arm&center
920001,940001,0.2698587171542174,1484371,IV,α&β,arm&center
940001,960001,0.2662219105008062,1481268,IV,α&β,arm&center
960001,980001,0.2620621246334411,1474236,IV,α&β,arm&center
1,20001,0.48254714762976414,2177556,IV,α&β,center
20001,40001,0.44082796959756454,2019102,IV,α&β,center
40001,60001,0.4282117507600588,1948437,IV,α&β,center
60001,80001,0.42043084816703585,1929599,IV,α&β,center
80001,100001,0.4161885977030707,1913426,IV,α&β,center
100001,120001,0.41331134681480886,1890501,IV,α&β,center
120001,140001,0.4148153648373999,1861458,IV,α&β,center
140001,160001,0.414088945407731,1879615,IV,α&β,center
160001,180001,0.4085912602467033,1888899,IV,α&β,center
180001,200001,0.40347508486200656,1875089,IV,α&β,center
200001,220001,0.404877451874067,1877579,IV,α&β,center
220001,240001,0.4060875738731761,1863677,IV,α&β,center
240001,260001,0.3992330975384002,1874361,IV,α&β,center
260001,280001,0.3971708581697212,1869591,IV,α&β,center
280001,300001,0.39678555331997517,1875447,IV,α&β,center
300001,320001,0.39529250898043367,1866157,IV,α&β,center
320001,340001,0.3885385622215686,1851888,IV,α&β,center
340001,360001,0.384542780550202,1838420,IV,α&β,center
360001,380001,0.38351131225004215,1823614,IV,α&β,center
380001,400001,0.38500141830701146,1798687,IV,α&β,center
400001,420001,0.3817752434016473,1781495,IV,α&β,center
420001,440001,0.3803779373854236,1760003,IV,α&β,center
440001,460001,0.3797256018633322,1772518,IV,α&β,center
460001,480001,0.3779138078248393,1775903,IV,α&β,center
480001,500001,0.3752522585264747,1761084,IV,α&β,center
500001,520001,0.3706259099326214,1770712,IV,α&β,center
520001,540001,0.3740563523773234,1772962,IV,α&β,center
540001,560001,0.37510154771393195,1752137,IV,α&β,center
560001,580001,0.3712555793273173,1725294,IV,α&β,center
580001,600001,0.36835555964765254,1732797,IV,α&β,center
600001,620001,0.36965510355978093,1709358,IV,α&β,center
620001,640001,0.36468140140497096,1682098,IV,α&β,center
640001,660001,0.36901069710126017,1693660,IV,α&β,center
660001,680001,0.36819385804818067,1669147,IV,α&β,center
680001,700001,0.37163927678649056,1669842,IV,α&β,center
700001,720001,0.37284695829825976,1672062,IV,α&β,center
720001,740001,0.3734385857875458,1645640,IV,α&β,center
740001,760001,0.3773742719979332,1657025,IV,α&β,center
760001,780001,0.3763673956723728,1635477,IV,α&β,center
780001,800001,0.37290158087842223,1638512,IV,α&β,center
800001,820001,0.3704043386942474,1638183,IV,α&β,center
820001,840001,0.368383283373463,1617631,IV,α&β,center
840001,860001,0.37137007552537105,1634113,IV,α&β,center
860001,880001,0.37333481411489206,1579941,IV,α&β,center
880001,900001,0.3710149272512393,1548014,IV,α&β,center
900001,920001,0.36832519757697346,1534003,IV,α&β,center
920001,940001,0.36836179398432206,1514287,IV,α&β,center
940001,960001,0.3653548484327237,1492422,IV,α&β,center
960001,980001,0.36274690596763026,1459700,IV,α&β,center
1,20001,0.5399934885871474,1463478,IV,β,arm
20001,40001,0.45360717726501504,1318077,IV,β,arm
40001,60001,0.4077369086295414,1270153,IV,β,arm
60001,80001,0.37814509789456957,1224737,IV,β,arm
80001,100001,0.36370235232447223,1188497,IV,β,arm
100001,120001,0.354807031821657,1174713,IV,β,arm
120001,140001,0.3450004167059038,1169285,IV,β,arm
140001,160001,0.32015127463673654,1143402,IV,β,arm
160001,180001,0.3102927773805505,1145128,IV,β,arm
180001,200001,0.3014298614799916,1148117,IV,β,arm
200001,220001,0.30535224658815,1164393,IV,β,arm
220001,240001,0.29733757975126696,1149641,IV,β,arm
240001,260001,0.2944220661977691,1148113,IV,β,arm
260001,280001,0.27848572835013785,1113998,IV,β,arm
280001,300001,0.25460968954311414,1114259,IV,β,arm
300001,320001,0.24618118715859685,1088163,IV,β,arm
320001,340001,0.23996997098515827,1071156,IV,β,arm
340001,360001,0.22995421833349244,1067167,IV,β,arm
360001,380001,0.22120066229214583,1037644,IV,β,arm
380001,400001,0.21433871089469927,1051344,IV,β,arm
400001,420001,0.20574286489689914,1052126,IV,β,arm
420001,440001,0.2022584577599742,1047489,IV,β,arm
440001,460001,0.19877669482427296,1022497,IV,β,arm
460001,480001,0.19530045457513168,1013943,IV,β,arm
480001,500001,0.18624227926020656,990634,IV,β,arm
500001,520001,0.17753304426539906,954708,IV,β,arm
520001,540001,0.1712830343438259,957263,IV,β,arm
540001,560001,0.16833130728341564,957472,IV,β,arm
560001,580001,0.1617346530676421,941688,IV,β,arm
580001,600001,0.15553234775186373,906688,IV,β,arm
600001,620001,0.14843783231050173,889749,IV,β,arm
620001,640001,0.1435589852243866,902950,IV,β,arm
640001,660001,0.13970073057456153,898247,IV,β,arm
660001,680001,0.13746471721314926,904029,IV,β,arm
680001,700001,0.134972650722059,897089,IV,β,arm
700001,720001,0.12740564448062217,882864,IV,β,arm
720001,740001,0.1224493158447231,875261,IV,β,arm
740001,760001,0.11428077000954323,848759,IV,β,arm
760001,780001,0.1082766712056962,827718,IV,β,arm
780001,800001,0.10041639481326921,809771,IV,β,arm
800001,820001,0.09485766659570126,804216,IV,β,arm
820001,840001,0.08913084805816628,807476,IV,β,arm
840001,860001,0.085879515777679,796036,IV,β,arm
860001,880001,0.08553759310367717,789245,IV,β,arm
880001,900001,0.08499260473403998,802311,IV,β,arm
900001,920001,0.0810605580658585,789956,IV,β,arm
920001,940001,0.07941271373950519,798249,IV,β,arm
940001,960001,0.0781748694709185,810806,IV,β,arm
960001,980001,0.0770370577073116,826866,IV,β,arm
1,20001,0.6252466991748653,1621065,IV,β,arm&center
20001,40001,0.5714675939651638,1477021,IV,β,arm&center
40001,60001,0.5460265643763419,1421947,IV,β,arm&center
60001,80001,0.52965445014275,1389910,IV,β,arm&center
80001,100001,0.521461877715508,1370259,IV,β,arm&center
100001,120001,0.5131590175911346,1354068,IV,β,arm&center
120001,140001,0.5026483373531023,1335727,IV,β,arm&center
140001,160001,0.49266983327520136,1338874,IV,β,arm&center
160001,180001,0.4845250668176173,1352688,IV,β,arm&center
180001,200001,0.4771059202533318,1357859,IV,β,arm&center
200001,220001,0.47767400062942905,1357747,IV,β,arm&center
220001,240001,0.47687126001439056,1359654,IV,β,arm&center
240001,260001,0.47044107745674707,1377551,IV,β,arm&center
260001,280001,0.4607895065232451,1359618,IV,β,arm&center
280001,300001,0.4507318106278796,1369930,IV,β,arm&center
300001,320001,0.44711764753824007,1355509,IV,β,arm&center
320001,340001,0.44010507187443726,1340633,IV,β,arm&center
340001,360001,0.4333668706996475,1337628,IV,β,arm&center
360001,380001,0.4304947986799,1315005,IV,β,arm&center
380001,400001,0.426236269750479,1313138,IV,β,arm&center
400001,420001,0.41614488675112904,1307591,IV,β,arm&center
420001,440001,0.4110820126673873,1299457,IV,β,arm&center
440001,460001,0.40821643525679224,1299263,IV,β,arm&center
460001,480001,0.40674425695703426,1295476,IV,β,arm&center
480001,500001,0.403609468450383,1285627,IV,β,arm&center
500001,520001,0.3981478225685611,1274003,IV,β,arm&center
520001,540001,0.3944455164156453,1290838,IV,β,arm&center
540001,560001,0.3923311209816629,1290630,IV,β,arm&center
560001,580001,0.3831462813162182,1276541,IV,β,arm&center
580001,600001,0.3859948678872594,1274131,IV,β,arm&center
600001,620001,0.38005163547060955,1254121,IV,β,arm&center
620001,640001,0.3704889668411111,1249278,IV,β,arm&center
640001,660001,0.3675561809452306,1258548,IV,β,arm&center
660001,680001,0.36667256067237286,1248891,IV,β,arm&center
680001,700001,0.3709055082798154,1253640,IV,β,arm&center
700001,720001,0.3724220131314934,1253231,IV,β,arm&center
720001,740001,0.3679266920616878,1238304,IV,β,arm&center
740001,760001,0.37440851894011123,1247878,IV,β,arm&center
760001,780001,0.3716699388807082,1242425,IV,β,arm&center
780001,800001,0.3690690302403885,1233304,IV,β,arm&center
800001,820001,0.36558510250328435,1245829,IV,β,arm&center
820001,840001,0.35791138641372283,1239977,IV,β,arm&center
840001,860001,0.3553874233867319,1246196,IV,β,arm&center
860001,880001,0.3494116548755867,1220869,IV,β,arm&center
880001,900001,0.34530840637372523,1226927,IV,β,arm&center
900001,920001,0.34417880664638845,1213758,IV,β,arm&center
920001,940001,0.3396281037838449,1210646,IV,β,arm&center
940001,960001,0.32942618545923125,1217921,IV,β,arm&center
960001,980001,0.32618725433236456,1214730,IV,β,arm&center
1,20001,0.6824664295000166,1735004,IV,β,center
20001,40001,0.6512636065041534,1582044,IV,β,center
40001,60001,0.6404414482760472,1515594,IV,β,center
60001,80001,0.6321503189287345,1488372,IV,β,center
80001,100001,0.6266635688216374,1473515,IV,β,center
100001,120001,0.6203500535570994,1453905,IV,β,center
120001,140001,0.6121101491831675,1422322,IV,β,center
140001,160001,0.6077897362986349,1440151,IV,β,center
160001,180001,0.6010579796588799,1448774,IV,β,center
180001,200001,0.5952242901480361,1435460,IV,β,center
200001,220001,0.5991611524160998,1425457,IV,β,center
220001,240001,0.5996885772261625,1424156,IV,β,center
240001,260001,0.588514485515598,1447099,IV,β,center
260001,280001,0.5801246110550802,1436823,IV,β,center
280001,300001,0.579314761795412,1439770,IV,β,center
300001,320001,0.5770686289656096,1422079,IV,β,center
320001,340001,0.5719078835909788,1410152,IV,β,center
340001,360001,0.5678861994999764,1401786,IV,β,center
360001,380001,0.5686143473888127,1377488,IV,β,center
380001,400001,0.5712241332120429,1364398,IV,β,center
400001,420001,0.5611563384416686,1352351,IV,β,center
420001,440001,0.5549170037101309,1341749,IV,β,center
440001,460001,0.5466921481133692,1355290,IV,β,center
460001,480001,0.5471907277571325,1350580,IV,β,center
480001,500001,0.5424380801415528,1346689,IV,β,center
500001,520001,0.5370383477885925,1340529,IV,β,center
520001,540001,0.5337674539765112,1356881,IV,β,center
540001,560001,0.5344431978606843,1352146,IV,β,center
560001,580001,0.5247145269124149,1333224,IV,β,center
580001,600001,0.5279726215123177,1345929,IV,β,center
600001,620001,0.5258126369662675,1320401,IV,β,center
620001,640001,0.5200265870875139,1295578,IV,β,center
640001,660001,0.5194045914528316,1306671,IV,β,center
660001,680001,0.5242738191303359,1279626,IV,β,center
680001,700001,0.5333300591309019,1281334,IV,β,center
700001,720001,0.5366421885045892,1294201,IV,β,center
720001,740001,0.5333380394425157,1264816,IV,β,center
740001,760001,0.5414602365354251,1292873,IV,β,center
760001,780001,0.5406930620760314,1281780,IV,β,center
780001,800001,0.535009844556655,1276606,IV,β,center
800001,820001,0.528985653640033,1290183,IV,β,center
820001,840001,0.5212927340780955,1289522,IV,β,center
840001,860001,0.5188513042525081,1301094,IV,β,center
860001,880001,0.5159398830698263,1249337,IV,β,center
880001,900001,0.5134624271345328,1229119,IV,β,center
900001,920001,0.5143761303794959,1211869,IV,β,center
920001,940001,0.5145383306337843,1189071,IV,β,center
940001,960001,0.5027040803925403,1181931,IV,β,center
960001,980001,0.5082415697091661,1157022,IV,β,center
1,20001,0.6882822208656283,1637964,V,α,arm
20001,40001,0.6054338362203352,1430271,V,α,arm
40001,60001,0.5491416025536461,1431354,V,α,arm
60001,80001,0.49635641688544524,1390939,V,α,arm
80001,100001,0.4755921747143177,1365751,V,α,arm
100001,120001,0.4480514590867146,1337519,V,α,arm
120001,140001,0.4261371917994838,1296516,V,α,arm
140001,160001,0.4045582785358733,1287644,V,α,arm
160001,180001,0.395459354206328,1287364,V,α,arm
180001,200001,0.3818575739980407,1272203,V,α,arm
200001,220001,0.36849876216927363,1282060,V,α,arm
220001,240001,0.3447839308859376,1253000,V,α,arm
240001,260001,0.32743059210072323,1232003,V,α,arm
260001,280001,0.3117067421920178,1186619,V,α,arm
280001,300001,0.2932094712128994,1227390,V,α,arm
300001,320001,0.2728983416982602,1235557,V,α,arm
320001,340001,0.25523881996403003,1205133,V,α,arm
340001,360001,0.24560174288978867,1202670,V,α,arm
360001,380001,0.23586065396667774,1214921,V,α,arm
380001,400001,0.22655579515992577,1207849,V,α,arm
400001,420001,0.22443708803757692,1187714,V,α,arm
420001,440001,0.2124588187726807,1160994,V,α,arm
440001,460001,0.20483256118315135,1165342,V,α,arm
460001,480001,0.2012570374050138,1149998,V,α,arm
480001,500001,0.19240072535078,1120620,V,α,arm
500001,520001,0.18454311311649144,1113215,V,α,arm
520001,540001,0.17649423508042672,1108380,V,α,arm
540001,560001,0.16703522067509868,1084909,V,α,arm
560001,580001,0.1543485943867536,1042931,V,α,arm
580001,600001,0.1529465509063794,1021943,V,α,arm
600001,620001,0.15046196888765193,1044851,V,α,arm
620001,640001,0.14094167537974006,1020516,V,α,arm
640001,660001,0.13430027327117056,994369,V,α,arm
660001,680001,0.13379940088556383,1027106,V,α,arm
680001,700001,0.12725446260253828,1002655,V,α,arm
700001,720001,0.12221453358728676,998480,V,α,arm
720001,740001,0.11484561764745482,968005,V,α,arm
740001,760001,0.10987899484024817,958060,V,α,arm
760001,780001,0.1117857856902565,967852,V,α,arm
780001,800001,0.1084884214745515,965489,V,α,arm
800001,820001,0.1033931668473557,947619,V,α,arm
820001,840001,0.09661442851676941,942911,V,α,arm
840001,860001,0.0887686606877022,958455,V,α,arm
860001,880001,0.08353277118514273,935560,V,α,arm
880001,900001,0.08262046218157353,927095,V,α,arm
900001,920001,0.07762182601709758,916578,V,α,arm
920001,940001,0.07209676950821133,878198,V,α,arm
940001,960001,0.07013284788276801,860075,V,α,arm
960001,980001,0.06904284994692311,844192,V,α,arm
1,20001,0.5854228569883172,1988769,V,α,arm&center
20001,40001,0.5294030538041252,1790887,V,α,arm&center
40001,60001,0.5054806815188793,1757806,V,α,arm&center
60001,80001,0.4862934124667581,1720681,V,α,arm&center
80001,100001,0.4770197535393044,1698616,V,α,arm&center
100001,120001,0.4687699539905449,1672341,V,α,arm&center
120001,140001,0.4570741412873399,1677904,V,α,arm&center
140001,160001,0.451072206251629,1690458,V,α,arm&center
160001,180001,0.4450312809580058,1700270,V,α,arm&center
180001,200001,0.43615779951058986,1697953,V,α,arm&center
200001,220001,0.42563533041587553,1714029,V,α,arm&center
220001,240001,0.4229239080735322,1703700,V,α,arm&center
240001,260001,0.4193851991023988,1711572,V,α,arm&center
260001,280001,0.4166892074076535,1654846,V,α,arm&center
280001,300001,0.4100388613386773,1669101,V,α,arm&center
300001,320001,0.4002583452808524,1667779,V,α,arm&center
320001,340001,0.38933778316560047,1654096,V,α,arm&center
340001,360001,0.3878649965344342,1655233,V,α,arm&center
360001,380001,0.3831971785678981,1670404,V,α,arm&center
380001,400001,0.38154133695923437,1675223,V,α,arm&center
400001,420001,0.3787184765765224,1668083,V,α,arm&center
420001,440001,0.3731531879399011,1649828,V,α,arm&center
440001,460001,0.36595439228239496,1667399,V,α,arm&center
460001,480001,0.3659920250251664,1668165,V,α,arm&center
480001,500001,0.36272883541228823,1649433,V,α,arm&center
500001,520001,0.3620446397862889,1647210,V,α,arm&center
520001,540001,0.36467718879199695,1653718,V,α,arm&center
540001,560001,0.3605986890090762,1649559,V,α,arm&center
560001,580001,0.35722363682259817,1639556,V,α,arm&center
580001,600001,0.3561631483837901,1624905,V,α,arm&center
600001,620001,0.35241224393594467,1649866,V,α,arm&center
620001,640001,0.34778049755094564,1638468,V,α,arm&center
640001,660001,0.346465560191248,1619616,V,α,arm&center
660001,680001,0.34532393847939863,1604289,V,α,arm&center
680001,700001,0.34417848453409566,1580914,V,α,arm&center
700001,720001,0.3475666516020262,1598208,V,α,arm&center
720001,740001,0.34177960869942353,1597077,V,α,arm&center
740001,760001,0.3409068661567187,1578759,V,α,arm&center
760001,780001,0.3386007989506659,1604527,V,α,arm&center
780001,800001,0.33323307767253457,1614061,V,α,arm&center
800001,820001,0.33093211979409726,1615930,V,α,arm&center
820001,840001,0.3297699785416234,1608677,V,α,arm&center
840001,860001,0.3257006474809679,1606986,V,α,arm&center
860001,880001,0.32295684783345835,1618818,V,α,arm&center
880001,900001,0.32192523156154784,1603007,V,α,arm&center
900001,920001,0.3207197655677351,1594126,V,α,arm&center
920001,940001,0.3203008157915353,1584617,V,α,arm&center
940001,960001,0.3207643920013316,1578279,V,α,arm&center
960001,980001,0.3162783730682771,1567431,V,α,arm&center
1,20001,0.5541932159367722,2161758,V,α,center
20001,40001,0.5075157309020506,1956338,V,α,center
40001,60001,0.4918382722426155,1905681,V,α,center
60001,80001,0.4824680850208449,1867019,V,α,center
80001,100001,0.4778097338818663,1845969,V,α,center
100001,120001,0.47386935372638306,1812893,V,α,center
120001,140001,0.4646398114243829,1833538,V,α,center
140001,160001,0.46291051929276705,1859183,V,α,center
160001,180001,0.45766750097459186,1861505,V,α,center
180001,200001,0.4505289525813803,1865433,V,α,center
200001,220001,0.44105474437748476,1876990,V,α,center
220001,240001,0.4426263222325128,1873223,V,α,center
240001,260001,0.4426380119450048,1883965,V,α,center
260001,280001,0.44188323160863274,1817913,V,α,center
280001,300001,0.4387606784815421,1820567,V,α,center
300001,320001,0.4319042699021441,1813380,V,α,center
320001,340001,0.42141833752152597,1802084,V,α,center
340001,360001,0.42194219569986763,1802960,V,α,center
360001,380001,0.4193948045596332,1809351,V,α,center
380001,400001,0.4191304132204279,1814117,V,α,center
400001,420001,0.4165406030123858,1809448,V,α,center
420001,440001,0.41263269799284424,1785303,V,α,center
440001,460001,0.405030377959258,1808845,V,α,center
460001,480001,0.4037135029786456,1807234,V,α,center
480001,500001,0.4029109849256864,1790298,V,α,center
500001,520001,0.40304832884741715,1787091,V,α,center
520001,540001,0.40625389417698365,1800850,V,α,center
540001,560001,0.40368270381992977,1793203,V,α,center
560001,580001,0.4011873785537868,1791928,V,α,center
580001,600001,0.39794450506906603,1780411,V,α,center
600001,620001,0.394257655767324,1805134,V,α,center
620001,640001,0.3899201623036016,1798488,V,α,center
640001,660001,0.38860346916505584,1776363,V,α,center
660001,680001,0.3909424325647207,1742394,V,α,center
680001,700001,0.390287188515676,1721364,V,α,center
700001,720001,0.39503184644821804,1741452,V,α,center
720001,740001,0.3891188790106993,1739788,V,α,center
740001,760001,0.3897899587145875,1717527,V,α,center
760001,780001,0.3857641469643859,1736280,V,α,center
780001,800001,0.38251765095607904,1756694,V,α,center
800001,820001,0.37979168597316854,1760003,V,α,center
820001,840001,0.3771560122650124,1752905,V,α,center
840001,860001,0.37640111631945383,1751838,V,α,center
860001,880001,0.3727796621418308,1761413,V,α,center
880001,900001,0.372979104611197,1732494,V,α,center
900001,920001,0.3718843273620248,1720936,V,α,center
920001,940001,0.37198767160781604,1715746,V,α,center
940001,960001,0.3731609539557262,1706463,V,α,center
960001,980001,0.3695984746889654,1686798,V,α,center
1,20001,0.4853625886142057,2047950,V,α&β,arm
20001,40001,0.4011978476672388,1836016,V,α&β,arm
40001,60001,0.3637452688947361,1827285,V,α&β,arm
60001,80001,0.3292061033986653,1802080,V,α&β,arm
80001,100001,0.3084213180561959,1765708,V,α&β,arm
100001,120001,0.2885320540209838,1767458,V,α&β,arm
120001,140001,0.27246214554697307,1740747,V,α&β,arm
140001,160001,0.2624525972878646,1710425,V,α&β,arm
160001,180001,0.2525524846838512,1687546,V,α&β,arm
180001,200001,0.24789505704483358,1665508,V,α&β,arm
200001,220001,0.23968784200977825,1665098,V,α&β,arm
220001,240001,0.22991381004446337,1628986,V,α&β,arm
240001,260001,0.21883492800712112,1593527,V,α&β,arm
260001,280001,0.21304570384801969,1561475,V,α&β,arm
280001,300001,0.20541384050851713,1586852,V,α&β,arm
300001,320001,0.19465097573019904,1617470,V,α&β,arm
320001,340001,0.18313633788559985,1595416,V,α&β,arm
340001,360001,0.17782548106908988,1593839,V,α&β,arm
360001,380001,0.16925317610782176,1579480,V,α&β,arm
380001,400001,0.16594566664779334,1572082,V,α&β,arm
400001,420001,0.16516044273052768,1561903,V,α&β,arm
420001,440001,0.15979491906845936,1534761,V,α&β,arm
440001,460001,0.15105723600640714,1557243,V,α&β,arm
460001,480001,0.15024049243158713,1576124,V,α&β,arm
480001,500001,0.14800975593887078,1529279,V,α&β,arm
500001,520001,0.1443509315722706,1514139,V,α&β,arm
520001,540001,0.1395362101190389,1516748,V,α&β,arm
540001,560001,0.13170265686476437,1473045,V,α&β,arm
560001,580001,0.12339052683543303,1420993,V,α&β,arm
580001,600001,0.12151881806573392,1403378,V,α&β,arm
600001,620001,0.11957726416838099,1397265,V,α&β,arm
620001,640001,0.11700597703290293,1386188,V,α&β,arm
640001,660001,0.11073159808362493,1358203,V,α&β,arm
660001,680001,0.1083305702847673,1384515,V,α&β,arm
680001,700001,0.1060413727678651,1356883,V,α&β,arm
700001,720001,0.10279772810331533,1339564,V,α&β,arm
720001,740001,0.09696592330916182,1323576,V,α&β,arm
740001,760001,0.09570058193445256,1292753,V,α&β,arm
760001,780001,0.09800759040793434,1283897,V,α&β,arm
780001,800001,0.09328430469426288,1291790,V,α&β,arm
800001,820001,0.09041724114712575,1284577,V,α&β,arm
820001,840001,0.08737425142595205,1302268,V,α&β,arm
840001,860001,0.08107202327601261,1327419,V,α&β,arm
860001,880001,0.07494031805333344,1295704,V,α&β,arm
880001,900001,0.0748475881798501,1281730,V,α&β,arm
900001,920001,0.07104157464397766,1253937,V,α&β,arm
920001,940001,0.06930523216603897,1236919,V,α&β,arm
940001,960001,0.0678073406881217,1195495,V,α&β,arm
960001,980001,0.06724076092425128,1174458,V,α&β,arm
1,20001,0.40952553125515434,2440986,V,α&β,arm&center
20001,40001,0.3480857763259853,2231232,V,α&β,arm&center
40001,60001,0.32691140899574644,2191472,V,α&β,arm&center
60001,80001,0.3089966434987555,2162227,V,α&β,arm&center
80001,100001,0.299105630537369,2133133,V,α&β,arm&center
100001,120001,0.2930277119806001,2110327,V,α&β,arm&center
120001,140001,0.2822908424680948,2111821,V,α&β,arm&center
140001,160001,0.2776496473948551,2130472,V,α&β,arm&center
160001,180001,0.27411666709571875,2128373,V,α&β,arm&center
180001,200001,0.26939357230790445,2136803,V,α&β,arm&center
200001,220001,0.26127140246085323,2146368,V,α&β,arm&center
220001,240001,0.25743667714156676,2139250,V,α&β,arm&center
240001,260001,0.25311853977484083,2133169,V,α&β,arm&center
260001,280001,0.2491449666613774,2085719,V,α&β,arm&center
280001,300001,0.24662412136393458,2104768,V,α&β,arm&center
300001,320001,0.23840267179753594,2112376,V,α&β,arm&center
320001,340001,0.23118647347935758,2091799,V,α&β,arm&center
340001,360001,0.23003677282968218,2099851,V,α&β,arm&center
360001,380001,0.22886758267073024,2100243,V,α&β,arm&center
380001,400001,0.22609498152668908,2098828,V,α&β,arm&center
400001,420001,0.22405869002481302,2092239,V,α&β,arm&center
420001,440001,0.21892193230990623,2072048,V,α&β,arm&center
440001,460001,0.21697789062846828,2097646,V,α&β,arm&center
460001,480001,0.21584961331370214,2108482,V,α&β,arm&center
480001,500001,0.21409358528437353,2100696,V,α&β,arm&center
500001,520001,0.2133422245482963,2103343,V,α&β,arm&center
520001,540001,0.21278942653630364,2101553,V,α&β,arm&center
540001,560001,0.21112616220381902,2085267,V,α&β,arm&center
560001,580001,0.20905622616765965,2073679,V,α&β,arm&center
580001,600001,0.20846526420875214,2066201,V,α&β,arm&center
600001,620001,0.20736257666662816,2074878,V,α&β,arm&center
620001,640001,0.2044997406881077,2068359,V,α&β,arm&center
640001,660001,0.20338503243044742,2050621,V,α&β,arm&center
660001,680001,0.20331242125294674,2036070,V,α&β,arm&center
680001,700001,0.1996320910884756,2024254,V,α&β,arm&center
700001,720001,0.19956404987416984,2037169,V,α&β,arm&center
720001,740001,0.197461666945257,2025262,V,α&β,arm&center
740001,760001,0.19665643928538656,2008553,V,α&β,arm&center
760001,780001,0.19791052729974898,2023066,V,α&β,arm&center
780001,800001,0.19566212763087304,2041573,V,α&β,arm&center
800001,820001,0.1934187545089108,2047392,V,α&β,arm&center
820001,840001,0.19136383422207848,2036267,V,α&β,arm&center
840001,860001,0.1895069868423177,2044248,V,α&β,arm&center
860001,880001,0.1859567430092889,2041863,V,α&β,arm&center
880001,900001,0.1850052948116349,2023981,V,α&β,arm&center
900001,920001,0.18222036377281453,2008712,V,α&β,arm&center
920001,940001,0.1799261143595372,2006495,V,α&β,arm&center
940001,960001,0.1798767954612319,2008352,V,α&β,arm&center
960001,980001,0.17934066013761132,2001300,V,α&β,arm&center
1,20001,0.3839308167592507,2612288,V,α&β,center
20001,40001,0.3307061418699982,2395535,V,α&β,center
40001,60001,0.3141644920645412,2338770,V,α&β,center
60001,80001,0.3029704252020508,2300242,V,α&β,center
80001,100001,0.29678009812829964,2272740,V,α&β,center
100001,120001,0.2953211785915951,2228596,V,α&β,center
120001,140001,0.28610177315782637,2238836,V,α&β,center
140001,160001,0.2837230065681281,2274224,V,α&β,center
160001,180001,0.2822746716556347,2272745,V,α&β,center
180001,200001,0.2773961794269386,2286184,V,α&β,center
200001,220001,0.2693650194888671,2304732,V,α&β,center
220001,240001,0.26688451755051457,2297418,V,α&β,center
240001,260001,0.26421941697279355,2298376,V,α&β,center
260001,280001,0.26011996275525334,2235687,V,α&β,center
280001,300001,0.259145293500075,2252049,V,α&β,center
300001,320001,0.25231470392042643,2237505,V,α&β,center
320001,340001,0.24698186002197645,2213004,V,α&β,center
340001,360001,0.246966170972661,2224122,V,α&β,center
360001,380001,0.2486213940378632,2213152,V,α&β,center
380001,400001,0.2458207564062051,2213840,V,α&β,center
400001,420001,0.24339679480331403,2198948,V,α&β,center
420001,440001,0.23941712171163654,2175878,V,α&β,center
440001,460001,0.23970441890667873,2200823,V,α&β,center
460001,480001,0.23827143328377595,2199799,V,α&β,center
480001,500001,0.23665599297759954,2205919,V,α&β,center
500001,520001,0.23677128686309554,2200682,V,α&β,center
520001,540001,0.23748452691051664,2195052,V,α&β,center
540001,560001,0.23654630671649646,2191145,V,α&β,center
560001,580001,0.236617287662833,2185491,V,α&β,center
580001,600001,0.23504222232617325,2187820,V,α&β,center
600001,620001,0.23353111730774376,2198256,V,α&β,center
620001,640001,0.23096911987328334,2188623,V,α&β,center
640001,660001,0.23085360613019235,2163515,V,α&β,center
660001,680001,0.23222263350331795,2125623,V,α&β,center
680001,700001,0.22790246068551334,2116937,V,α&β,center
700001,720001,0.2277788317068485,2133432,V,α&β,center
720001,740001,0.22632669272221287,2125383,V,α&β,center
740001,760001,0.22546768604097428,2116529,V,α&β,center
760001,780001,0.225860707924214,2127211,V,α&β,center
780001,800001,0.22428860111591983,2152453,V,α&β,center
800001,820001,0.222373568455666,2158535,V,α&β,center
820001,840001,0.22060903507171697,2131787,V,α&β,center
840001,860001,0.22080293840727672,2132650,V,α&β,center
860001,880001,0.21703977781845693,2138770,V,α&β,center
880001,900001,0.21632433044451718,2102269,V,α&β,center
900001,920001,0.21395092340395466,2078331,V,α&β,center
920001,940001,0.21132281449921841,2076997,V,α&β,center
940001,960001,0.21145803903302124,2081625,V,α&β,center
960001,980001,0.21159515880317856,2062567,V,α&β,center
1,20001,0.6283410290916599,1795593,V,β,arm
20001,40001,0.5506415264255519,1568283,V,β,arm
40001,60001,0.5171023453145429,1555360,V,β,arm
60001,80001,0.48349540597634855,1528412,V,β,arm
80001,100001,0.45524225233849686,1474898,V,β,arm
100001,120001,0.43702496174820277,1452024,V,β,arm
120001,140001,0.4194419468881281,1416041,V,β,arm
140001,160001,0.4051853115367717,1387348,V,β,arm
160001,180001,0.39316345755530013,1320123,V,β,arm
180001,200001,0.3820262745825891,1287584,V,β,arm
200001,220001,0.36706630043677385,1276573,V,β,arm
220001,240001,0.36679143457891067,1237964,V,β,arm
240001,260001,0.34898523637827983,1211553,V,β,arm
260001,280001,0.33915106082612245,1189979,V,β,arm
280001,300001,0.32814418731528194,1199814,V,β,arm
300001,320001,0.3098175556073195,1231320,V,β,arm
320001,340001,0.2895398598282039,1229119,V,β,arm
340001,360001,0.2860343730061003,1238183,V,β,arm
360001,380001,0.2712810500042333,1214117,V,β,arm
380001,400001,0.25983623081866947,1226423,V,β,arm
400001,420001,0.2608792572521569,1210029,V,β,arm
420001,440001,0.2526467053503354,1195682,V,β,arm
440001,460001,0.24054075609105927,1213316,V,β,arm
460001,480001,0.23847711582690534,1262028,V,β,arm
480001,500001,0.22751578364060904,1240042,V,β,arm
500001,520001,0.21829232704269322,1230191,V,β,arm
520001,540001,0.21542887606287522,1252025,V,β,arm
540001,560001,0.202719873235818,1220129,V,β,arm
560001,580001,0.19301086317064353,1154949,V,β,arm
580001,600001,0.18915985711423702,1122130,V,β,arm
600001,620001,0.1869964072468592,1123721,V,β,arm
620001,640001,0.183815664888515,1091246,V,β,arm
640001,660001,0.17067866458174039,1052184,V,β,arm
660001,680001,0.16561592060834643,1088070,V,β,arm
680001,700001,0.16352030722962338,1065407,V,β,arm
700001,720001,0.1583456221387506,1038231,V,β,arm
720001,740001,0.14873805726227815,1027325,V,β,arm
740001,760001,0.14195564401235247,1011135,V,β,arm
760001,780001,0.14424193133157112,1021601,V,β,arm
780001,800001,0.13552435763709725,1038287,V,β,arm
800001,820001,0.12916432843306405,1034366,V,β,arm
820001,840001,0.12706671725952837,1058019,V,β,arm
840001,860001,0.11648021768719469,1098369,V,β,arm
860001,880001,0.11074512621465235,1062136,V,β,arm
880001,900001,0.11380144215409776,1063818,V,β,arm
900001,920001,0.1084885657931155,1038509,V,β,arm
920001,940001,0.10463902446535055,1031469,V,β,arm
940001,960001,0.10069366768127963,1000239,V,β,arm
960001,980001,0.09825405272881116,1002290,V,β,arm
1,20001,0.5375231370825571,2104379,V,β,arm&center
20001,40001,0.4732730650118383,1894420,V,β,arm&center
40001,60001,0.44942560524999375,1857561,V,β,arm&center
60001,80001,0.4298857262346647,1827889,V,β,arm&center
80001,100001,0.415899260611188,1797396,V,β,arm&center
100001,120001,0.40787758010105646,1772381,V,β,arm&center
120001,140001,0.393563555174829,1758627,V,β,arm&center
140001,160001,0.38371464973162306,1777786,V,β,arm&center
160001,180001,0.380836484652388,1776840,V,β,arm&center
180001,200001,0.37378306407481776,1783456,V,β,arm&center
200001,220001,0.36261132178518535,1788199,V,β,arm&center
220001,240001,0.35749295432901496,1779598,V,β,arm&center
240001,260001,0.3483397600124683,1771846,V,β,arm&center
260001,280001,0.3413956997677686,1733235,V,β,arm&center
280001,300001,0.33637540510233516,1749904,V,β,arm&center
300001,320001,0.32648053823767637,1744860,V,β,arm&center
320001,340001,0.320345585849457,1723446,V,β,arm&center
340001,360001,0.31823011843884025,1736930,V,β,arm&center
360001,380001,0.31735986239699393,1724437,V,β,arm&center
380001,400001,0.3110800982642497,1737711,V,β,arm&center
400001,420001,0.31012667922489645,1734262,V,β,arm&center
420001,440001,0.3035167691076234,1718274,V,β,arm&center
440001,460001,0.30177846616790205,1751822,V,β,arm&center
460001,480001,0.29961640675636714,1756031,V,β,arm&center
480001,500001,0.29409834605436774,1757261,V,β,arm&center
500001,520001,0.29295213603625464,1756368,V,β,arm&center
520001,540001,0.2922543463373532,1764809,V,β,arm&center
540001,560001,0.29097476075984735,1752073,V,β,arm&center
560001,580001,0.28933483837581414,1732334,V,β,arm&center
580001,600001,0.288647426318348,1733167,V,β,arm&center
600001,620001,0.2880070127567383,1734361,V,β,arm&center
620001,640001,0.28664057590886416,1712371,V,β,arm&center
640001,660001,0.2834233464875569,1691122,V,β,arm&center
660001,680001,0.28343684447402595,1694292,V,β,arm&center
680001,700001,0.279153669261322,1688655,V,β,arm&center
700001,720001,0.27645650420643975,1689045,V,β,arm&center
720001,740001,0.27534804669731283,1672428,V,β,arm&center
740001,760001,0.2707428045835349,1665236,V,β,arm&center
760001,780001,0.27082154434283384,1686913,V,β,arm&center
780001,800001,0.26859296953240336,1701454,V,β,arm&center
800001,820001,0.2661780641515803,1703691,V,β,arm&center
820001,840001,0.26151242631089155,1691866,V,β,arm&center
840001,860001,0.25799840929044643,1704872,V,β,arm&center
860001,880001,0.2560092753588327,1691461,V,β,arm&center
880001,900001,0.25277065724365033,1669774,V,β,arm&center
900001,920001,0.24780284975219588,1655500,V,β,arm&center
920001,940001,0.24332335922103246,1662160,V,β,arm&center
940001,960001,0.2398794683832671,1675789,V,β,arm&center
960001,980001,0.24016293651364093,1681241,V,β,arm&center
1,20001,0.5070841210850272,2230423,V,β,center
20001,40001,0.448483575661928,2020723,V,β,center
40001,60001,0.42735321213528554,1966452,V,β,center
60001,80001,0.412755821796364,1931581,V,β,center
80001,100001,0.4030198693898009,1901103,V,β,center
100001,120001,0.39982067132591836,1868280,V,β,center
120001,140001,0.3870663470889185,1863272,V,β,center
140001,160001,0.37828926982398575,1903176,V,β,center
160001,180001,0.37926478056352625,1925257,V,β,center
180001,200001,0.3742570656015051,1934658,V,β,center
200001,220001,0.3634647436952274,1942548,V,β,center
220001,240001,0.3570364797721071,1942689,V,β,center
240001,260001,0.350164563623078,1940487,V,β,center
260001,280001,0.3430934886868439,1878803,V,β,center
280001,300001,0.3391989272711059,1899031,V,β,center
300001,320001,0.3320483809884353,1871587,V,β,center
320001,340001,0.33094542534677474,1841489,V,β,center
340001,360001,0.32942314212942453,1848078,V,β,center
360001,380001,0.33198560063694477,1845108,V,β,center
380001,400001,0.3275164282117582,1853710,V,β,center
400001,420001,0.32630496168252815,1846730,V,β,center
420001,440001,0.3212522912978536,1825297,V,β,center
440001,460001,0.32247260615515955,1859183,V,β,center
460001,480001,0.3217839610360841,1836880,V,β,center
480001,500001,0.3176165627458012,1839512,V,β,center
500001,520001,0.31952318982458,1836724,V,β,center
520001,540001,0.31958520259627377,1834450,V,β,center
540001,560001,0.3213095513458003,1823968,V,β,center
560001,580001,0.3216958910394256,1820491,V,β,center
580001,600001,0.3206441085002395,1836086,V,β,center
600001,620001,0.31999238430838284,1838217,V,β,center
620001,640001,0.3195854632101683,1812171,V,β,center
640001,660001,0.31743723636736043,1783558,V,β,center
660001,680001,0.3194186097401544,1774504,V,β,center
680001,700001,0.3127678885784372,1781299,V,β,center
700001,720001,0.3093518595867594,1776573,V,β,center
720001,740001,0.31021698947934523,1755890,V,β,center
740001,760001,0.30576950334496317,1759048,V,β,center
760001,780001,0.304902812296203,1772596,V,β,center
780001,800001,0.3044135440445905,1800718,V,β,center
800001,820001,0.30361672173970217,1801072,V,β,center
820001,840001,0.3006285166145931,1769019,V,β,center
840001,860001,0.2993812282854886,1767294,V,β,center
860001,880001,0.2974507190749929,1757241,V,β,center
880001,900001,0.29394738020634387,1715194,V,β,center
900001,920001,0.2887477615235698,1702021,V,β,center
920001,940001,0.2830433151979748,1705267,V,β,center
940001,960001,0.28020615262610105,1720390,V,β,center
960001,980001,0.28272024349622915,1713659,V,β,center
1,20001,0.9021580030836295,941759,X,α,arm
20001,40001,0.8581332593653498,786857,X,α,arm
40001,60001,0.8440105418256393,748674,X,α,arm
60001,80001,0.8156383880418165,715184,X,α,arm
80001,100001,0.7985858895576577,629160,X,α,arm
100001,120001,0.7958347265902171,612000,X,α,arm
120001,140001,0.791777856788029,554639,X,α,arm
140001,160001,0.7735307156927813,514117,X,α,arm
160001,180001,0.7575157047857854,498100,X,α,arm
180001,200001,0.7460706519428231,495546,X,α,arm
200001,220001,0.729221060871998,489437,X,α,arm
220001,240001,0.7077197352405612,465458,X,α,arm
240001,260001,0.6644640641211056,453078,X,α,arm
260001,280001,0.6546957636627181,468660,X,α,arm
280001,300001,0.6538920217892045,454620,X,α,arm
300001,320001,0.6033512987931373,464317,X,α,arm
320001,340001,0.6105738364603536,452469,X,α,arm
340001,360001,0.5941871303054025,462353,X,α,arm
360001,380001,0.5722347919859134,457901,X,α,arm
380001,400001,0.5615234792345871,459553,X,α,arm
400001,420001,0.5626104540396113,457816,X,α,arm
420001,440001,0.5253073210793615,451443,X,α,arm
440001,460001,0.5188332364406325,467999,X,α,arm
460001,480001,0.5041419790500057,479041,X,α,arm
480001,500001,0.4939294040598209,476838,X,α,arm
500001,520001,0.4986537322015857,478479,X,α,arm
520001,540001,0.4835662240563776,471809,X,α,arm
540001,560001,0.4752594296816968,439823,X,α,arm
560001,580001,0.4873584438170968,424546,X,α,arm
580001,600001,0.47451529328353437,430863,X,α,arm
600001,620001,0.4468094105904935,397464,X,α,arm
620001,640001,0.45677067939268434,392432,X,α,arm
640001,660001,0.44741536654696884,381712,X,α,arm
660001,680001,0.44297510839143633,372791,X,α,arm
680001,700001,0.4419132334175949,399968,X,α,arm
700001,720001,0.42593436360176895,422137,X,α,arm
720001,740001,0.4063480652191603,405971,X,α,arm
740001,760001,0.4150990703720214,428694,X,α,arm
760001,780001,0.39592097436918894,446029,X,α,arm
780001,800001,0.38383792851139076,414169,X,α,arm
800001,820001,0.37529532382834035,415355,X,α,arm
820001,840001,0.3580778191986151,403762,X,α,arm
840001,860001,0.36641551987404275,385111,X,α,arm
860001,880001,0.3580385555419785,375586,X,α,arm
880001,900001,0.3588569262192938,365977,X,α,arm
900001,920001,0.3546298061240372,338025,X,α,arm
920001,940001,0.3441047519842285,337172,X,α,arm
940001,960001,0.33875040953342256,330723,X,α,arm
960001,980001,0.3486178725788003,337080,X,α,arm
1,20001,0.9042545002092572,916885,X,α,arm&center
20001,40001,0.8592709727739326,761797,X,α,arm&center
40001,60001,0.845036800102547,726205,X,α,arm&center
60001,80001,0.8177500342119397,693572,X,α,arm&center
80001,100001,0.7999384357695543,612219,X,α,arm&center
100001,120001,0.796356459861583,595195,X,α,arm&center
120001,140001,0.792365359333377,544086,X,α,arm&center
140001,160001,0.7739775626898119,500463,X,α,arm&center
160001,180001,0.7585979287176766,486026,X,α,arm&center
180001,200001,0.7457312227597681,475918,X,α,arm&center
200001,220001,0.7286975149254948,467757,X,α,arm&center
220001,240001,0.7089452863225809,447827,X,α,arm&center
240001,260001,0.664455264815673,437178,X,α,arm&center
260001,280001,0.6526347072385227,447561,X,α,arm&center
280001,300001,0.6516058637607617,436092,X,α,arm&center
300001,320001,0.6005096171342267,445104,X,α,arm&center
320001,340001,0.6075598402599003,433009,X,α,arm&center
340001,360001,0.5917023163350577,441080,X,α,arm&center
360001,380001,0.5703239980067535,436866,X,α,arm&center
380001,400001,0.5600133399722824,438641,X,α,arm&center
400001,420001,0.5598306165423093,435897,X,α,arm&center
420001,440001,0.5227280043496679,433032,X,α,arm&center
440001,460001,0.5165502746398807,446907,X,α,arm&center
460001,480001,0.5021185952142442,456125,X,α,arm&center
480001,500001,0.4928652603739174,454765,X,α,arm&center
500001,520001,0.4955013879722646,456098,X,α,arm&center
520001,540001,0.4821470778620716,447639,X,α,arm&center
540001,560001,0.47349957298330125,418634,X,α,arm&center
560001,580001,0.48525146457100904,403205,X,α,arm&center
580001,600001,0.47290719134694925,411019,X,α,arm&center
600001,620001,0.4448855195030059,379004,X,α,arm&center
620001,640001,0.45535679772318544,373347,X,α,arm&center
640001,660001,0.4471503454976047,362640,X,α,arm&center
660001,680001,0.4421799962316476,356036,X,α,arm&center
680001,700001,0.44346940926742345,381588,X,α,arm&center
700001,720001,0.42593171949387154,402373,X,α,arm&center
720001,740001,0.40662362572905336,386597,X,α,arm&center
740001,760001,0.415115806204878,408999,X,α,arm&center
760001,780001,0.3978679190883556,426989,X,α,arm&center
780001,800001,0.3859914698702384,398026,X,α,arm&center
800001,820001,0.3790328968673216,400495,X,α,arm&center
820001,840001,0.362042193868874,389397,X,α,arm&center
840001,860001,0.37022283191345606,370618,X,α,arm&center
860001,880001,0.36420434471288404,363553,X,α,arm&center
880001,900001,0.3654716408927158,354384,X,α,arm&center
900001,920001,0.363570514821987,326905,X,α,arm&center
920001,940001,0.3528921832799394,328085,X,α,arm&center
940001,960001,0.34803399222394976,320828,X,α,arm&center
960001,980001,0.35752204318675557,328737,X,α,arm&center
1,20001,0.9661371480766641,402659,X,α,center
20001,40001,0.9116910115381434,300478,X,α,center
40001,60001,0.8838074748081699,240928,X,α,center
60001,80001,0.8713198027292806,225676,X,α,center
80001,100001,0.8544639539910479,244937,X,α,center
100001,120001,0.793933066348381,189978,X,α,center
120001,140001,0.7279747117120432,163431,X,α,center
140001,160001,0.6927010332949473,134097,X,α,center
160001,180001,0.6978139649520331,133880,X,α,center
180001,200001,0.6854974543265997,110152,X,α,center
200001,220001,0.6359250216855263,82847,X,α,center
220001,240001,0.6119253439403081,79269,X,α,center
240001,260001,0.5267170199353967,83754,X,α,center
260001,280001,0.5168604605011852,84855,X,α,center
280001,300001,0.5039732444998944,84273,X,α,center
300001,320001,0.5191821466535728,84403,X,α,center
320001,340001,0.5314030960999222,84773,X,α,center
340001,360001,0.5029842713314562,80189,X,α,center
360001,380001,0.5283180659189491,68473,X,α,center
380001,400001,0.5156547080860207,66072,X,α,center
400001,420001,0.43080772378450977,77330,X,α,center
420001,440001,0.40309588726158674,80783,X,α,center
440001,460001,0.4153930385551585,70338,X,α,center
460001,480001,0.39488888306148306,74045,X,α,center
480001,500001,0.3927867173141153,71742,X,α,center
500001,520001,0.3437274354833964,73402,X,α,center
520001,540001,0.32740408258810527,69691,X,α,center
540001,560001,0.35090350820893373,55679,X,α,center
560001,580001,0.33520566910590843,49804,X,α,center
580001,600001,0.36609345581279984,55235,X,α,center
600001,620001,0.36369550988363974,57496,X,α,center
620001,640001,0.2988638100684789,55502,X,α,center
640001,660001,0.35384548121787945,55650,X,α,center
660001,680001,0.495539625305864,54034,X,α,center
680001,700001,0.5070436549828942,58768,X,α,center
700001,720001,0.4942834666816074,59907,X,α,center
720001,740001,0.4635562590946806,57332,X,α,center
740001,760001,0.45072918240179566,58541,X,α,center
760001,780001,0.530387498771689,75525,X,α,center
780001,800001,0.5618988361567564,96700,X,α,center
800001,820001,0.6190220235156076,102367,X,α,center
820001,840001,0.6118856257918811,98864,X,α,center
840001,860001,0.5951843674489591,94252,X,α,center
860001,880001,0.6547451440955747,104492,X,α,center
880001,900001,0.6936755267972154,114209,X,α,center
900001,920001,0.7010345991215163,119294,X,α,center
920001,940001,0.687223042202464,110190,X,α,center
940001,960001,0.6888681771401136,106012,X,α,center
960001,980001,0.6660450264140468,116255,X,α,center
1,20001,0.5355404263003886,1218076,X,α&β,arm
20001,40001,0.4770090573660293,1045980,X,α&β,arm
40001,60001,0.4528800371948309,1035685,X,α&β,arm
60001,80001,0.43433374893915494,1022593,X,α&β,arm
80001,100001,0.41448792472965346,980345,X,α&β,arm
100001,120001,0.3998848824977399,979827,X,α&β,arm
120001,140001,0.38502157083417404,965602,X,α&β,arm
140001,160001,0.3731029570680541,970327,X,α&β,arm
160001,180001,0.3700833669755015,946889,X,α&β,arm
180001,200001,0.36914181657558603,938988,X,α&β,arm
200001,220001,0.35557401340409706,945775,X,α&β,arm
220001,240001,0.34590022606286613,919477,X,α&β,arm
240001,260001,0.3425365785264974,923715,X,α&β,arm
260001,280001,0.33500668870792744,939944,X,α&β,arm
280001,300001,0.33707551147730336,892958,X,α&β,arm
300001,320001,0.33198149555294576,888353,X,α&β,arm
320001,340001,0.32723086124837186,885732,X,α&β,arm
340001,360001,0.32446616986949733,874002,X,α&β,arm
360001,380001,0.3198200715141203,877739,X,α&β,arm
380001,400001,0.3183170359782729,865629,X,α&β,arm
400001,420001,0.3176794673538083,844055,X,α&β,arm
420001,440001,0.31380091421950945,851324,X,α&β,arm
440001,460001,0.30795497571392383,845094,X,α&β,arm
460001,480001,0.3023631344587252,846656,X,α&β,arm
480001,500001,0.3020688017095229,856192,X,α&β,arm
500001,520001,0.3051057644410205,854547,X,α&β,arm
520001,540001,0.2970291196172817,842139,X,α&β,arm
540001,560001,0.2906857014679666,831430,X,α&β,arm
560001,580001,0.28591149090408774,821541,X,α&β,arm
580001,600001,0.2816814208521122,836264,X,α&β,arm
600001,620001,0.27431061403550916,810997,X,α&β,arm
620001,640001,0.27218193603157365,820501,X,α&β,arm
640001,660001,0.2670146292318024,811201,X,α&β,arm
660001,680001,0.2611581105189445,803426,X,α&β,arm
680001,700001,0.2625893212201688,829462,X,α&β,arm
700001,720001,0.260524691871893,832299,X,α&β,arm
720001,740001,0.25803254022764843,812672,X,α&β,arm
740001,760001,0.26145695393478174,831588,X,α&β,arm
760001,780001,0.2575567022047107,834521,X,α&β,arm
780001,800001,0.2554090933051741,812087,X,α&β,arm
800001,820001,0.2565593361358839,799241,X,α&β,arm
820001,840001,0.2443208205227016,795154,X,α&β,arm
840001,860001,0.241683253447802,814953,X,α&β,arm
860001,880001,0.247563646636944,791830,X,α&β,arm
880001,900001,0.2438608237574351,791980,X,α&β,arm
900001,920001,0.2383414635018407,781105,X,α&β,arm
920001,940001,0.23521928417157908,775609,X,α&β,arm
940001,960001,0.23379525482177624,775580,X,α&β,arm
960001,980001,0.22673981985758873,776109,X,α&β,arm
1,20001,0.5466963541606867,1169368,X,α&β,arm&center
20001,40001,0.4871696235022223,1007799,X,α&β,arm&center
40001,60001,0.46197505325033233,997853,X,α&β,arm&center
60001,80001,0.44048059701136705,986407,X,α&β,arm&center
80001,100001,0.42238711094641385,946411,X,α&β,arm&center
100001,120001,0.4073699877347231,943293,X,α&β,arm&center
120001,140001,0.3910133356906992,932591,X,α&β,arm&center
140001,160001,0.37911429936568214,934915,X,α&β,arm&center
160001,180001,0.3744169923407123,912643,X,α&β,arm&center
180001,200001,0.3707374904354358,905227,X,α&β,arm&center
200001,220001,0.35728497338398163,909921,X,α&β,arm&center
220001,240001,0.34693640786778945,883280,X,α&β,arm&center
240001,260001,0.34445482518709086,888845,X,α&β,arm&center
260001,280001,0.3358227827878274,904505,X,α&β,arm&center
280001,300001,0.33961585613382717,860608,X,α&β,arm&center
300001,320001,0.3336199088619314,856754,X,α&β,arm&center
320001,340001,0.329764924210445,856967,X,α&β,arm&center
340001,360001,0.32744791345193314,842698,X,α&β,arm&center
360001,380001,0.32078503526669944,845225,X,α&β,arm&center
380001,400001,0.3213935128684226,832191,X,α&β,arm&center
400001,420001,0.320871421932597,814894,X,α&β,arm&center
420001,440001,0.31940548701572635,822850,X,α&β,arm&center
440001,460001,0.3155703599924573,818000,X,α&β,arm&center
460001,480001,0.30923701665639086,820812,X,α&β,arm&center
480001,500001,0.3098102042403363,830312,X,α&β,arm&center
500001,520001,0.31339227729524277,825879,X,α&β,arm&center
520001,540001,0.30518431857921435,813116,X,α&β,arm&center
540001,560001,0.29709719610482066,801716,X,α&β,arm&center
560001,580001,0.294011693684023,791357,X,α&β,arm&center
580001,600001,0.2904169090735613,806035,X,α&β,arm&center
600001,620001,0.284069328015487,781143,X,α&β,arm&center
620001,640001,0.2793793046290403,784577,X,α&β,arm&center
640001,660001,0.2738637810551875,781375,X,α&β,arm&center
660001,680001,0.268685408691904,773814,X,α&β,arm&center
680001,700001,0.26849649851311125,796668,X,α&β,arm&center
700001,720001,0.2653016658819728,799245,X,α&β,arm&center
720001,740001,0.2606232853111876,784408,X,α&β,arm&center
740001,760001,0.2626067824941042,802655,X,α&β,arm&center
760001,780001,0.25743375658719486,806422,X,α&β,arm&center
780001,800001,0.255449938385723,783188,X,α&β,arm&center
800001,820001,0.25755730674935945,773234,X,α&β,arm&center
820001,840001,0.24547141949332543,772467,X,α&β,arm&center
840001,860001,0.24299628914072358,790805,X,α&β,arm&center
860001,880001,0.24763517413054403,770002,X,α&β,arm&center
880001,900001,0.2457474334971513,770842,X,α&β,arm&center
900001,920001,0.24032198687214232,765531,X,α&β,arm&center
920001,940001,0.23716240363610294,757505,X,α&β,arm&center
940001,960001,0.2353369958880686,755521,X,α&β,arm&center
960001,980001,0.22861063353310024,760838,X,α&β,arm&center
1,20001,0.8581041216535457,576128,X,α&β,center
20001,40001,0.7753828734064901,500508,X,α&β,center
40001,60001,0.7246795167054737,470007,X,α&β,center
60001,80001,0.6793233304109187,452943,X,α&β,center
80001,100001,0.6736892031049196,439994,X,α&β,center
100001,120001,0.6450017108099757,418809,X,α&β,center
120001,140001,0.6302411719330251,390134,X,α&β,center
140001,160001,0.627200660231124,386231,X,α&β,center
160001,180001,0.579243178553257,368814,X,α&β,center
180001,200001,0.5331249202844125,335823,X,α&β,center
200001,220001,0.47637874971502026,300399,X,α&β,center
220001,240001,0.4173723138203199,289120,X,α&β,center
240001,260001,0.4017553648034502,290181,X,α&β,center
260001,280001,0.39455711609132604,298704,X,α&β,center
280001,300001,0.3896172280255661,264473,X,α&β,center
300001,320001,0.3396672301086536,262254,X,α&β,center
320001,340001,0.30947262288040833,252675,X,α&β,center
340001,360001,0.2769057648246618,247386,X,α&β,center
360001,380001,0.25464430565930196,222109,X,α&β,center
380001,400001,0.24901242570367066,205396,X,α&β,center
400001,420001,0.2112220471040459,203216,X,α&β,center
420001,440001,0.20422964591453643,193426,X,α&β,center
440001,460001,0.2030456028134555,166512,X,α&β,center
460001,480001,0.21110696591291836,149786,X,α&β,center
480001,500001,0.2060234615912974,139293,X,α&β,center
500001,520001,0.2040400303736478,139084,X,α&β,center
520001,540001,0.21057115517276911,138033,X,α&β,center
540001,560001,0.21372324508334842,133224,X,α&β,center
560001,580001,0.22542186819539267,126843,X,α&β,center
580001,600001,0.22799761921777426,127625,X,α&β,center
600001,620001,0.2377780200070266,129000,X,α&β,center
620001,640001,0.22842534925925145,127336,X,α&β,center
640001,660001,0.24044149233704407,134104,X,α&β,center
660001,680001,0.25545258806060733,134769,X,α&β,center
680001,700001,0.2603558412901621,126931,X,α&β,center
700001,720001,0.24615639004995185,129535,X,α&β,center
720001,740001,0.20019511760528172,135352,X,α&β,center
740001,760001,0.18148415865809456,149134,X,α&β,center
760001,780001,0.1814609216888074,149681,X,α&β,center
780001,800001,0.18580629896361892,154563,X,α&β,center
800001,820001,0.20583295693729298,161110,X,α&β,center
820001,840001,0.21399234748332205,166199,X,α&β,center
840001,860001,0.2148168065819975,157907,X,α&β,center
860001,880001,0.21975121543441645,155451,X,α&β,center
880001,900001,0.2270437209711799,152949,X,α&β,center
900001,920001,0.22972342073491114,160513,X,α&β,center
920001,940001,0.22028263898992897,158870,X,α&β,center
940001,960001,0.2161346687923746,168390,X,α&β,center
960001,980001,0.21077018321509988,186416,X,α&β,center
1,20001,0.6338093549866098,1105136,X,β,arm
20001,40001,0.5826787647338433,937257,X,β,arm
40001,60001,0.5663167734283678,926334,X,β,arm
60001,80001,0.5543271697646158,906716,X,β,arm
80001,100001,0.5351523884161506,878349,X,β,arm
100001,120001,0.5235884430232169,874064,X,β,arm
120001,140001,0.5127948926269503,857903,X,β,arm
140001,160001,0.5055008379390126,863661,X,β,arm
160001,180001,0.5089395767902496,841916,X,β,arm
180001,200001,0.5002787870331405,836254,X,β,arm
200001,220001,0.4838765004323715,845773,X,β,arm
220001,240001,0.47296357974757625,807915,X,β,arm
240001,260001,0.4736801885819535,818928,X,β,arm
260001,280001,0.4730497998345497,824230,X,β,arm
280001,300001,0.4651385104168241,781416,X,β,arm
300001,320001,0.46701567161496693,768049,X,β,arm
320001,340001,0.4655535474426698,770029,X,β,arm
340001,360001,0.4601896781836921,750429,X,β,arm
360001,380001,0.45798332469728703,753080,X,β,arm
380001,400001,0.45301532700878644,742904,X,β,arm
400001,420001,0.44337570028083506,721542,X,β,arm
420001,440001,0.43704238702746767,739430,X,β,arm
440001,460001,0.4336155748666573,729175,X,β,arm
460001,480001,0.42777639287150615,733215,X,β,arm
480001,500001,0.421319278525037,747379,X,β,arm
500001,520001,0.4187647269395168,739572,X,β,arm
520001,540001,0.4137366050027469,724907,X,β,arm
540001,560001,0.4128658373395967,719283,X,β,arm
560001,580001,0.40242308473010013,716169,X,β,arm
580001,600001,0.39612059014856166,734697,X,β,arm
600001,620001,0.39777683042499806,711061,X,β,arm
620001,640001,0.39600184130726457,717845,X,β,arm
640001,660001,0.3896741173530441,710446,X,β,arm
660001,680001,0.3783606343275504,704274,X,β,arm
680001,700001,0.3752492416933121,722647,X,β,arm
700001,720001,0.3737690043132373,713461,X,β,arm
720001,740001,0.37154353063596,702899,X,β,arm
740001,760001,0.3758734663844309,714990,X,β,arm
760001,780001,0.3721166390600575,709811,X,β,arm
780001,800001,0.37155427242744227,694675,X,β,arm
800001,820001,0.36877064705108153,688735,X,β,arm
820001,840001,0.3667976163198967,681255,X,β,arm
840001,860001,0.36126009292781236,703470,X,β,arm
860001,880001,0.36696648618840444,686601,X,β,arm
880001,900001,0.37093774787389244,687857,X,β,arm
900001,920001,0.36657967028329475,687915,X,β,arm
920001,940001,0.36261899584001434,675850,X,β,arm
940001,960001,0.36066719906069344,680642,X,β,arm
960001,980001,0.3523645672714795,671847,X,β,arm
1,20001,0.644470098053794,1054358,X,β,arm&center
20001,40001,0.5940003932801007,895921,X,β,arm&center
40001,60001,0.57532194710942,886772,X,β,arm&center
60001,80001,0.5622167336721179,870741,X,β,arm&center
80001,100001,0.5444457333725666,844761,X,β,arm&center
100001,120001,0.5318691328919517,837977,X,β,arm&center
120001,140001,0.5230629292792438,822230,X,β,arm&center
140001,160001,0.5170400097120692,830465,X,β,arm&center
160001,180001,0.5188766847604465,809949,X,β,arm&center
180001,200001,0.5106028468960552,799928,X,β,arm&center
200001,220001,0.49209862145945227,807297,X,β,arm&center
220001,240001,0.4791377213021831,772229,X,β,arm&center
240001,260001,0.4826956585717671,783676,X,β,arm&center
260001,280001,0.48148665371559934,788504,X,β,arm&center
280001,300001,0.474860708477488,749342,X,β,arm&center
300001,320001,0.4771916128820367,737836,X,β,arm&center
320001,340001,0.476276229957544,738665,X,β,arm&center
340001,360001,0.47027039681927685,721842,X,β,arm&center
360001,380001,0.4649520533224633,722214,X,β,arm&center
380001,400001,0.4605184733508714,711354,X,β,arm&center
400001,420001,0.4509698507126335,693820,X,β,arm&center
420001,440001,0.44646373696309244,710710,X,β,arm&center
440001,460001,0.4444874209565585,703391,X,β,arm&center
460001,480001,0.43627753089519444,709020,X,β,arm&center
480001,500001,0.4314002985582654,718007,X,β,arm&center
500001,520001,0.4294051546100035,711508,X,β,arm&center
520001,540001,0.4236065473385558,699039,X,β,arm&center
540001,560001,0.42054070119073395,689797,X,β,arm&center
560001,580001,0.4103587189215327,689219,X,β,arm&center
580001,600001,0.4053559362942254,703120,X,β,arm&center
600001,620001,0.40767598184363163,679117,X,β,arm&center
620001,640001,0.40448893215651893,682120,X,β,arm&center
640001,660001,0.3979276371082167,678352,X,β,arm&center
660001,680001,0.38551638018929724,673206,X,β,arm&center
680001,700001,0.38163426947002543,688292,X,β,arm&center
700001,720001,0.3795244597405365,684334,X,β,arm&center
720001,740001,0.3748965472664223,674502,X,β,arm&center
740001,760001,0.3774918744081988,688370,X,β,arm&center
760001,780001,0.3737479529889977,684018,X,β,arm&center
780001,800001,0.3724166980688394,666322,X,β,arm&center
800001,820001,0.36999552021720106,664322,X,β,arm&center
820001,840001,0.36744477777627066,661110,X,β,arm&center
840001,860001,0.3619839087857245,676232,X,β,arm&center
860001,880001,0.36671761835358596,666285,X,β,arm&center
880001,900001,0.3704999371325734,666693,X,β,arm&center
900001,920001,0.36561530324515856,671931,X,β,arm&center
920001,940001,0.36127597037654013,657543,X,β,arm&center
940001,960001,0.36066083577654834,660496,X,β,arm&center
960001,980001,0.3529664389052245,659663,X,β,arm&center
1,20001,0.8848671485265712,570076,X,β,center
20001,40001,0.8287880225641109,492475,X,β,center
40001,60001,0.7964751779489739,464052,X,β,center
60001,80001,0.7493872513284693,448759,X,β,center
80001,100001,0.7455339007066216,436747,X,β,center
100001,120001,0.743681406775995,407803,X,β,center
120001,140001,0.7565851997952789,378184,X,β,center
140001,160001,0.7792111923844363,377888,X,β,center
160001,180001,0.7606531319152449,366568,X,β,center
180001,200001,0.7490557086800838,330294,X,β,center
200001,220001,0.6988794477441944,296177,X,β,center
220001,240001,0.6317548100772499,284377,X,β,center
240001,260001,0.6623652738909245,284177,X,β,center
260001,280001,0.6713433064493701,293278,X,β,center
280001,300001,0.692085972971064,255809,X,β,center
300001,320001,0.6921688474444708,254889,X,β,center
320001,340001,0.6722652991051937,245110,X,β,center
340001,360001,0.6564672426118809,239796,X,β,center
360001,380001,0.5818688460301532,215570,X,β,center
380001,400001,0.5475753904097436,196388,X,β,center
400001,420001,0.5164780051379065,194651,X,β,center
420001,440001,0.5126647555823871,180751,X,β,center
440001,460001,0.49570680463028666,152596,X,β,center
460001,480001,0.46946269526229784,136884,X,β,center
480001,500001,0.4451803610436047,126129,X,β,center
500001,520001,0.41780724278903164,124273,X,β,center
520001,540001,0.41331218017230875,120651,X,β,center
540001,560001,0.3922984904637575,118729,X,β,center
560001,580001,0.4035990182237003,115862,X,β,center
580001,600001,0.41153539065708067,116467,X,β,center
600001,620001,0.4246286663431297,114783,X,β,center
620001,640001,0.43559985158435205,114131,X,β,center
640001,660001,0.43492901700749864,125511,X,β,center
660001,680001,0.4294240538750211,127329,X,β,center
680001,700001,0.4241290525870284,117046,X,β,center
700001,720001,0.40899505254135077,119485,X,β,center
720001,740001,0.37984718119041555,125554,X,β,center
740001,760001,0.3707029211184198,139860,X,β,center
760001,780001,0.35775209492116433,140331,X,β,center
780001,800001,0.3691078448505535,142009,X,β,center
800001,820001,0.3730407396035271,150898,X,β,center
820001,840001,0.36867536083700736,156618,X,β,center
840001,860001,0.3779688506570206,143974,X,β,center
860001,880001,0.38521550255305137,140433,X,β,center
880001,900001,0.37896956285663413,141257,X,β,center
900001,920001,0.37896444234767446,150943,X,β,center
920001,940001,0.3720811936792612,146711,X,β,center
940001,960001,0.36998332859445154,151583,X,β,center
960001,980001,0.35746192693364387,170041,X,β,center
