gpos1,gpos2,mean.r2,nobs,chrom,panel,domain
0,0.1,0.5824670797366074,2412119,I,α,arm
0.1,0.2,0.5021854917916496,1896647,I,α,arm
0.2,0.30000000000000004,0.46199701779045294,1583972,I,α,arm
0.30000000000000004,0.4,0.4306046621076818,1319147,I,α,arm
0.4,0.5,0.4195585549930466,1077112,I,α,arm
0.5,0.6000000000000001,0.4124332439408909,1004662,I,α,arm
0.6000000000000001,0.7000000000000001,0.4144143075132277,963461,I,α,arm
0.7000000000000001,0.8,0.38746733511964043,923945,I,α,arm
0.8,0.9,0.3519479134535125,913307,I,α,arm
0.9,1,0.3488158298959025,902004,I,α,arm
1,1.1,0.3705208167889563,878430,I,α,arm
1.1,1.2000000000000002,0.375397976002316,793292,I,α,arm
1.2000000000000002,1.3,0.35360629243879205,792018,I,α,arm
1.3,1.4000000000000001,0.32561708134995654,753775,I,α,arm
1.4000000000000001,1.5,0.3228962180273603,754677,I,α,arm
1.5,1.6,0.33454802022959634,653515,I,α,arm
1.6,1.7000000000000002,0.3122585418642644,647783,I,α,arm
1.7000000000000002,1.8,0.28590580265890125,615514,I,α,arm
1.8,1.9000000000000001,0.2838390808769923,582688,I,α,arm
1.9000000000000001,2,0.2889081649743538,578453,I,α,arm
2,2.1,0.28590594476557785,619658,I,α,arm
2.1,2.2,0.29932878955762066,608457,I,α,arm
2.2,2.3000000000000003,0.31309349116985596,611083,I,α,arm
2.3000000000000003,2.4000000000000004,0.29378411028493173,572973,I,α,arm
2.4000000000000004,2.5,0.2716111100231077,532303,I,α,arm
2.5,2.6,0.2710281281088177,469608,I,α,arm
2.6,2.7,0.26988763885493844,469809,I,α,arm
2.7,2.8000000000000003,0.26656568409923065,444717,I,α,arm
2.8000000000000003,2.9000000000000004,0.26580915385177833,439959,I,α,arm
2.9000000000000004,3,0.2584808578181116,395105,I,α,arm
3,3.1,0.2464471891151449,386633,I,α,arm
3.1,3.2,0.24821195137565377,357578,I,α,arm
3.2,3.3000000000000003,0.24775620853836616,343698,I,α,arm
3.3000000000000003,3.4000000000000004,0.2420474378700519,348500,I,α,arm
3.4000000000000004,3.5,0.23395886488183487,382081,I,α,arm
3.5,3.6,0.22025059858016757,390301,I,α,arm
3.6,3.7,0.20453130043001072,446612,I,α,arm
3.7,3.8000000000000003,0.1893973132129631,507061,I,α,arm
3.8000000000000003,3.9000000000000004,0.17154584398499084,600502,I,α,arm
3.9000000000000004,4,0.1595171251950413,587292,I,α,arm
4,4.1000000000000005,0.1536859874874514,630451,I,α,arm
4.1000000000000005,4.2,0.14397645689514513,646763,I,α,arm
4.2,4.3,0.1399245234688803,663264,I,α,arm
4.3,4.4,0.13225557211995007,668384,I,α,arm
4.4,4.5,0.1331404322606908,613383,I,α,arm
4.5,4.6000000000000005,0.13418769249440002,562404,I,α,arm
4.6000000000000005,4.7,0.1385617158674138,560157,I,α,arm
4.7,4.800000000000001,0.12872581606416655,569778,I,α,arm
4.800000000000001,4.9,0.12526016585257282,562533,I,α,arm
4.9,5,0.11767264178714738,571527,I,α,arm
0,0.1,0.5386180362077149,25128894,I,α,arm&center
0.1,0.2,0.48739159197515924,16694412,I,α,arm&center
0.2,0.30000000000000004,0.486108841753235,12481471,I,α,arm&center
0.30000000000000004,0.4,0.4651100852600778,8834338,I,α,arm&center
0.4,0.5,0.41221647076883144,2954989,I,α,arm&center
0.5,0.6000000000000001,0.4267014312261121,1514094,I,α,arm&center
0.6000000000000001,0.7000000000000001,0.4342847836166083,1338243,I,α,arm&center
0.7000000000000001,0.8,0.4108461985221706,1266918,I,α,arm&center
0.8,0.9,0.39458700683159703,1410155,I,α,arm&center
0.9,1,0.39887026790973146,1326407,I,α,arm&center
1,1.1,0.38927812624590247,1126052,I,α,arm&center
1.1,1.2000000000000002,0.39503735037131393,1092818,I,α,arm&center
1.2000000000000002,1.3,0.3747019637102966,950106,I,α,arm&center
1.3,1.4000000000000001,0.3515416850958192,752986,I,α,arm&center
1.4000000000000001,1.5,0.3303991150049326,657526,I,α,arm&center
1.5,1.6,0.3539151407145658,709475,I,α,arm&center
1.6,1.7000000000000002,0.3734182633257666,874546,I,α,arm&center
1.7000000000000002,1.8,0.3936496342368187,929160,I,α,arm&center
1.8,1.9000000000000001,0.3490328959669821,831992,I,α,arm&center
1.9000000000000001,2,0.34581111676883713,867020,I,α,arm&center
2,2.1,0.3390301574526768,1001986,I,α,arm&center
2.1,2.2,0.33001020831550737,890152,I,α,arm&center
2.2,2.3000000000000003,0.3324213165517777,1040255,I,α,arm&center
2.3000000000000003,2.4000000000000004,0.2971756587429529,1447401,I,α,arm&center
2.4000000000000004,2.5,0.2766688519193815,1291934,I,α,arm&center
2.5,2.6,0.2860657324551327,962784,I,α,arm&center
2.6,2.7,0.256289180268063,882880,I,α,arm&center
2.7,2.8000000000000003,0.216385698901305,706361,I,α,arm&center
2.8000000000000003,2.9000000000000004,0.2396600588263224,526673,I,α,arm&center
2.9000000000000004,3,0.2685139914844026,708791,I,α,arm&center
3,3.1,0.26463634733318403,1225387,I,α,arm&center
3.1,3.2,0.2601439978554472,1821092,I,α,arm&center
3.2,3.3000000000000003,0.23990950599226327,2145763,I,α,arm&center
3.3000000000000003,3.4000000000000004,0.19264713853083507,2650241,I,α,arm&center
3.4000000000000004,3.5,0.1884866385370809,2919274,I,α,arm&center
3.5,3.6,0.1850672627990298,2580152,I,α,arm&center
3.6,3.7,0.1857995050838426,2047793,I,α,arm&center
3.7,3.8000000000000003,0.18770987187524255,1712675,I,α,arm&center
3.8000000000000003,3.9000000000000004,0.1880266772648685,1145540,I,α,arm&center
3.9000000000000004,4,0.24335274843661403,1711099,I,α,arm&center
4,4.1000000000000005,0.25000651418384123,2353523,I,α,arm&center
4.1000000000000005,4.2,0.2382208623847166,2811566,I,α,arm&center
4.2,4.3,0.24755439621934458,3372360,I,α,arm&center
4.3,4.4,0.2565707641419578,3271850,I,α,arm&center
4.4,4.5,0.23644302305331238,2754005,I,α,arm&center
4.5,4.6000000000000005,0.23861210293540147,2653023,I,α,arm&center
4.6000000000000005,4.7,0.23401425777240173,2516882,I,α,arm&center
4.7,4.800000000000001,0.21928274231441808,1921433,I,α,arm&center
4.800000000000001,4.9,0.18573313667957822,1795291,I,α,arm&center
4.9,5,0.18409019025176565,1670509,I,α,arm&center
0,0.1,0.5366439682794373,48919483,I,α,center
0.1,0.2,0.48670902647074293,32145453,I,α,center
0.2,0.30000000000000004,0.4878923250080466,23803853,I,α,center
0.30000000000000004,0.4,0.46826665612742785,16643420,I,α,center
0.4,0.5,0.41055163670074196,4897749,I,α,center
0.5,0.6000000000000001,0.435156177621483,1975246,I,α,center
0.6000000000000001,0.7000000000000001,0.4466524422950989,1608397,I,α,center
0.7000000000000001,0.8,0.43039457714858137,1485531,I,α,center
0.8,0.9,0.418017054970901,1763128,I,α,center
0.9,1,0.43314173515611004,1580696,I,α,center
1,1.1,0.4114636905337031,1146846,I,α,center
1.1,1.2000000000000002,0.42141361426359636,1211986,I,α,center
1.2000000000000002,1.3,0.40094450787265545,974338,I,α,center
1.3,1.4000000000000001,0.3917808475528979,656303,I,α,center
1.4000000000000001,1.5,0.36313187225123433,453099,I,α,center
1.5,1.6,0.39193986950417714,675669,I,α,center
1.6,1.7000000000000002,0.44380626726151673,966345,I,α,center
1.7000000000000002,1.8,0.47476598457406827,1084521,I,α,center
1.8,1.9000000000000001,0.4133701922868029,886443,I,α,center
1.9000000000000001,2,0.3976057996378294,993866,I,α,center
2,2.1,0.3752191453739963,1245789,I,α,center
2.1,2.2,0.3596289805732548,1011640,I,α,center
2.2,2.3000000000000003,0.35010147100924627,1263417,I,α,center
2.3000000000000003,2.4000000000000004,0.30093499424201064,2095462,I,α,center
2.4000000000000004,2.5,0.2809232069919575,1746158,I,α,center
2.5,2.6,0.30824254379905114,1057770,I,α,center
2.6,2.7,0.2528654257705386,853564,I,α,center
2.7,2.8000000000000003,0.1562603715321815,506786,I,α,center
2.8000000000000003,2.9000000000000004,0.20672130430686492,139522,I,α,center
2.9000000000000004,3,0.3485639416416641,385090,I,α,center
3,3.1,0.4165951295611963,982146,I,α,center
3.1,3.2,0.4056629209380653,1692543,I,α,center
3.2,3.3000000000000003,0.39384402400140517,1801825,I,α,center
3.3000000000000003,3.4000000000000004,0.3425979166894674,1670744,I,α,center
3.4000000000000004,3.5,0.3270583975568708,1902412,I,α,center
3.5,3.6,0.2893914093729727,1673305,I,α,center
3.6,3.7,0.3025356001410149,1051175,I,α,center
3.7,3.8000000000000003,0.276952661484238,920325,I,α,center
3.8000000000000003,3.9000000000000004,0.20678471206405985,855781,I,α,center
3.9000000000000004,4,0.28443179675087293,1519790,I,α,center
4,4.1000000000000005,0.2780580825578143,1156504,I,α,center
4.1000000000000005,4.2,0.24836610717812202,677251,I,α,center
4.2,4.3,0.2504065920083045,650815,I,α,center
4.3,4.4,0.29125254965081415,469455,I,α,center
4.4,4.5,0.3507342773732653,56981,I,α,center
4.5,4.6000000000000005,0.31289640162488236,53815,I,α,center
4.6000000000000005,4.7,0.23611082059262145,47513,I,α,center
4.7,4.800000000000001,0.20469031670701643,53932,I,α,center
4.800000000000001,4.9,0.18014967694044157,57284,I,α,center
4.9,5,0.16748265619909822,32987,I,α,center
0,0.1,0.4031094615376099,2916629,I,α&β,arm
0.1,0.2,0.3172534996731442,2344097,I,α&β,arm
0.2,0.30000000000000004,0.29526972050069544,1894528,I,α&β,arm
0.30000000000000004,0.4,0.27676420038599797,1607646,I,α&β,arm
0.4,0.5,0.268527877519953,1339770,I,α&β,arm
0.5,0.6000000000000001,0.26547064138442644,1267576,I,α&β,arm
0.6000000000000001,0.7000000000000001,0.2610769620486798,1251518,I,α&β,arm
0.7000000000000001,0.8,0.25174162342681206,1204584,I,α&β,arm
0.8,0.9,0.23351028806066867,1159434,I,α&β,arm
0.9,1,0.21969094065884287,1104696,I,α&β,arm
1,1.1,0.2236441130289101,1067518,I,α&β,arm
1.1,1.2000000000000002,0.22268954408091782,986837,I,α&β,arm
1.2000000000000002,1.3,0.2123161831451277,934849,I,α&β,arm
1.3,1.4000000000000001,0.20665901063997463,898340,I,α&β,arm
1.4000000000000001,1.5,0.20859135617097044,911797,I,α&β,arm
1.5,1.6,0.21146075807987078,800207,I,α&β,arm
1.6,1.7000000000000002,0.19498726765425256,810003,I,α&β,arm
1.7000000000000002,1.8,0.18514489137669543,758097,I,α&β,arm
1.8,1.9000000000000001,0.17930459795804907,704742,I,α&β,arm
1.9000000000000001,2,0.17664275319298758,686402,I,α&β,arm
2,2.1,0.18855163104316733,730693,I,α&β,arm
2.1,2.2,0.200819189246921,743365,I,α&β,arm
2.2,2.3000000000000003,0.2094068675138606,764243,I,α&β,arm
2.3000000000000003,2.4000000000000004,0.20474269916332935,707995,I,α&β,arm
2.4000000000000004,2.5,0.18288548691234052,664130,I,α&β,arm
2.5,2.6,0.1754133406215275,623555,I,α&β,arm
2.6,2.7,0.17571611771439463,603747,I,α&β,arm
2.7,2.8000000000000003,0.17188055860964052,576402,I,α&β,arm
2.8000000000000003,2.9000000000000004,0.17048766364836657,564467,I,α&β,arm
2.9000000000000004,3,0.17131574018352566,529663,I,α&β,arm
3,3.1,0.16374588105095375,519193,I,α&β,arm
3.1,3.2,0.16629961965221848,501238,I,α&β,arm
3.2,3.3000000000000003,0.16333554626036118,491181,I,α&β,arm
3.3000000000000003,3.4000000000000004,0.15757219121266258,512452,I,α&β,arm
3.4000000000000004,3.5,0.15199315442356182,549463,I,α&β,arm
3.5,3.6,0.14662899041156627,571271,I,α&β,arm
3.6,3.7,0.13725549551210703,606664,I,α&β,arm
3.7,3.8000000000000003,0.13047528321135843,660643,I,α&β,arm
3.8000000000000003,3.9000000000000004,0.12115980080413608,738467,I,α&β,arm
3.9000000000000004,4,0.11465609922159008,755798,I,α&β,arm
4,4.1000000000000005,0.1117812880623377,808271,I,α&β,arm
4.1000000000000005,4.2,0.10572610843991226,830084,I,α&β,arm
4.2,4.3,0.09867071143771473,851937,I,α&β,arm
4.3,4.4,0.09930991293549547,865693,I,α&β,arm
4.4,4.5,0.1020500843679583,791403,I,α&β,arm
4.5,4.6000000000000005,0.10672054501224207,729319,I,α&β,arm
4.6000000000000005,4.7,0.10540361761420232,757493,I,α&β,arm
4.7,4.800000000000001,0.10077882430409367,770667,I,α&β,arm
4.800000000000001,4.9,0.0971174591217925,771744,I,α&β,arm
4.9,5,0.09136490819498659,763569,I,α&β,arm
0,0.1,0.30780490543890426,35942508,I,α&β,arm&center
0.1,0.2,0.2544983024074365,24562139,I,α&β,arm&center
0.2,0.30000000000000004,0.23100974460020465,20498092,I,α&β,arm&center
0.30000000000000004,0.4,0.22030733500910976,15586222,I,α&β,arm&center
0.4,0.5,0.2050564265166756,5412171,I,α&β,arm&center
0.5,0.6000000000000001,0.23330144324207092,2260408,I,α&β,arm&center
0.6000000000000001,0.7000000000000001,0.24253370560290988,2012868,I,α&β,arm&center
0.7000000000000001,0.8,0.24333253165232285,1947260,I,α&β,arm&center
0.8,0.9,0.22206490143565727,1990678,I,α&β,arm&center
0.9,1,0.21481750491449617,1815295,I,α&β,arm&center
1,1.1,0.20932724592562685,1471872,I,α&β,arm&center
1.1,1.2000000000000002,0.21291675377299238,1415641,I,α&β,arm&center
1.2000000000000002,1.3,0.20958039287191907,1275081,I,α&β,arm&center
1.3,1.4000000000000001,0.22618268426582022,1047487,I,α&β,arm&center
1.4000000000000001,1.5,0.23200613656147723,941466,I,α&β,arm&center
1.5,1.6,0.2289958744436493,968666,I,α&β,arm&center
1.6,1.7000000000000002,0.21711690566596978,1119806,I,α&β,arm&center
1.7000000000000002,1.8,0.2155051036517272,1132075,I,α&β,arm&center
1.8,1.9000000000000001,0.1918564064692055,1003918,I,α&β,arm&center
1.9000000000000001,2,0.17355680742361154,1033015,I,α&β,arm&center
2,2.1,0.1850734108840557,1211330,I,α&β,arm&center
2.1,2.2,0.19268580746737934,1133797,I,α&β,arm&center
2.2,2.3000000000000003,0.18819757166125242,1256720,I,α&β,arm&center
2.3000000000000003,2.4000000000000004,0.17309972800500537,1618750,I,α&β,arm&center
2.4000000000000004,2.5,0.16200277949476577,1481414,I,α&β,arm&center
2.5,2.6,0.16998489110376858,1238469,I,α&β,arm&center
2.6,2.7,0.15246414070017017,1245740,I,α&β,arm&center
2.7,2.8000000000000003,0.14030888447723472,981356,I,α&β,arm&center
2.8000000000000003,2.9000000000000004,0.1471523475519064,664816,I,α&β,arm&center
2.9000000000000004,3,0.15721614239661344,1109154,I,α&β,arm&center
3,3.1,0.17164760653551564,2038559,I,α&β,arm&center
3.1,3.2,0.17990361300387067,2955727,I,α&β,arm&center
3.2,3.3000000000000003,0.17527390084090913,3372294,I,α&β,arm&center
3.3000000000000003,3.4000000000000004,0.1422941435957225,4068526,I,α&β,arm&center
3.4000000000000004,3.5,0.1306297149365133,4129631,I,α&β,arm&center
3.5,3.6,0.1251394916188205,3424877,I,α&β,arm&center
3.6,3.7,0.13730490492569736,2540385,I,α&β,arm&center
3.7,3.8000000000000003,0.13792874429862995,2252045,I,α&β,arm&center
3.8000000000000003,3.9000000000000004,0.12394991235352261,1745859,I,α&β,arm&center
3.9000000000000004,4,0.13857395324666466,2383211,I,α&β,arm&center
4,4.1000000000000005,0.1375372704099862,3063535,I,α&β,arm&center
4.1000000000000005,4.2,0.1347380154529532,3579475,I,α&β,arm&center
4.2,4.3,0.14428075730974882,4268083,I,α&β,arm&center
4.3,4.4,0.13925155225892308,4383925,I,α&β,arm&center
4.4,4.5,0.12446271013194607,3786649,I,α&β,arm&center
4.5,4.6000000000000005,0.13090903424613606,3404308,I,α&β,arm&center
4.6000000000000005,4.7,0.13720968736751504,2877886,I,α&β,arm&center
4.7,4.800000000000001,0.12733206220246876,2244468,I,α&β,arm&center
4.800000000000001,4.9,0.10660858748254728,2392411,I,α&β,arm&center
4.9,5,0.10506918514032774,2265498,I,α&β,arm&center
0,0.1,0.3040360112809551,68010990,I,α&β,center
0.1,0.2,0.25154152198375074,46099602,I,α&β,center
0.2,0.30000000000000004,0.2277980561196039,38421926,I,α&β,center
0.30000000000000004,0.4,0.21724391746664723,29082830,I,α&β,center
0.4,0.5,0.19606704645356854,9289765,I,α&β,center
0.5,0.6000000000000001,0.22094896744090903,3082772,I,α&β,center
0.6000000000000001,0.7000000000000001,0.2334211802655274,2559303,I,α&β,center
0.7000000000000001,0.8,0.23898869736512449,2488511,I,α&β,center
0.8,0.9,0.2190551564573598,2559416,I,α&β,center
0.9,1,0.2159809670817891,2247867,I,α&β,center
1,1.1,0.20377115342324123,1544330,I,α&β,center
1.1,1.2000000000000002,0.21418150980900807,1567493,I,α&β,center
1.2000000000000002,1.3,0.21485202842474171,1391270,I,α&β,center
1.3,1.4000000000000001,0.2523982813969317,1035483,I,α&β,center
1.4000000000000001,1.5,0.2703159204938691,805594,I,α&β,center
1.5,1.6,0.25307102531427494,990652,I,α&β,center
1.6,1.7000000000000002,0.24743700497870255,1198115,I,α&β,center
1.7000000000000002,1.8,0.2463202066845814,1248079,I,α&β,center
1.8,1.9000000000000001,0.21078705540142484,1017457,I,α&β,center
1.9000000000000001,2,0.1724059702727698,1136549,I,α&β,center
2,2.1,0.18548272996847837,1456481,I,α&β,center
2.1,2.2,0.1890672748945686,1272205,I,α&β,center
2.2,2.3000000000000003,0.17530303494332075,1402247,I,α&β,center
2.3000000000000003,2.4000000000000004,0.15967659028582112,2080611,I,α&β,center
2.4000000000000004,2.5,0.15289591726808835,1781864,I,α&β,center
2.5,2.6,0.17102030086966608,1264712,I,α&β,center
2.6,2.7,0.13424274078503687,1252089,I,α&β,center
2.7,2.8000000000000003,0.10778216893017645,757301,I,α&β,center
2.8000000000000003,2.9000000000000004,0.08889270448463994,184913,I,α&β,center
2.9000000000000004,3,0.13531759012291233,714145,I,α&β,center
3,3.1,0.16656515882961587,1397654,I,α&β,center
3.1,3.2,0.18605500719450985,1840564,I,α&β,center
3.2,3.3000000000000003,0.1985920683137676,2097357,I,α&β,center
3.3000000000000003,3.4000000000000004,0.158658889328267,2531075,I,α&β,center
3.4000000000000004,3.5,0.14865863900951998,2514698,I,α&β,center
3.5,3.6,0.13593837589624153,2138064,I,α&β,center
3.6,3.7,0.1323367899453849,1528595,I,α&β,center
3.7,3.8000000000000003,0.13192459720337008,1660265,I,α&β,center
3.8000000000000003,3.9000000000000004,0.11778707690139578,1639796,I,α&β,center
3.9000000000000004,4,0.1326245981217518,2205481,I,α&β,center
4,4.1000000000000005,0.13772385956684877,1642118,I,α&β,center
4.1000000000000005,4.2,0.1332787334229785,1358259,I,α&β,center
4.2,4.3,0.1370049289420511,1470481,I,α&β,center
4.3,4.4,0.1339899485787979,959669,I,α&β,center
4.4,4.5,0.15527047590746257,67317,I,α&β,center
4.5,4.6000000000000005,0.14362578321437636,69330,I,α&β,center
4.6000000000000005,4.7,0.11839940263095006,68354,I,α&β,center
4.7,4.800000000000001,0.12234614393258889,79668,I,α&β,center
4.800000000000001,4.9,0.11119079033549642,79838,I,α&β,center
4.9,5,0.10064926765974035,59698,I,α&β,center
0,0.1,0.5188088479689072,2671977,I,β,arm
0.1,0.2,0.42843301419930685,2114195,I,β,arm
0.2,0.30000000000000004,0.4016129949382095,1670677,I,β,arm
0.30000000000000004,0.4,0.3837837347212292,1381189,I,β,arm
0.4,0.5,0.3663311787707532,1138182,I,β,arm
0.5,0.6000000000000001,0.3768854930593688,1081641,I,β,arm
0.6000000000000001,0.7000000000000001,0.37258092987131675,1088592,I,β,arm
0.7000000000000001,0.8,0.3696932619453121,1073668,I,β,arm
0.8,0.9,0.35872008477423,1034623,I,β,arm
0.9,1,0.33358416489269793,976050,I,β,arm
1,1.1,0.3204128639971638,931675,I,β,arm
1.1,1.2000000000000002,0.3219240699625387,874858,I,β,arm
1.2000000000000002,1.3,0.310282608651247,812479,I,β,arm
1.3,1.4000000000000001,0.316853320239047,770643,I,β,arm
1.4000000000000001,1.5,0.32160512571643574,786033,I,β,arm
1.5,1.6,0.3204190690045173,677692,I,β,arm
1.6,1.7000000000000002,0.2963826691918453,688573,I,β,arm
1.7000000000000002,1.8,0.2832581269977374,644708,I,β,arm
1.8,1.9000000000000001,0.2770732130415802,612847,I,β,arm
1.9000000000000001,2,0.27222464438458593,583384,I,β,arm
2,2.1,0.29037858645807185,637356,I,β,arm
2.1,2.2,0.3048980907118411,639362,I,β,arm
2.2,2.3000000000000003,0.31078612198877453,663699,I,β,arm
2.3000000000000003,2.4000000000000004,0.306505747123736,617268,I,β,arm
2.4000000000000004,2.5,0.2726494656500248,572453,I,β,arm
2.5,2.6,0.2617955539240735,516609,I,β,arm
2.6,2.7,0.26623248202829153,502450,I,β,arm
2.7,2.8000000000000003,0.262626692661221,454832,I,β,arm
2.8000000000000003,2.9000000000000004,0.25199172913557205,458623,I,β,arm
2.9000000000000004,3,0.2625865757277316,433285,I,β,arm
3,3.1,0.25133679991427843,440161,I,β,arm
3.1,3.2,0.2511602500576526,421370,I,β,arm
3.2,3.3000000000000003,0.25220132823529995,411273,I,β,arm
3.3000000000000003,3.4000000000000004,0.23594578715296194,428947,I,β,arm
3.4000000000000004,3.5,0.2269778307529887,457641,I,β,arm
3.5,3.6,0.2246121074757335,486503,I,β,arm
3.6,3.7,0.2111499880141088,514382,I,β,arm
3.7,3.8000000000000003,0.21273006903337302,552407,I,β,arm
3.8000000000000003,3.9000000000000004,0.19769936943159938,609970,I,β,arm
3.9000000000000004,4,0.19547275223041416,618074,I,β,arm
4,4.1000000000000005,0.1934146572847596,630401,I,β,arm
4.1000000000000005,4.2,0.18690728769669812,627498,I,β,arm
4.2,4.3,0.1674751252482213,645472,I,β,arm
4.3,4.4,0.16676591098810672,668777,I,β,arm
4.4,4.5,0.1707552426827551,626683,I,β,arm
4.5,4.6000000000000005,0.17088877793832832,610069,I,β,arm
4.6000000000000005,4.7,0.16473695759528778,635614,I,β,arm
4.7,4.800000000000001,0.16337224160427805,626765,I,β,arm
4.800000000000001,4.9,0.157541416651193,609852,I,β,arm
4.9,5,0.15424699702331737,590832,I,β,arm
0,0.1,0.38164538240299406,32336025,I,β,arm&center
0.1,0.2,0.3299405748242703,21679557,I,β,arm&center
0.2,0.30000000000000004,0.31010604756181764,18301279,I,β,arm&center
0.30000000000000004,0.4,0.30394988097531334,13834459,I,β,arm&center
0.4,0.5,0.2750263669879571,4696792,I,β,arm&center
0.5,0.6000000000000001,0.30543426146500957,1980084,I,β,arm&center
0.6000000000000001,0.7000000000000001,0.3169680022686296,1724431,I,β,arm&center
0.7000000000000001,0.8,0.33350142151827566,1596397,I,β,arm&center
0.8,0.9,0.3368942248892808,1479061,I,β,arm&center
0.9,1,0.3282267543881067,1327634,I,β,arm&center
1,1.1,0.3064374992059661,1109893,I,β,arm&center
1.1,1.2000000000000002,0.30930944397278337,1071514,I,β,arm&center
1.2000000000000002,1.3,0.30977029250860866,967989,I,β,arm&center
1.3,1.4000000000000001,0.330699352055475,844546,I,β,arm&center
1.4000000000000001,1.5,0.32845708139365565,785960,I,β,arm&center
1.5,1.6,0.3240351623589203,754275,I,β,arm&center
1.6,1.7000000000000002,0.28728534383458143,773984,I,β,arm&center
1.7000000000000002,1.8,0.26452975047490157,724390,I,β,arm&center
1.8,1.9000000000000001,0.2656383398358023,661891,I,β,arm&center
1.9000000000000001,2,0.26004368123499516,666810,I,β,arm&center
2,2.1,0.29313209898633247,858985,I,β,arm&center
2.1,2.2,0.290386529885073,892987,I,β,arm&center
2.2,2.3000000000000003,0.25770224127227065,1069792,I,β,arm&center
2.3000000000000003,2.4000000000000004,0.23246323141003267,1429520,I,β,arm&center
2.4000000000000004,2.5,0.2121770954805207,1283122,I,β,arm&center
2.5,2.6,0.23804013375463132,1044247,I,β,arm&center
2.6,2.7,0.22063875311033898,1132011,I,β,arm&center
2.7,2.8000000000000003,0.22804437435819278,837558,I,β,arm&center
2.8000000000000003,2.9000000000000004,0.24177906615991435,481409,I,β,arm&center
2.9000000000000004,3,0.24607855463108566,787377,I,β,arm&center
3,3.1,0.27541618254160743,1642166,I,β,arm&center
3.1,3.2,0.29026756679949467,2494436,I,β,arm&center
3.2,3.3000000000000003,0.27857100223070996,2815702,I,β,arm&center
3.3000000000000003,3.4000000000000004,0.2536198537868096,3497993,I,β,arm&center
3.4000000000000004,3.5,0.2430952540207501,3529822,I,β,arm&center
3.5,3.6,0.22150165457692625,2838802,I,β,arm&center
3.6,3.7,0.22691537245257432,2290563,I,β,arm&center
3.7,3.8000000000000003,0.21015330852164688,2162154,I,β,arm&center
3.8000000000000003,3.9000000000000004,0.17143214386703998,1659945,I,β,arm&center
3.9000000000000004,4,0.1726031059294492,2130407,I,β,arm&center
4,4.1000000000000005,0.16525540468418098,2654903,I,β,arm&center
4.1000000000000005,4.2,0.15635063304289318,3125320,I,β,arm&center
4.2,4.3,0.16654732663738284,3762661,I,β,arm&center
4.3,4.4,0.15584087084305376,3932941,I,β,arm&center
4.4,4.5,0.1349026169182924,3420609,I,β,arm&center
4.5,4.6000000000000005,0.140074046011174,3018843,I,β,arm&center
4.6000000000000005,4.7,0.14231559644770814,2373090,I,β,arm&center
4.7,4.800000000000001,0.1304868153631772,1882093,I,β,arm&center
4.800000000000001,4.9,0.11762669284721534,2039282,I,β,arm&center
4.9,5,0.12207459272091584,1962349,I,β,arm&center
0,0.1,0.3758546517312795,59631801,I,β,center
0.1,0.2,0.32503548331949644,39633131,I,β,center
0.2,0.30000000000000004,0.30579400464622386,33495383,I,β,center
0.30000000000000004,0.4,0.29983534280919893,25185791,I,β,center
0.4,0.5,0.26269230762685575,7865395,I,β,center
0.5,0.6000000000000001,0.2794156574350697,2670349,I,β,center
0.6000000000000001,0.7000000000000001,0.292338399174708,2122316,I,β,center
0.7000000000000001,0.8,0.31643030361218394,1913673,I,β,center
0.8,0.9,0.3341750118476468,1715007,I,β,center
0.9,1,0.3338504999538668,1494148,I,β,center
1,1.1,0.3062960889426598,1047131,I,β,center
1.1,1.2000000000000002,0.316092361147311,1057109,I,β,center
1.2000000000000002,1.3,0.32971041205311635,950801,I,β,center
1.3,1.4000000000000001,0.3685664306963832,787873,I,β,center
1.4000000000000001,1.5,0.3626443559429572,661440,I,β,center
1.5,1.6,0.3442924889915421,719704,I,β,center
1.6,1.7000000000000002,0.3041219096123886,669954,I,β,center
1.7000000000000002,1.8,0.26652712241878507,567463,I,β,center
1.8,1.9000000000000001,0.28152819444698723,454269,I,β,center
1.9000000000000001,2,0.2603045918099841,533000,I,β,center
2,2.1,0.3051426984242272,863591,I,β,center
2.1,2.2,0.278699504403107,914862,I,β,center
2.2,2.3000000000000003,0.22230679302473272,1176673,I,β,center
2.3000000000000003,2.4000000000000004,0.1985356644326303,1878178,I,β,center
2.4000000000000004,2.5,0.1768687499622807,1591949,I,β,center
2.5,2.6,0.21857320989609616,1121839,I,β,center
2.6,2.7,0.1883358598370385,1284228,I,β,center
2.7,2.8000000000000003,0.1936480048199602,770986,I,β,center
2.8000000000000003,2.9000000000000004,0.17124280456330837,121340,I,β,center
2.9000000000000004,3,0.14556807789217882,494655,I,β,center
3,3.1,0.1385234206851819,865267,I,β,center
3.1,3.2,0.14214938246510983,936186,I,β,center
3.2,3.3000000000000003,0.17183366816232554,1046353,I,β,center
3.3000000000000003,3.4000000000000004,0.17942693725957004,1637723,I,β,center
3.4000000000000004,3.5,0.1929248988927095,1547493,I,β,center
3.5,3.6,0.18362405397252068,1330347,I,β,center
3.6,3.7,0.1500380943573409,1288453,I,β,center
3.7,3.8000000000000003,0.15198998181540543,1700840,I,β,center
3.8000000000000003,3.9000000000000004,0.14638270430263647,1612823,I,β,center
3.9000000000000004,4,0.1403192995590973,1999184,I,β,center
4,4.1000000000000005,0.14138970821871266,1541120,I,β,center
4.1000000000000005,4.2,0.14876205575192916,1338852,I,β,center
4.2,4.3,0.15424930723748273,1530993,I,β,center
4.3,4.4,0.15286173516853252,938645,I,β,center
4.4,4.5,0.13609202659284322,45970,I,β,center
4.5,4.6000000000000005,0.12907357671157174,53200,I,β,center
4.6000000000000005,4.7,0.13016526242564483,57898,I,β,center
4.7,4.800000000000001,0.14222556101429323,67223,I,β,center
4.800000000000001,4.9,0.13782943453239874,66619,I,β,center
4.9,5,0.1517340271079209,48264,I,β,center
0,0.1,0.6415647694878912,3130782,II,α,arm
0.1,0.2,0.5098410297634816,1104039,II,α,arm
0.2,0.30000000000000004,0.3736543386906949,908150,II,α,arm
0.30000000000000004,0.4,0.39204230571176896,611319,II,α,arm
0.4,0.5,0.401206532450124,646821,II,α,arm
0.5,0.6000000000000001,0.3990407224627073,612522,II,α,arm
0.6000000000000001,0.7000000000000001,0.3689796310468542,571089,II,α,arm
0.7000000000000001,0.8,0.3332246290081611,613880,II,α,arm
0.8,0.9,0.3218204607738843,509694,II,α,arm
0.9,1,0.3147249119410585,517414,II,α,arm
1,1.1,0.28565417210111793,562170,II,α,arm
1.1,1.2000000000000002,0.30740054758459145,477800,II,α,arm
1.2000000000000002,1.3,0.30432981992654456,450307,II,α,arm
1.3,1.4000000000000001,0.29189956360584896,432026,II,α,arm
1.4000000000000001,1.5,0.2829702016477424,415635,II,α,arm
1.5,1.6,0.2858956654374426,379247,II,α,arm
1.6,1.7000000000000002,0.2700758885397244,403780,II,α,arm
1.7000000000000002,1.8,0.2599774966307962,396868,II,α,arm
1.8,1.9000000000000001,0.26028018258688,408979,II,α,arm
1.9000000000000001,2,0.2571924225409705,401310,II,α,arm
2,2.1,0.2542577994809283,382954,II,α,arm
2.1,2.2,0.24297691003367794,428471,II,α,arm
2.2,2.3000000000000003,0.22980968398585178,476881,II,α,arm
2.3000000000000003,2.4000000000000004,0.23437272370675702,448481,II,α,arm
2.4000000000000004,2.5,0.23270631482552956,460696,II,α,arm
2.5,2.6,0.22925853906816324,460710,II,α,arm
2.6,2.7,0.22422776571118427,477955,II,α,arm
2.7,2.8000000000000003,0.23726396239633346,456653,II,α,arm
2.8000000000000003,2.9000000000000004,0.23080348817845972,501971,II,α,arm
2.9000000000000004,3,0.23370007073057053,491991,II,α,arm
3,3.1,0.23942452764449151,477850,II,α,arm
3.1,3.2,0.22820320909994687,490709,II,α,arm
3.2,3.3000000000000003,0.21699475003085048,553171,II,α,arm
3.3000000000000003,3.4000000000000004,0.2027058149098925,586416,II,α,arm
3.4000000000000004,3.5,0.17709691348875164,639824,II,α,arm
3.5,3.6,0.17497110251288056,683648,II,α,arm
3.6,3.7,0.19316768016248617,473164,II,α,arm
3.7,3.8000000000000003,0.20814242930879528,414400,II,α,arm
3.8000000000000003,3.9000000000000004,0.21658115805134054,385840,II,α,arm
3.9000000000000004,4,0.21336264100544067,416768,II,α,arm
4,4.1000000000000005,0.1999936210558704,412383,II,α,arm
4.1000000000000005,4.2,0.20088991457282934,376829,II,α,arm
4.2,4.3,0.18762101435302886,387099,II,α,arm
4.3,4.4,0.17799006360592648,391352,II,α,arm
4.4,4.5,0.1815794848905594,371382,II,α,arm
4.5,4.6000000000000005,0.18952488118175706,346400,II,α,arm
4.6000000000000005,4.7,0.18829231413924277,314696,II,α,arm
4.7,4.800000000000001,0.18003804611787222,311632,II,α,arm
4.800000000000001,4.9,0.17618283782526933,326509,II,α,arm
4.9,5,0.17521607382866172,312313,II,α,arm
0,0.1,0.5884799472034143,20313034,II,α,arm&center
0.1,0.2,0.5409875639089287,15519297,II,α,arm&center
0.2,0.30000000000000004,0.5087617242823538,13078807,II,α,arm&center
0.30000000000000004,0.4,0.5012102027956413,10671919,II,α,arm&center
0.4,0.5,0.4731575818428847,8292384,II,α,arm&center
0.5,0.6000000000000001,0.459938055153139,4763370,II,α,arm&center
0.6000000000000001,0.7000000000000001,0.459553815528306,5034917,II,α,arm&center
0.7000000000000001,0.8,0.43504328421257565,5588234,II,α,arm&center
0.8,0.9,0.40613702065964413,5973878,II,α,arm&center
0.9,1,0.39527096048970217,6197935,II,α,arm&center
1,1.1,0.3739873065346226,6613072,II,α,arm&center
1.1,1.2000000000000002,0.34462722660413314,5361101,II,α,arm&center
1.2000000000000002,1.3,0.3161237700829499,4482401,II,α,arm&center
1.3,1.4000000000000001,0.3190597454368658,3512471,II,α,arm&center
1.4000000000000001,1.5,0.31998220559140084,2848774,II,α,arm&center
1.5,1.6,0.34867925610619666,1824044,II,α,arm&center
1.6,1.7000000000000002,0.3781633987670518,1646874,II,α,arm&center
1.7000000000000002,1.8,0.3816404322083986,2116114,II,α,arm&center
1.8,1.9000000000000001,0.3613494640393017,2368191,II,α,arm&center
1.9000000000000001,2,0.3748574614403879,3112001,II,α,arm&center
2,2.1,0.3554564523432149,3646395,II,α,arm&center
2.1,2.2,0.3341375358075953,3649090,II,α,arm&center
2.2,2.3000000000000003,0.33350802599362833,3478996,II,α,arm&center
2.3000000000000003,2.4000000000000004,0.32239815842875136,3141364,II,α,arm&center
2.4000000000000004,2.5,0.31757164369356106,2915909,II,α,arm&center
2.5,2.6,0.3006596504225907,2097717,II,α,arm&center
2.6,2.7,0.30213416202086396,1787055,II,α,arm&center
2.7,2.8000000000000003,0.2972595575143465,1779571,II,α,arm&center
2.8000000000000003,2.9000000000000004,0.2926932224716377,1852471,II,α,arm&center
2.9000000000000004,3,0.2843828623466977,1871309,II,α,arm&center
3,3.1,0.28069188090931685,1839209,II,α,arm&center
3.1,3.2,0.26382791082635954,1607824,II,α,arm&center
3.2,3.3000000000000003,0.2660358114907244,1836692,II,α,arm&center
3.3000000000000003,3.4000000000000004,0.290367467217417,1968233,II,α,arm&center
3.4000000000000004,3.5,0.3146610637077828,2204755,II,α,arm&center
3.5,3.6,0.32221107086291634,2413180,II,α,arm&center
3.6,3.7,0.3093517833563455,2740128,II,α,arm&center
3.7,3.8000000000000003,0.3053378740810752,3167067,II,α,arm&center
3.8000000000000003,3.9000000000000004,0.30541377622935,3094069,II,α,arm&center
3.9000000000000004,4,0.2968470831826667,3012376,II,α,arm&center
4,4.1000000000000005,0.28530048441154454,2862312,II,α,arm&center
4.1000000000000005,4.2,0.28268488011021775,2788410,II,α,arm&center
4.2,4.3,0.2786392835012205,2655660,II,α,arm&center
4.3,4.4,0.27968499005073755,2438319,II,α,arm&center
4.4,4.5,0.27330834833823,2259387,II,α,arm&center
4.5,4.6000000000000005,0.25516058551249854,2229674,II,α,arm&center
4.6000000000000005,4.7,0.24386823611718422,2111603,II,α,arm&center
4.7,4.800000000000001,0.23412099819790547,1973004,II,α,arm&center
4.800000000000001,4.9,0.2287729840428324,1726541,II,α,arm&center
4.9,5,0.22092236473557567,1706005,II,α,arm&center
0,0.1,0.5853161887006794,29664410,II,α,center
0.1,0.2,0.541936898655157,23309233,II,α,center
0.2,0.30000000000000004,0.5124488896794749,19607673,II,α,center
0.30000000000000004,0.4,0.5041202730598303,16007769,II,α,center
0.4,0.5,0.4755337638168904,12289183,II,α,center
0.5,0.6000000000000001,0.4635183191709656,6837764,II,α,center
0.6000000000000001,0.7000000000000001,0.46419128823411254,7279527,II,α,center
0.7000000000000001,0.8,0.43934791718363836,8102676,II,α,center
0.8,0.9,0.4083140446706536,8775989,II,α,center
0.9,1,0.39725189750794176,9124122,II,α,center
1,1.1,0.37601678947887296,9726859,II,α,center
1.1,1.2000000000000002,0.3449742472040378,7824043,II,α,center
1.2000000000000002,1.3,0.3140419732626854,6414960,II,α,center
1.3,1.4000000000000001,0.31927009812353263,4924603,II,α,center
1.4000000000000001,1.5,0.32275818584190563,3838259,II,α,center
1.5,1.6,0.3572084251556644,2315528,II,α,center
1.6,1.7000000000000002,0.3961539846773723,2018355,II,α,center
1.7000000000000002,1.8,0.39672903198092835,2747844,II,α,center
1.8,1.9000000000000001,0.3746592257200781,3125932,II,α,center
1.9000000000000001,2,0.3875107970520151,4276871,II,α,center
2,2.1,0.3711287770824064,4804837,II,α,center
2.1,2.2,0.35223222084590233,4544272,II,α,center
2.2,2.3000000000000003,0.358065114140831,4170871,II,α,center
2.3000000000000003,2.4000000000000004,0.34796094740294514,3663508,II,α,center
2.4000000000000004,2.5,0.34648382643129605,3260342,II,α,center
2.5,2.6,0.3422471926687422,1921402,II,α,center
2.6,2.7,0.3439924576988344,1730154,II,α,center
2.7,2.8000000000000003,0.3405067553689849,1752964,II,α,center
2.8000000000000003,2.9000000000000004,0.3389086400700228,1872129,II,α,center
2.9000000000000004,3,0.3317509795391767,1931909,II,α,center
3,3.1,0.3257321808885284,1959567,II,α,center
3.1,3.2,0.3057130550257928,1662202,II,α,center
3.2,3.3000000000000003,0.29789820493181457,2016452,II,α,center
3.3000000000000003,3.4000000000000004,0.32658576120489946,2182376,II,α,center
3.4000000000000004,3.5,0.35891565625754035,2475003,II,α,center
3.5,3.6,0.3660716675155384,2728123,II,α,center
3.6,3.7,0.3397981775735467,3255150,II,α,center
3.7,3.8000000000000003,0.32996606664966927,3838550,II,α,center
3.8000000000000003,3.9000000000000004,0.3294223520249858,3739099,II,α,center
3.9000000000000004,4,0.31896198425564387,3670651,II,α,center
4,4.1000000000000005,0.30502717672235163,3247600,II,α,center
4.1000000000000005,4.2,0.29962988706682986,2704448,II,α,center
4.2,4.3,0.293982221572025,2099249,II,α,center
4.3,4.4,0.2955501620430342,1704138,II,α,center
4.4,4.5,0.3034303290538314,1319164,II,α,center
4.5,4.6000000000000005,0.2777475552008579,1039475,II,α,center
4.6000000000000005,4.7,0.25413470657105314,1048943,II,α,center
4.7,4.800000000000001,0.23667666913098723,1225933,II,α,center
4.800000000000001,4.9,0.23176522661276114,1173979,II,α,center
4.9,5,0.21449205601621862,1161931,II,α,center
0,0.1,0.34497526697173503,4481901,II,α&β,arm
0.1,0.2,0.300749051213894,1488797,II,α&β,arm
0.2,0.30000000000000004,0.2615692123011567,1138318,II,α&β,arm
0.30000000000000004,0.4,0.2660825104702106,778675,II,α&β,arm
0.4,0.5,0.2542616752009049,838703,II,α&β,arm
0.5,0.6000000000000001,0.24977355412229413,828931,II,α&β,arm
0.6000000000000001,0.7000000000000001,0.23645319093485007,774370,II,α&β,arm
0.7000000000000001,0.8,0.21436857351288308,829742,II,α&β,arm
0.8,0.9,0.2083210301056914,760366,II,α&β,arm
0.9,1,0.19917586343662882,808098,II,α&β,arm
1,1.1,0.18968115928908988,792679,II,α&β,arm
1.1,1.2000000000000002,0.19806210669163316,654646,II,α&β,arm
1.2000000000000002,1.3,0.19286912263102277,613314,II,α&β,arm
1.3,1.4000000000000001,0.1833817064791456,592813,II,α&β,arm
1.4000000000000001,1.5,0.17871695481934483,565594,II,α&β,arm
1.5,1.6,0.17832295114816957,517690,II,α&β,arm
1.6,1.7000000000000002,0.17254085435846872,569323,II,α&β,arm
1.7000000000000002,1.8,0.1718857743657272,564327,II,α&β,arm
1.8,1.9000000000000001,0.16897528302703493,568534,II,α&β,arm
1.9000000000000001,2,0.1641172509233915,540495,II,α&β,arm
2,2.1,0.15871300764393215,516427,II,α&β,arm
2.1,2.2,0.15665695340131391,573943,II,α&β,arm
2.2,2.3000000000000003,0.15043114214312592,625491,II,α&β,arm
2.3000000000000003,2.4000000000000004,0.15449015574229183,576573,II,α&β,arm
2.4000000000000004,2.5,0.15092175475070596,597437,II,α&β,arm
2.5,2.6,0.14970380934200644,593945,II,α&β,arm
2.6,2.7,0.15311047441887252,635583,II,α&β,arm
2.7,2.8000000000000003,0.15629279778578267,587753,II,α&β,arm
2.8000000000000003,2.9000000000000004,0.15940225272945036,627886,II,α&β,arm
2.9000000000000004,3,0.155784454545532,626059,II,α&β,arm
3,3.1,0.1510228453122317,601580,II,α&β,arm
3.1,3.2,0.14736943915747322,620201,II,α&β,arm
3.2,3.3000000000000003,0.14472437227679763,696549,II,α&β,arm
3.3000000000000003,3.4000000000000004,0.14051763178504337,756551,II,α&β,arm
3.4000000000000004,3.5,0.12572379662029032,824154,II,α&β,arm
3.5,3.6,0.1203301817096771,886969,II,α&β,arm
3.6,3.7,0.12490577885433375,600125,II,α&β,arm
3.7,3.8000000000000003,0.12476371924141169,522885,II,α&β,arm
3.8000000000000003,3.9000000000000004,0.12444356881423817,506635,II,α&β,arm
3.9000000000000004,4,0.12162923593073441,547627,II,α&β,arm
4,4.1000000000000005,0.11316809121319693,548359,II,α&β,arm
4.1000000000000005,4.2,0.11290352595739467,526039,II,α&β,arm
4.2,4.3,0.11059445786379837,534384,II,α&β,arm
4.3,4.4,0.10524376466425556,553367,II,α&β,arm
4.4,4.5,0.10842042710631003,531789,II,α&β,arm
4.5,4.6000000000000005,0.11526602418734587,500700,II,α&β,arm
4.6000000000000005,4.7,0.1124078333206881,471878,II,α&β,arm
4.7,4.800000000000001,0.11253493633607455,494780,II,α&β,arm
4.800000000000001,4.9,0.10847932756370235,498052,II,α&β,arm
4.9,5,0.1084779253028097,469931,II,α&β,arm
0,0.1,0.3710401300265072,25126865,II,α&β,arm&center
0.1,0.2,0.329355763441657,19363543,II,α&β,arm&center
0.2,0.30000000000000004,0.3055426421007278,16146453,II,α&β,arm&center
0.30000000000000004,0.4,0.2851154469023556,13127909,II,α&β,arm&center
0.4,0.5,0.2624318257999383,9591130,II,α&β,arm&center
0.5,0.6000000000000001,0.26657206138759915,5824967,II,α&β,arm&center
0.6000000000000001,0.7000000000000001,0.27302577433425124,6122552,II,α&β,arm&center
0.7000000000000001,0.8,0.26136530919097584,6363896,II,α&β,arm&center
0.8,0.9,0.25444279976681455,6591049,II,α&β,arm&center
0.9,1,0.2480234470536855,6901235,II,α&β,arm&center
1,1.1,0.23273094297353647,7291133,II,α&β,arm&center
1.1,1.2000000000000002,0.21034568957249855,6149176,II,α&β,arm&center
1.2000000000000002,1.3,0.19555268897717001,5275617,II,α&β,arm&center
1.3,1.4000000000000001,0.19353610219306508,4611230,II,α&β,arm&center
1.4000000000000001,1.5,0.19263986063421748,4034566,II,α&β,arm&center
1.5,1.6,0.19876263583759438,3117435,II,α&β,arm&center
1.6,1.7000000000000002,0.2124701858746619,2937450,II,α&β,arm&center
1.7000000000000002,1.8,0.20022141547060426,3499906,II,α&β,arm&center
1.8,1.9000000000000001,0.19370158932909906,4188546,II,α&β,arm&center
1.9000000000000001,2,0.20869104719187492,5410587,II,α&β,arm&center
2,2.1,0.21320284694258812,6334069,II,α&β,arm&center
2.1,2.2,0.1999452705930512,6866271,II,α&β,arm&center
2.2,2.3000000000000003,0.20821832395538453,6214233,II,α&β,arm&center
2.3000000000000003,2.4000000000000004,0.19194377983953118,5844489,II,α&β,arm&center
2.4000000000000004,2.5,0.18201543357160363,4784846,II,α&β,arm&center
2.5,2.6,0.18237516300043616,3617326,II,α&β,arm&center
2.6,2.7,0.181275959677428,2619718,II,α&β,arm&center
2.7,2.8000000000000003,0.18266058151143713,2354135,II,α&β,arm&center
2.8000000000000003,2.9000000000000004,0.18839585814665233,2464128,II,α&β,arm&center
2.9000000000000004,3,0.1863699929210609,2677177,II,α&β,arm&center
3,3.1,0.1787771076567382,2713000,II,α&β,arm&center
3.1,3.2,0.17276362709955398,2634918,II,α&β,arm&center
3.2,3.3000000000000003,0.16900263320944783,2883204,II,α&β,arm&center
3.3000000000000003,3.4000000000000004,0.17492716155655003,3144240,II,α&β,arm&center
3.4000000000000004,3.5,0.182417507658341,3486703,II,α&β,arm&center
3.5,3.6,0.18392953059507003,3753970,II,α&β,arm&center
3.6,3.7,0.18449605276737008,3842595,II,α&β,arm&center
3.7,3.8000000000000003,0.1860152179372986,4062810,II,α&β,arm&center
3.8000000000000003,3.9000000000000004,0.18040795293625372,4004851,II,α&β,arm&center
3.9000000000000004,4,0.17513194352896658,3886056,II,α&β,arm&center
4,4.1000000000000005,0.16786354805784492,3534965,II,α&β,arm&center
4.1000000000000005,4.2,0.17159302879952226,3399879,II,α&β,arm&center
4.2,4.3,0.1604781390937631,3366295,II,α&β,arm&center
4.3,4.4,0.164563302953772,3189240,II,α&β,arm&center
4.4,4.5,0.16705070390927113,2949578,II,α&β,arm&center
4.5,4.6000000000000005,0.15901944375286667,2792909,II,α&β,arm&center
4.6000000000000005,4.7,0.15840323335259063,2607339,II,α&β,arm&center
4.7,4.800000000000001,0.15387132981605428,2314921,II,α&β,arm&center
4.800000000000001,4.9,0.14873151352228006,2060174,II,α&β,arm&center
4.9,5,0.1437968845039788,1996632,II,α&β,arm&center
0,0.1,0.37310167740850175,36188924,II,α&β,center
0.1,0.2,0.3305973024057091,28914399,II,α&β,center
0.2,0.30000000000000004,0.307245277240424,24091532,II,α&β,center
0.30000000000000004,0.4,0.28598020265565494,19605160,II,α&β,center
0.4,0.5,0.2633158449287995,14087713,II,α&β,center
0.5,0.6000000000000001,0.26868017180190973,8260295,II,α&β,center
0.6000000000000001,0.7000000000000001,0.2766178235143151,8716435,II,α&β,center
0.7000000000000001,0.8,0.2653306596044092,9046949,II,α&β,center
0.8,0.9,0.25768242780261424,9478068,II,α&β,center
0.9,1,0.25101856768811465,9962771,II,α&β,center
1,1.1,0.23496645731875845,10546890,II,α&β,center
1.1,1.2000000000000002,0.21081846811251295,8859082,II,α&β,center
1.2000000000000002,1.3,0.1951203652137381,7474961,II,α&β,center
1.3,1.4000000000000001,0.1936884580950205,6463120,II,α&β,center
1.4000000000000001,1.5,0.1929466999094791,5501856,II,α&β,center
1.5,1.6,0.200550183781432,4146039,II,α&β,center
1.6,1.7000000000000002,0.21760812514493916,3843005,II,α&β,center
1.7000000000000002,1.8,0.20297124093118438,4708117,II,α&β,center
1.8,1.9000000000000001,0.19594802724786672,5761019,II,α&β,center
1.9000000000000001,2,0.21221323429488298,7573676,II,α&β,center
2,2.1,0.21905350910631183,8574654,II,α&β,center
2.1,2.2,0.20566949650178348,8931495,II,α&β,center
2.2,2.3000000000000003,0.21832308161966968,7842860,II,α&β,center
2.3000000000000003,2.4000000000000004,0.20011433169606707,7245599,II,α&β,center
2.4000000000000004,2.5,0.18923512993824504,5594232,II,α&β,center
2.5,2.6,0.19360615638880263,3773326,II,α&β,center
2.6,2.7,0.19088717375461706,2592910,II,α&β,center
2.7,2.8000000000000003,0.19605347911700619,2255325,II,α&β,center
2.8000000000000003,2.9000000000000004,0.20516918657306238,2453758,II,α&β,center
2.9000000000000004,3,0.20268217966419427,2777734,II,α&β,center
3,3.1,0.19309980003387567,2888890,II,α&β,center
3.1,3.2,0.18073100656587157,2778630,II,α&β,center
3.2,3.3000000000000003,0.17417599161499303,3194708,II,α&β,center
3.3000000000000003,3.4000000000000004,0.1788375422214927,3558042,II,α&β,center
3.4000000000000004,3.5,0.1894281827386644,4007695,II,α&β,center
3.5,3.6,0.19351436651626208,4340632,II,α&β,center
3.6,3.7,0.19339498944435488,4633707,II,α&β,center
3.7,3.8000000000000003,0.19715753834083602,4939212,II,α&β,center
3.8000000000000003,3.9000000000000004,0.1910583505305372,4851287,II,α&β,center
3.9000000000000004,4,0.1851795769803216,4716612,II,α&β,center
4,4.1000000000000005,0.17805341393928883,3926422,II,α&β,center
4.1000000000000005,4.2,0.1851275616981478,3176353,II,α&β,center
4.2,4.3,0.16505990342817442,2558762,II,α&β,center
4.3,4.4,0.16825198124536606,2183545,II,α&β,center
4.4,4.5,0.17997398471289022,1703582,II,α&β,center
4.5,4.6000000000000005,0.1695498722636519,1335885,II,α&β,center
4.6000000000000005,4.7,0.16771480739273706,1259207,II,α&β,center
4.7,4.800000000000001,0.15922065214372522,1335926,II,α&β,center
4.800000000000001,4.9,0.15369323999534837,1331774,II,α&β,center
4.9,5,0.14202764532444317,1263906,II,α&β,center
0,0.1,0.3835397562645349,4550230,II,β,arm
0.1,0.2,0.34183319332493395,1495385,II,β,arm
0.2,0.30000000000000004,0.3436018013820038,1139387,II,β,arm
0.30000000000000004,0.4,0.3418972634169931,747530,II,β,arm
0.4,0.5,0.3264423906041971,795261,II,β,arm
0.5,0.6000000000000001,0.31738233777429875,770685,II,β,arm
0.6000000000000001,0.7000000000000001,0.30523362684851535,733470,II,β,arm
0.7000000000000001,0.8,0.28493200535904883,785753,II,β,arm
0.8,0.9,0.27792419482215036,745666,II,β,arm
0.9,1,0.2668258537976402,783053,II,β,arm
1,1.1,0.2544417120438059,760205,II,β,arm
1.1,1.2000000000000002,0.26352691605478157,613898,II,β,arm
1.2000000000000002,1.3,0.26243020201751205,558037,II,β,arm
1.3,1.4000000000000001,0.2534705919248566,549756,II,β,arm
1.4000000000000001,1.5,0.2466483007719925,530538,II,β,arm
1.5,1.6,0.24898533652936206,484860,II,β,arm
1.6,1.7000000000000002,0.24130844104564841,536294,II,β,arm
1.7000000000000002,1.8,0.23974418267096406,519802,II,β,arm
1.8,1.9000000000000001,0.23057873046657384,523293,II,β,arm
1.9000000000000001,2,0.224329658214934,499028,II,β,arm
2,2.1,0.2188506255249515,469414,II,β,arm
2.1,2.2,0.21878441083378405,518326,II,β,arm
2.2,2.3000000000000003,0.21312876514019122,566242,II,β,arm
2.3000000000000003,2.4000000000000004,0.2084939792318458,542941,II,β,arm
2.4000000000000004,2.5,0.20691765888285402,561327,II,β,arm
2.5,2.6,0.2091621036860742,540130,II,β,arm
2.6,2.7,0.20561082332188013,605803,II,β,arm
2.7,2.8000000000000003,0.20194432253491257,553442,II,β,arm
2.8000000000000003,2.9000000000000004,0.2049638606324811,586765,II,β,arm
2.9000000000000004,3,0.20351115350325227,588650,II,β,arm
3,3.1,0.20018800174353985,566910,II,β,arm
3.1,3.2,0.19599598177024044,589421,II,β,arm
3.2,3.3000000000000003,0.19932208949747118,672001,II,β,arm
3.3000000000000003,3.4000000000000004,0.196256855867956,704494,II,β,arm
3.4000000000000004,3.5,0.19489785212624194,677440,II,β,arm
3.5,3.6,0.17343955407976266,711848,II,β,arm
3.6,3.7,0.1772045244083573,519306,II,β,arm
3.7,3.8000000000000003,0.17192387098953119,498638,II,β,arm
3.8000000000000003,3.9000000000000004,0.1720031623904087,481099,II,β,arm
3.9000000000000004,4,0.16118649744307542,523033,II,β,arm
4,4.1000000000000005,0.147981060171719,529428,II,β,arm
4.1000000000000005,4.2,0.14293463732824827,506731,II,β,arm
4.2,4.3,0.14305731378451728,514647,II,β,arm
4.3,4.4,0.13838700622019806,537398,II,β,arm
4.4,4.5,0.1408771292461083,513902,II,β,arm
4.5,4.6000000000000005,0.1409907066378481,472692,II,β,arm
4.6000000000000005,4.7,0.13056348159617304,440810,II,β,arm
4.7,4.800000000000001,0.12713372180251828,462204,II,β,arm
4.800000000000001,4.9,0.11799830708654001,480207,II,β,arm
4.9,5,0.11607829230702271,455239,II,β,arm
0,0.1,0.54546654996602,18645248,II,β,arm&center
0.1,0.2,0.48249067698275966,14033120,II,β,arm&center
0.2,0.30000000000000004,0.41746519149657857,11750324,II,β,arm&center
0.30000000000000004,0.4,0.35768794518009145,9634134,II,β,arm&center
0.4,0.5,0.2878593638995834,7295810,II,β,arm&center
0.5,0.6000000000000001,0.31605655467329014,4443619,II,β,arm&center
0.6000000000000001,0.7000000000000001,0.33882656715242904,4732074,II,β,arm&center
0.7000000000000001,0.8,0.3270042297032079,4984638,II,β,arm&center
0.8,0.9,0.3344075488351645,5122563,II,β,arm&center
0.9,1,0.3286869542281636,5211882,II,β,arm&center
1,1.1,0.31495847656386405,5544789,II,β,arm&center
1.1,1.2000000000000002,0.29002471373336,4780876,II,β,arm&center
1.2000000000000002,1.3,0.28045345894965484,4170686,II,β,arm&center
1.3,1.4000000000000001,0.2667770936919863,3731387,II,β,arm&center
1.4000000000000001,1.5,0.2619391469204549,3447633,II,β,arm&center
1.5,1.6,0.26695253787218026,2894434,II,β,arm&center
1.6,1.7000000000000002,0.2822150617396028,2758264,II,β,arm&center
1.7000000000000002,1.8,0.2656953609946498,3216831,II,β,arm&center
1.8,1.9000000000000001,0.2743969738954239,3777601,II,β,arm&center
1.9000000000000001,2,0.31126735740906264,4797956,II,β,arm&center
2,2.1,0.32404691657845414,5513356,II,β,arm&center
2.1,2.2,0.31168793675650086,6014722,II,β,arm&center
2.2,2.3000000000000003,0.3187535756234271,5449441,II,β,arm&center
2.3000000000000003,2.4000000000000004,0.2711906604394253,5132573,II,β,arm&center
2.4000000000000004,2.5,0.2459689838320037,4138830,II,β,arm&center
2.5,2.6,0.23147893474354675,3075236,II,β,arm&center
2.6,2.7,0.22397695921070673,2153301,II,β,arm&center
2.7,2.8000000000000003,0.23697128866229203,1982917,II,β,arm&center
2.8000000000000003,2.9000000000000004,0.250363093770824,2116463,II,β,arm&center
2.9000000000000004,3,0.2559629136731229,2318664,II,β,arm&center
3,3.1,0.2375330164229373,2427886,II,β,arm&center
3.1,3.2,0.24410302637922734,2426478,II,β,arm&center
3.2,3.3000000000000003,0.23675796863115453,2657332,II,β,arm&center
3.3000000000000003,3.4000000000000004,0.23530288010449144,2748933,II,β,arm&center
3.4000000000000004,3.5,0.23708761099104994,2930427,II,β,arm&center
3.5,3.6,0.24002898236062734,3100281,II,β,arm&center
3.6,3.7,0.2268707771896567,3081282,II,β,arm&center
3.7,3.8000000000000003,0.21408499687920718,3244046,II,β,arm&center
3.8000000000000003,3.9000000000000004,0.21114216525492704,3251883,II,β,arm&center
3.9000000000000004,4,0.21274569294463022,3165319,II,β,arm&center
4,4.1000000000000005,0.19759524615686197,2831471,II,β,arm&center
4.1000000000000005,4.2,0.20592073412637596,2768269,II,β,arm&center
4.2,4.3,0.19087123661949637,2806303,II,β,arm&center
4.3,4.4,0.19287463153403714,2620237,II,β,arm&center
4.4,4.5,0.19132809617381652,2446644,II,β,arm&center
4.5,4.6000000000000005,0.17803580190128235,2341454,II,β,arm&center
4.6000000000000005,4.7,0.17714509675791407,2155154,II,β,arm&center
4.7,4.800000000000001,0.1730597631344159,1885452,II,β,arm&center
4.800000000000001,4.9,0.17421044117691656,1720081,II,β,arm&center
4.9,5,0.16983329926839624,1688078,II,β,arm&center
0,0.1,0.5619947010319275,27756283,II,β,center
0.1,0.2,0.4891064936039849,21982844,II,β,center
0.2,0.30000000000000004,0.42129419494253145,18418515,II,β,center
0.30000000000000004,0.4,0.3587535296574827,15152108,II,β,center
0.4,0.5,0.2866838632479514,11283692,II,β,center
0.5,0.6000000000000001,0.31721474792333426,6582465,II,β,center
0.6000000000000001,0.7000000000000001,0.3437191264802438,7033826,II,β,center
0.7000000000000001,0.8,0.3322596404144303,7410557,II,β,center
0.8,0.9,0.3404944509756072,7709893,II,β,center
0.9,1,0.3343512669932117,7866355,II,β,center
1,1.1,0.31944634535862454,8395097,II,β,center
1.1,1.2000000000000002,0.29145474303143326,7236452,II,β,center
1.2000000000000002,1.3,0.28094466554167397,6209954,II,β,center
1.3,1.4000000000000001,0.2669649725978665,5492683,II,β,center
1.4000000000000001,1.5,0.26146429929787945,4981543,II,β,center
1.5,1.6,0.26840108567894566,4143868,II,β,center
1.6,1.7000000000000002,0.28710308101058446,3887409,II,β,center
1.7000000000000002,1.8,0.2682339470379957,4633406,II,β,center
1.8,1.9000000000000001,0.27892332215489685,5537369,II,β,center
1.9000000000000001,2,0.31848669261382734,7124254,II,β,center
2,2.1,0.33486886760137263,7912219,II,β,center
2.1,2.2,0.326782069997733,8275668,II,β,center
2.2,2.3000000000000003,0.33999086338883666,7281719,II,β,center
2.3000000000000003,2.4000000000000004,0.2833884020639402,6799159,II,β,center
2.4000000000000004,2.5,0.2537744171663069,5217288,II,β,center
2.5,2.6,0.23857228816976553,3428855,II,β,center
2.6,2.7,0.22597078254669814,2217561,II,β,center
2.7,2.8000000000000003,0.2488144425208873,1975962,II,β,center
2.8000000000000003,2.9000000000000004,0.2684840207746573,2207657,II,β,center
2.9000000000000004,3,0.2717666826749795,2531508,II,β,center
3,3.1,0.24544217287187306,2721789,II,β,center
3.1,3.2,0.25100288591400266,2721061,II,β,center
3.2,3.3000000000000003,0.2379970139823289,3128446,II,β,center
3.3000000000000003,3.4000000000000004,0.23230945307493034,3268072,II,β,center
3.4000000000000004,3.5,0.23338019357982945,3560620,II,β,center
3.5,3.6,0.24463883878276171,3755844,II,β,center
3.6,3.7,0.23067518584519917,3846337,II,β,center
3.7,3.8000000000000003,0.218585688673707,4054493,II,β,center
3.8000000000000003,3.9000000000000004,0.21772016887639276,4052815,II,β,center
3.9000000000000004,4,0.2219125894643623,3940697,II,β,center
4,4.1000000000000005,0.20608771295667977,3186968,II,β,center
4.1000000000000005,4.2,0.22109297458018326,2618227,II,β,center
4.2,4.3,0.19601735818890995,2277919,II,β,center
4.3,4.4,0.19560599386656383,1942552,II,β,center
4.4,4.5,0.20088996611654203,1467530,II,β,center
4.5,4.6000000000000005,0.18880339801895765,1153871,II,β,center
4.6000000000000005,4.7,0.20111337173194938,1086944,II,β,center
4.7,4.800000000000001,0.2004614998100815,1134949,II,β,center
4.800000000000001,4.9,0.20571602224784402,1154134,II,β,center
4.9,5,0.1987475047179191,1094941,II,β,center
0,0.1,0.6435389746045066,1853582,III,α,arm
0.1,0.2,0.6037302663460583,1190546,III,α,arm
0.2,0.30000000000000004,0.5724364334855203,996326,III,α,arm
0.30000000000000004,0.4,0.5193544220145535,907438,III,α,arm
0.4,0.5,0.4931158579792157,783499,III,α,arm
0.5,0.6000000000000001,0.4816684936434995,770664,III,α,arm
0.6000000000000001,0.7000000000000001,0.4647978963193725,761761,III,α,arm
0.7000000000000001,0.8,0.4455768749081394,741068,III,α,arm
0.8,0.9,0.42901651251530437,697957,III,α,arm
0.9,1,0.4074403426472838,726288,III,α,arm
1,1.1,0.3956358337632285,707007,III,α,arm
1.1,1.2000000000000002,0.39309693338150387,710503,III,α,arm
1.2000000000000002,1.3,0.36515010583656765,680651,III,α,arm
1.3,1.4000000000000001,0.33898435693037554,683392,III,α,arm
1.4000000000000001,1.5,0.32526651253997985,654214,III,α,arm
1.5,1.6,0.32484941273851903,572518,III,α,arm
1.6,1.7000000000000002,0.3315459698485275,516897,III,α,arm
1.7000000000000002,1.8,0.32695507903190646,498244,III,α,arm
1.8,1.9000000000000001,0.3149583753600011,494964,III,α,arm
1.9000000000000001,2,0.31807064000237717,480643,III,α,arm
2,2.1,0.2995173226820658,557295,III,α,arm
2.1,2.2,0.29652356282603437,485483,III,α,arm
2.2,2.3000000000000003,0.2844852917270989,492004,III,α,arm
2.3000000000000003,2.4000000000000004,0.28931616464344906,479585,III,α,arm
2.4000000000000004,2.5,0.2994724529211747,467813,III,α,arm
2.5,2.6,0.3164903080346722,533135,III,α,arm
2.6,2.7,0.33047475614756605,574613,III,α,arm
2.7,2.8000000000000003,0.30802626787721055,558022,III,α,arm
2.8000000000000003,2.9000000000000004,0.3027124019063189,573406,III,α,arm
2.9000000000000004,3,0.28317355133049593,568785,III,α,arm
3,3.1,0.275032754489637,512525,III,α,arm
3.1,3.2,0.2835049063889493,486740,III,α,arm
3.2,3.3000000000000003,0.2814113959994518,490346,III,α,arm
3.3000000000000003,3.4000000000000004,0.27169652394486105,535111,III,α,arm
3.4000000000000004,3.5,0.255586701611394,580880,III,α,arm
3.5,3.6,0.2396572316885063,586032,III,α,arm
3.6,3.7,0.22568362092487881,574559,III,α,arm
3.7,3.8000000000000003,0.2225797313984201,539645,III,α,arm
3.8000000000000003,3.9000000000000004,0.21366137649046502,513776,III,α,arm
3.9000000000000004,4,0.22049587874886914,510299,III,α,arm
4,4.1000000000000005,0.22035732011704948,521818,III,α,arm
4.1000000000000005,4.2,0.21306754390319663,512747,III,α,arm
4.2,4.3,0.21791687236494572,543954,III,α,arm
4.3,4.4,0.22433932665127568,523940,III,α,arm
4.4,4.5,0.2132602788269983,510208,III,α,arm
4.5,4.6000000000000005,0.19915859207456466,549752,III,α,arm
4.6000000000000005,4.7,0.1870846547507616,563583,III,α,arm
4.7,4.800000000000001,0.17815774635219334,521309,III,α,arm
4.800000000000001,4.9,0.17607246323238362,528985,III,α,arm
4.9,5,0.1733512526250625,505551,III,α,arm
0,0.1,0.4922171015367278,74404417,III,α,arm&center
0.1,0.2,0.5129232613795367,7571563,III,α,arm&center
0.2,0.30000000000000004,0.5022647596422442,6917558,III,α,arm&center
0.30000000000000004,0.4,0.4792821484432686,8098627,III,α,arm&center
0.4,0.5,0.4698651774869737,7172146,III,α,arm&center
0.5,0.6000000000000001,0.4572306896603563,3344039,III,α,arm&center
0.6000000000000001,0.7000000000000001,0.44571489573242856,2227145,III,α,arm&center
0.7000000000000001,0.8,0.4450619770134392,3201715,III,α,arm&center
0.8,0.9,0.4257615901612307,2203412,III,α,arm&center
0.9,1,0.4058855953224359,1671742,III,α,arm&center
1,1.1,0.35080466564912444,911089,III,α,arm&center
1.1,1.2000000000000002,0.36656965463529706,783852,III,α,arm&center
1.2000000000000002,1.3,0.3741910547127717,929949,III,α,arm&center
1.3,1.4000000000000001,0.3985658827806172,870372,III,α,arm&center
1.4000000000000001,1.5,0.41389406771025644,1227319,III,α,arm&center
1.5,1.6,0.40784552237450106,1228916,III,α,arm&center
1.6,1.7000000000000002,0.41279854285334594,1050841,III,α,arm&center
1.7000000000000002,1.8,0.3897755290920493,1074430,III,α,arm&center
1.8,1.9000000000000001,0.38128047022058414,904194,III,α,arm&center
1.9000000000000001,2,0.3458140831961055,1153641,III,α,arm&center
2,2.1,0.37116861551605407,3034086,III,α,arm&center
2.1,2.2,0.3913274742467183,2333744,III,α,arm&center
2.2,2.3000000000000003,0.3069185868164116,1442535,III,α,arm&center
2.3000000000000003,2.4000000000000004,0.31432424187613184,1806964,III,α,arm&center
2.4000000000000004,2.5,0.3247830711969074,1481326,III,α,arm&center
2.5,2.6,0.32671300912371143,1447407,III,α,arm&center
2.6,2.7,0.36836633257286944,911948,III,α,arm&center
2.7,2.8000000000000003,0.3807039936563957,1166671,III,α,arm&center
2.8000000000000003,2.9000000000000004,0.335638466994788,867377,III,α,arm&center
2.9000000000000004,3,0.33868663440757363,995658,III,α,arm&center
3,3.1,0.3243174992677485,1350372,III,α,arm&center
3.1,3.2,0.31760879058715835,1135750,III,α,arm&center
3.2,3.3000000000000003,0.3197886057047426,969047,III,α,arm&center
3.3000000000000003,3.4000000000000004,0.2908696897427515,1468111,III,α,arm&center
3.4000000000000004,3.5,0.2886248691231885,1495449,III,α,arm&center
3.5,3.6,0.29706641690945995,1555626,III,α,arm&center
3.6,3.7,0.26724030730034426,1419875,III,α,arm&center
3.7,3.8000000000000003,0.27660228347549,1559637,III,α,arm&center
3.8000000000000003,3.9000000000000004,0.27630288937063335,1252920,III,α,arm&center
3.9000000000000004,4,0.3016687874644213,1177650,III,α,arm&center
4,4.1000000000000005,0.23881790810593076,918488,III,α,arm&center
4.1000000000000005,4.2,0.21568051682787343,704358,III,α,arm&center
4.2,4.3,0.21382177673109698,557078,III,α,arm&center
4.3,4.4,0.24476653626316577,858926,III,α,arm&center
4.4,4.5,0.24200085370218508,781762,III,α,arm&center
4.5,4.6000000000000005,0.27200504584378404,910937,III,α,arm&center
4.6000000000000005,4.7,0.28043120664127075,858708,III,α,arm&center
4.7,4.800000000000001,0.28580987065468805,963635,III,α,arm&center
4.800000000000001,4.9,0.2636637135255758,747567,III,α,arm&center
4.9,5,0.23940534490089677,742648,III,α,arm&center
0,0.1,0.49047873678900583,131639978,III,α,center
0.1,0.2,0.5048435871878788,12547719,III,α,center
0.2,0.30000000000000004,0.49643273132451904,11527410,III,α,center
0.30000000000000004,0.4,0.4754867779205209,13677293,III,α,center
0.4,0.5,0.46391455807015897,12052879,III,α,center
0.5,0.6000000000000001,0.44294860475104797,5203104,III,α,center
0.6000000000000001,0.7000000000000001,0.4294800343038835,3246786,III,α,center
0.7000000000000001,0.8,0.43785136377153333,4620195,III,α,center
0.8,0.9,0.25880553403603257,380937,III,α,center
0.9,1,0.24989104052971933,253266,III,α,center
1,1.1,0.23951627171200598,177089,III,α,center
1.1,1.2000000000000002,0.2640610376274066,104342,III,α,center
1.2000000000000002,1.3,0.32298002929887626,60508,III,α,center
1.3,1.4000000000000001,0.29704664205836623,21030,III,α,center
1.4000000000000001,1.5,0.27717347144717697,13371,III,α,center
1.5,1.6,0.5403865283528897,3359,III,α,center
1.6,1.7000000000000002,NA,0,III,α,center
1.7000000000000002,1.8,NA,0,III,α,center
1.8,1.9000000000000001,NA,0,III,α,center
1.9000000000000001,2,NA,0,III,α,center
2,2.1,NA,0,III,α,center
2.1,2.2,NA,0,III,α,center
2.2,2.3000000000000003,NA,0,III,α,center
2.3000000000000003,2.4000000000000004,NA,0,III,α,center
2.4000000000000004,2.5,NA,0,III,α,center
2.5,2.6,NA,0,III,α,center
2.6,2.7,NA,0,III,α,center
2.7,2.8000000000000003,NA,0,III,α,center
2.8000000000000003,2.9000000000000004,NA,0,III,α,center
2.9000000000000004,3,NA,0,III,α,center
3,3.1,NA,0,III,α,center
3.1,3.2,NA,0,III,α,center
3.2,3.3000000000000003,NA,0,III,α,center
3.3000000000000003,3.4000000000000004,NA,0,III,α,center
3.4000000000000004,3.5,NA,0,III,α,center
3.5,3.6,NA,0,III,α,center
3.6,3.7,NA,0,III,α,center
3.7,3.8000000000000003,NA,0,III,α,center
3.8000000000000003,3.9000000000000004,NA,0,III,α,center
3.9000000000000004,4,NA,0,III,α,center
4,4.1000000000000005,NA,0,III,α,center
4.1000000000000005,4.2,NA,0,III,α,center
4.2,4.3,NA,0,III,α,center
4.3,4.4,NA,0,III,α,center
4.4,4.5,NA,0,III,α,center
4.5,4.6000000000000005,NA,0,III,α,center
4.6000000000000005,4.7,NA,0,III,α,center
4.7,4.800000000000001,NA,0,III,α,center
4.800000000000001,4.9,NA,0,III,α,center
4.9,5,NA,0,III,α,center
0,0.1,0.4451365290384154,2375595,III,α&β,arm
0.1,0.2,0.3719407456511652,1699142,III,α&β,arm
0.2,0.30000000000000004,0.3381140549624733,1461648,III,α&β,arm
0.30000000000000004,0.4,0.3181263891536796,1274666,III,α&β,arm
0.4,0.5,0.2947135039077151,1151208,III,α&β,arm
0.5,0.6000000000000001,0.29518886857097504,1122541,III,α&β,arm
0.6000000000000001,0.7000000000000001,0.28376831485438236,1106451,III,α&β,arm
0.7000000000000001,0.8,0.2609952750348823,1106219,III,α&β,arm
0.8,0.9,0.25802814190997,1078701,III,α&β,arm
0.9,1,0.2546643558282112,1088853,III,α&β,arm
1,1.1,0.24774507487322628,1073891,III,α&β,arm
1.1,1.2000000000000002,0.23631709764840053,1061382,III,α&β,arm
1.2000000000000002,1.3,0.2278223820114386,993251,III,α&β,arm
1.3,1.4000000000000001,0.21874995176541148,1000113,III,α&β,arm
1.4000000000000001,1.5,0.21521867969724492,956244,III,α&β,arm
1.5,1.6,0.2175590744145612,883404,III,α&β,arm
1.6,1.7000000000000002,0.2244978224094076,818015,III,α&β,arm
1.7000000000000002,1.8,0.22345586110541588,822647,III,α&β,arm
1.8,1.9000000000000001,0.21169566051672148,817139,III,α&β,arm
1.9000000000000001,2,0.20865594692391626,807133,III,α&β,arm
2,2.1,0.18826160832022804,856782,III,α&β,arm
2.1,2.2,0.17377835260825564,752467,III,α&β,arm
2.2,2.3000000000000003,0.17170890102793496,739267,III,α&β,arm
2.3000000000000003,2.4000000000000004,0.17581604388876662,720871,III,α&β,arm
2.4000000000000004,2.5,0.17740741665625506,707477,III,α&β,arm
2.5,2.6,0.1785381944045004,789754,III,α&β,arm
2.6,2.7,0.18801065755084362,779864,III,α&β,arm
2.7,2.8000000000000003,0.18098630968461596,774219,III,α&β,arm
2.8000000000000003,2.9000000000000004,0.1704342304222874,831974,III,α&β,arm
2.9000000000000004,3,0.15993886979897928,859782,III,α&β,arm
3,3.1,0.15137755527299482,814512,III,α&β,arm
3.1,3.2,0.1435179501640223,801572,III,α&β,arm
3.2,3.3000000000000003,0.1587090416975491,804077,III,α&β,arm
3.3000000000000003,3.4000000000000004,0.16328634240539464,834037,III,α&β,arm
3.4000000000000004,3.5,0.16179763598945893,867285,III,α&β,arm
3.5,3.6,0.15810302321748082,882063,III,α&β,arm
3.6,3.7,0.14355489628395612,866753,III,α&β,arm
3.7,3.8000000000000003,0.14767437191262572,843177,III,α&β,arm
3.8000000000000003,3.9000000000000004,0.14977149132568654,825432,III,α&β,arm
3.9000000000000004,4,0.14547957721200702,802957,III,α&β,arm
4,4.1000000000000005,0.14091613214424684,805641,III,α&β,arm
4.1000000000000005,4.2,0.13003815477310837,796387,III,α&β,arm
4.2,4.3,0.1349667523121169,838419,III,α&β,arm
4.3,4.4,0.13825880232481538,830402,III,α&β,arm
4.4,4.5,0.13776341280462115,819648,III,α&β,arm
4.5,4.6000000000000005,0.13415648240787945,855529,III,α&β,arm
4.6000000000000005,4.7,0.12805931728523234,900243,III,α&β,arm
4.7,4.800000000000001,0.127094325538566,848098,III,α&β,arm
4.800000000000001,4.9,0.12372407782300149,836848,III,α&β,arm
4.9,5,0.12561031678613405,839141,III,α&β,arm
0,0.1,0.32896800206237264,76943735,III,α&β,arm&center
0.1,0.2,0.3208648987489359,7768912,III,α&β,arm&center
0.2,0.30000000000000004,0.2895263713586828,7746673,III,α&β,arm&center
0.30000000000000004,0.4,0.26303131582863165,10739563,III,α&β,arm&center
0.4,0.5,0.26843604835369395,9066719,III,α&β,arm&center
0.5,0.6000000000000001,0.25627523561916216,4908561,III,α&β,arm&center
0.6000000000000001,0.7000000000000001,0.2500075211518522,4327807,III,α&β,arm&center
0.7000000000000001,0.8,0.24745472428776202,4750029,III,α&β,arm&center
0.8,0.9,0.23777770651750954,3508674,III,α&β,arm&center
0.9,1,0.2289916423384849,3320815,III,α&β,arm&center
1,1.1,0.20685502377542986,2191885,III,α&β,arm&center
1.1,1.2000000000000002,0.20784271698651682,1751167,III,α&β,arm&center
1.2000000000000002,1.3,0.22829514344877,1383010,III,α&β,arm&center
1.3,1.4000000000000001,0.21134533046844284,1758655,III,α&β,arm&center
1.4000000000000001,1.5,0.2193261469767114,2043145,III,α&β,arm&center
1.5,1.6,0.2322893016386695,1945081,III,α&β,arm&center
1.6,1.7000000000000002,0.2400109583437247,1682345,III,α&β,arm&center
1.7000000000000002,1.8,0.2333471677312694,1452521,III,α&β,arm&center
1.8,1.9000000000000001,0.2253805521777491,1375674,III,α&β,arm&center
1.9000000000000001,2,0.21329984579321723,2022536,III,α&β,arm&center
2,2.1,0.2226121258020661,4176655,III,α&β,arm&center
2.1,2.2,0.23082621111661036,2984638,III,α&β,arm&center
2.2,2.3000000000000003,0.19708031298478243,2845491,III,α&β,arm&center
2.3000000000000003,2.4000000000000004,0.1943503104905631,3289662,III,α&β,arm&center
2.4000000000000004,2.5,0.1947280066422866,2479296,III,α&β,arm&center
2.5,2.6,0.1811301175205852,2896253,III,α&β,arm&center
2.6,2.7,0.1905303029114323,2030764,III,α&β,arm&center
2.7,2.8000000000000003,0.19281901689905787,2365039,III,α&β,arm&center
2.8000000000000003,2.9000000000000004,0.17878248398608124,2264519,III,α&β,arm&center
2.9000000000000004,3,0.1792554773729723,2475978,III,α&β,arm&center
3,3.1,0.18049305685220693,2283957,III,α&β,arm&center
3.1,3.2,0.18623105454648722,1759172,III,α&β,arm&center
3.2,3.3000000000000003,0.1810209222216331,1694330,III,α&β,arm&center
3.3000000000000003,3.4000000000000004,0.1762401847417566,2114158,III,α&β,arm&center
3.4000000000000004,3.5,0.16907796548271647,2250068,III,α&β,arm&center
3.5,3.6,0.1724411142554906,2213153,III,α&β,arm&center
3.6,3.7,0.16049157525253924,2005124,III,α&β,arm&center
3.7,3.8000000000000003,0.1658161935178156,2136264,III,α&β,arm&center
3.8000000000000003,3.9000000000000004,0.16305504979691512,1951521,III,α&β,arm&center
3.9000000000000004,4,0.16740469254210502,1820269,III,α&β,arm&center
4,4.1000000000000005,0.14731937574550535,1533722,III,α&β,arm&center
4.1000000000000005,4.2,0.13633095404411316,1314206,III,α&β,arm&center
4.2,4.3,0.1362713387634324,998294,III,α&β,arm&center
4.3,4.4,0.14602813328130704,1287099,III,α&β,arm&center
4.4,4.5,0.1490809648780795,1111401,III,α&β,arm&center
4.5,4.6000000000000005,0.1544101238237811,1495192,III,α&β,arm&center
4.6000000000000005,4.7,0.15418770011691035,1229038,III,α&β,arm&center
4.7,4.800000000000001,0.15846794506467268,1300092,III,α&β,arm&center
4.800000000000001,4.9,0.14994329784776253,1139038,III,α&β,arm&center
4.9,5,0.15591078526333635,988711,III,α&β,arm&center
0,0.1,0.32714924621041275,148627060,III,α&β,center
0.1,0.2,0.3136082318095968,13519473,III,α&β,center
0.2,0.30000000000000004,0.2825747530140972,13650175,III,α&β,center
0.30000000000000004,0.4,0.25673036884395756,19616561,III,α&β,center
0.4,0.5,0.26027847474655474,16266198,III,α&β,center
0.5,0.6000000000000001,0.23738484367047488,8076761,III,α&β,center
0.6000000000000001,0.7000000000000001,0.23057904712222643,6990525,III,α&β,center
0.7000000000000001,0.8,0.2394201254149335,6634648,III,α&β,center
0.8,0.9,0.16889628850673066,583382,III,α&β,center
0.9,1,0.18145207196105081,398478,III,α&β,center
1,1.1,0.16787890741625774,298157,III,α&β,center
1.1,1.2000000000000002,0.1754917739799426,178341,III,α&β,center
1.2000000000000002,1.3,0.18325163059422062,89285,III,α&β,center
1.3,1.4000000000000001,0.18003237482022605,37375,III,α&β,center
1.4000000000000001,1.5,0.1883710583442007,20554,III,α&β,center
1.5,1.6,0.2507507507623943,4377,III,α&β,center
1.6,1.7000000000000002,NA,0,III,α&β,center
1.7000000000000002,1.8,NA,0,III,α&β,center
1.8,1.9000000000000001,NA,0,III,α&β,center
1.9000000000000001,2,NA,0,III,α&β,center
2,2.1,NA,0,III,α&β,center
2.1,2.2,NA,0,III,α&β,center
2.2,2.3000000000000003,NA,0,III,α&β,center
2.3000000000000003,2.4000000000000004,NA,0,III,α&β,center
2.4000000000000004,2.5,NA,0,III,α&β,center
2.5,2.6,NA,0,III,α&β,center
2.6,2.7,NA,0,III,α&β,center
2.7,2.8000000000000003,NA,0,III,α&β,center
2.8000000000000003,2.9000000000000004,NA,0,III,α&β,center
2.9000000000000004,3,NA,0,III,α&β,center
3,3.1,NA,0,III,α&β,center
3.1,3.2,NA,0,III,α&β,center
3.2,3.3000000000000003,NA,0,III,α&β,center
3.3000000000000003,3.4000000000000004,NA,0,III,α&β,center
3.4000000000000004,3.5,NA,0,III,α&β,center
3.5,3.6,NA,0,III,α&β,center
3.6,3.7,NA,0,III,α&β,center
3.7,3.8000000000000003,NA,0,III,α&β,center
3.8000000000000003,3.9000000000000004,NA,0,III,α&β,center
3.9000000000000004,4,NA,0,III,α&β,center
4,4.1000000000000005,NA,0,III,α&β,center
4.1000000000000005,4.2,NA,0,III,α&β,center
4.2,4.3,NA,0,III,α&β,center
4.3,4.4,NA,0,III,α&β,center
4.4,4.5,NA,0,III,α&β,center
4.5,4.6000000000000005,NA,0,III,α&β,center
4.6000000000000005,4.7,NA,0,III,α&β,center
4.7,4.800000000000001,NA,0,III,α&β,center
4.800000000000001,4.9,NA,0,III,α&β,center
4.9,5,NA,0,III,α&β,center
0,0.1,0.6013934896118207,2006383,III,β,arm
0.1,0.2,0.5235238642441172,1419129,III,β,arm
0.2,0.30000000000000004,0.4809208422979448,1214629,III,β,arm
0.30000000000000004,0.4,0.4722662308102652,1031604,III,β,arm
0.4,0.5,0.45572474241804883,897190,III,β,arm
0.5,0.6000000000000001,0.45833860727075837,890587,III,β,arm
0.6000000000000001,0.7000000000000001,0.4580425330917267,877891,III,β,arm
0.7000000000000001,0.8,0.44443286154233164,881810,III,β,arm
0.8,0.9,0.4362812371347647,874399,III,β,arm
0.9,1,0.43581978893215323,889732,III,β,arm
1,1.1,0.41344711842589527,893083,III,β,arm
1.1,1.2000000000000002,0.3891116059818402,888894,III,β,arm
1.2000000000000002,1.3,0.3794926785903208,823933,III,β,arm
1.3,1.4000000000000001,0.37012049941894,829186,III,β,arm
1.4000000000000001,1.5,0.36076077662914574,799291,III,β,arm
1.5,1.6,0.3645742509260999,736273,III,β,arm
1.6,1.7000000000000002,0.36608817832067214,696510,III,β,arm
1.7000000000000002,1.8,0.36997267599596406,695805,III,β,arm
1.8,1.9000000000000001,0.3529120978454405,689400,III,β,arm
1.9000000000000001,2,0.3581350087440509,691578,III,β,arm
2,2.1,0.33453901243614936,718927,III,β,arm
2.1,2.2,0.30969425631280384,631461,III,β,arm
2.2,2.3000000000000003,0.30490612295999037,604013,III,β,arm
2.3000000000000003,2.4000000000000004,0.31474870382996006,600295,III,β,arm
2.4000000000000004,2.5,0.31563529768676385,574620,III,β,arm
2.5,2.6,0.3070485275533144,641109,III,β,arm
2.6,2.7,0.3051431470631946,643943,III,β,arm
2.7,2.8000000000000003,0.3134829331357359,601397,III,β,arm
2.8000000000000003,2.9000000000000004,0.29609686849504674,657529,III,β,arm
2.9000000000000004,3,0.28096843335024413,680475,III,β,arm
3,3.1,0.25969566516834647,617538,III,β,arm
3.1,3.2,0.2347984603337697,608206,III,β,arm
3.2,3.3000000000000003,0.257222186368283,620390,III,β,arm
3.3000000000000003,3.4000000000000004,0.2749887167531645,646895,III,β,arm
3.4000000000000004,3.5,0.27806166594701937,682871,III,β,arm
3.5,3.6,0.28088559834402593,707876,III,β,arm
3.6,3.7,0.2633008810276895,699288,III,β,arm
3.7,3.8000000000000003,0.26377700536475107,683217,III,β,arm
3.8000000000000003,3.9000000000000004,0.25886768906054575,663770,III,β,arm
3.9000000000000004,4,0.24418316771942833,626822,III,β,arm
4,4.1000000000000005,0.23272727797781073,633035,III,β,arm
4.1000000000000005,4.2,0.21465986509710555,611058,III,β,arm
4.2,4.3,0.21928082572014437,645758,III,β,arm
4.3,4.4,0.22305580419292362,647533,III,β,arm
4.4,4.5,0.2202635538879476,655125,III,β,arm
4.5,4.6000000000000005,0.21662340612802794,678313,III,β,arm
4.6000000000000005,4.7,0.20860821875889732,720746,III,β,arm
4.7,4.800000000000001,0.20609772879414548,697793,III,β,arm
4.800000000000001,4.9,0.19885972662031706,695056,III,β,arm
4.9,5,0.20026304385802957,707521,III,β,arm
0,0.1,0.49734781320863997,62290301,III,β,arm&center
0.1,0.2,0.4395667723510345,6821913,III,β,arm&center
0.2,0.30000000000000004,0.40684447844599814,6637398,III,β,arm&center
0.30000000000000004,0.4,0.4087245949009775,8404417,III,β,arm&center
0.4,0.5,0.3959829791373442,6337439,III,β,arm&center
0.5,0.6000000000000001,0.41944879086757314,3766352,III,β,arm&center
0.6000000000000001,0.7000000000000001,0.4747493912426672,3778260,III,β,arm&center
0.7000000000000001,0.8,0.3900515164849631,3766440,III,β,arm&center
0.8,0.9,0.3958078486884952,2674990,III,β,arm&center
0.9,1,0.38900594193030824,2853746,III,β,arm&center
1,1.1,0.3713988520467836,1960534,III,β,arm&center
1.1,1.2000000000000002,0.3742108410176988,1532884,III,β,arm&center
1.2000000000000002,1.3,0.4467241484364704,1079144,III,β,arm&center
1.3,1.4000000000000001,0.37560466620647043,1517785,III,β,arm&center
1.4000000000000001,1.5,0.38214017190886945,1655965,III,β,arm&center
1.5,1.6,0.41844325399554155,1663230,III,β,arm&center
1.6,1.7000000000000002,0.39897222719237274,1481169,III,β,arm&center
1.7000000000000002,1.8,0.3633746201425022,1160528,III,β,arm&center
1.8,1.9000000000000001,0.36848626828973713,1030687,III,β,arm&center
1.9000000000000001,2,0.38492741661113417,1828333,III,β,arm&center
2,2.1,0.4037864964813505,3712465,III,β,arm&center
2.1,2.2,0.45909229113653915,2003536,III,β,arm&center
2.2,2.3000000000000003,0.4526834655446753,2271012,III,β,arm&center
2.3000000000000003,2.4000000000000004,0.41505444748784864,2708660,III,β,arm&center
2.4000000000000004,2.5,0.39106904029209455,1855694,III,β,arm&center
2.5,2.6,0.3261107337823812,2398783,III,β,arm&center
2.6,2.7,0.3379381191564187,1710689,III,β,arm&center
2.7,2.8000000000000003,0.34246140060667196,1904691,III,β,arm&center
2.8000000000000003,2.9000000000000004,0.31894129352786765,2037935,III,β,arm&center
2.9000000000000004,3,0.3412284963377078,2300920,III,β,arm&center
3,3.1,0.3340079983310303,1878307,III,β,arm&center
3.1,3.2,0.32633468952152606,1545108,III,β,arm&center
3.2,3.3000000000000003,0.33707100633964887,1500298,III,β,arm&center
3.3000000000000003,3.4000000000000004,0.3279541301861216,1815745,III,β,arm&center
3.4000000000000004,3.5,0.30854852585369186,1806320,III,β,arm&center
3.5,3.6,0.3004653084361823,1832775,III,β,arm&center
3.6,3.7,0.2824769387212635,1840454,III,β,arm&center
3.7,3.8000000000000003,0.2718709837891617,1921651,III,β,arm&center
3.8000000000000003,3.9000000000000004,0.28956878126658087,1746416,III,β,arm&center
3.9000000000000004,4,0.27565620925281614,1663541,III,β,arm&center
4,4.1000000000000005,0.2615481199742175,1425107,III,β,arm&center
4.1000000000000005,4.2,0.2568985399618714,1204503,III,β,arm&center
4.2,4.3,0.24484628807212575,894631,III,β,arm&center
4.3,4.4,0.26289742095565793,1149309,III,β,arm&center
4.4,4.5,0.2669360440760538,919684,III,β,arm&center
4.5,4.6000000000000005,0.27331846519813957,1392715,III,β,arm&center
4.6000000000000005,4.7,0.2689158603822695,1118553,III,β,arm&center
4.7,4.800000000000001,0.25264045376630484,1182471,III,β,arm&center
4.800000000000001,4.9,0.25573550980686105,1022944,III,β,arm&center
4.9,5,0.25616639023918886,874387,III,β,arm&center
0,0.1,0.4959364551944947,123194262,III,β,center
0.1,0.2,0.42642847058143496,12165838,III,β,center
0.2,0.30000000000000004,0.39466902706826623,11975250,III,β,center
0.30000000000000004,0.4,0.39825687480401667,15692360,III,β,center
0.4,0.5,0.3764043337469991,11544808,III,β,center
0.5,0.6000000000000001,0.38253458274182517,6292063,III,β,center
0.6000000000000001,0.7000000000000001,0.4498332226777394,6314553,III,β,center
0.7000000000000001,0.8,0.3517639728610777,5168390,III,β,center
0.8,0.9,0.364031226870857,460372,III,β,center
0.9,1,0.41134441469008387,309954,III,β,center
1,1.1,0.3782674226355909,238588,III,β,center
1.1,1.2000000000000002,0.3860049942529944,146416,III,β,center
1.2000000000000002,1.3,0.3574892775063666,66669,III,β,center
1.3,1.4000000000000001,0.395157334852684,27979,III,β,center
1.4000000000000001,1.5,0.3583760139461811,17175,III,β,center
1.5,1.6,0.3288749967995521,3919,III,β,center
1.6,1.7000000000000002,NA,0,III,β,center
1.7000000000000002,1.8,NA,0,III,β,center
1.8,1.9000000000000001,NA,0,III,β,center
1.9000000000000001,2,NA,0,III,β,center
2,2.1,NA,0,III,β,center
2.1,2.2,NA,0,III,β,center
2.2,2.3000000000000003,NA,0,III,β,center
2.3000000000000003,2.4000000000000004,NA,0,III,β,center
2.4000000000000004,2.5,NA,0,III,β,center
2.5,2.6,NA,0,III,β,center
2.6,2.7,NA,0,III,β,center
2.7,2.8000000000000003,NA,0,III,β,center
2.8000000000000003,2.9000000000000004,NA,0,III,β,center
2.9000000000000004,3,NA,0,III,β,center
3,3.1,NA,0,III,β,center
3.1,3.2,NA,0,III,β,center
3.2,3.3000000000000003,NA,0,III,β,center
3.3000000000000003,3.4000000000000004,NA,0,III,β,center
3.4000000000000004,3.5,NA,0,III,β,center
3.5,3.6,NA,0,III,β,center
3.6,3.7,NA,0,III,β,center
3.7,3.8000000000000003,NA,0,III,β,center
3.8000000000000003,3.9000000000000004,NA,0,III,β,center
3.9000000000000004,4,NA,0,III,β,center
4,4.1000000000000005,NA,0,III,β,center
4.1000000000000005,4.2,NA,0,III,β,center
4.2,4.3,NA,0,III,β,center
4.3,4.4,NA,0,III,β,center
4.4,4.5,NA,0,III,β,center
4.5,4.6000000000000005,NA,0,III,β,center
4.6000000000000005,4.7,NA,0,III,β,center
4.7,4.800000000000001,NA,0,III,β,center
4.800000000000001,4.9,NA,0,III,β,center
4.9,5,NA,0,III,β,center
0,0.1,0.7560591093020845,2174958,IV,α,arm
0.1,0.2,0.5564806075199017,951254,IV,α,arm
0.2,0.30000000000000004,0.5216964791813515,813712,IV,α,arm
0.30000000000000004,0.4,0.5136758329762048,751875,IV,α,arm
0.4,0.5,0.5175842639436414,668115,IV,α,arm
0.5,0.6000000000000001,0.5109689740948451,572742,IV,α,arm
0.6000000000000001,0.7000000000000001,0.479174692104687,585081,IV,α,arm
0.7000000000000001,0.8,0.4471576786961246,599264,IV,α,arm
0.8,0.9,0.42068397223453896,548232,IV,α,arm
0.9,1,0.3975607530158578,461614,IV,α,arm
1,1.1,0.39770207404189767,441087,IV,α,arm
1.1,1.2000000000000002,0.38878528897136255,491615,IV,α,arm
1.2000000000000002,1.3,0.3806822403876631,392503,IV,α,arm
1.3,1.4000000000000001,0.3484394551624453,341995,IV,α,arm
1.4000000000000001,1.5,0.32161623120721944,346455,IV,α,arm
1.5,1.6,0.29360728328761515,360370,IV,α,arm
1.6,1.7000000000000002,0.296278712820914,377926,IV,α,arm
1.7000000000000002,1.8,0.30357932312001823,365840,IV,α,arm
1.8,1.9000000000000001,0.3082805206981729,392483,IV,α,arm
1.9000000000000001,2,0.3028158367074294,399868,IV,α,arm
2,2.1,0.2933041370892914,377612,IV,α,arm
2.1,2.2,0.29126310143313544,407506,IV,α,arm
2.2,2.3000000000000003,0.28089616360753844,394579,IV,α,arm
2.3000000000000003,2.4000000000000004,0.2752614030299616,411350,IV,α,arm
2.4000000000000004,2.5,0.2581108707894041,393850,IV,α,arm
2.5,2.6,0.27423213999670415,425016,IV,α,arm
2.6,2.7,0.3012436769073262,473729,IV,α,arm
2.7,2.8000000000000003,0.31862665399703016,502378,IV,α,arm
2.8000000000000003,2.9000000000000004,0.33789605673886375,545796,IV,α,arm
2.9000000000000004,3,0.295412482630185,480465,IV,α,arm
3,3.1,0.29376388702023515,435685,IV,α,arm
3.1,3.2,0.31552473816149945,447824,IV,α,arm
3.2,3.3000000000000003,0.29077891854786947,406700,IV,α,arm
3.3000000000000003,3.4000000000000004,0.2841760801742213,410284,IV,α,arm
3.4000000000000004,3.5,0.3017058633836544,421637,IV,α,arm
3.5,3.6,0.21937180758372674,342892,IV,α,arm
3.6,3.7,0.2633459748529199,379758,IV,α,arm
3.7,3.8000000000000003,0.2514697069604229,400241,IV,α,arm
3.8000000000000003,3.9000000000000004,0.24472667762609598,411158,IV,α,arm
3.9000000000000004,4,0.23604145236417634,406928,IV,α,arm
4,4.1000000000000005,0.22526856875176385,439761,IV,α,arm
4.1000000000000005,4.2,0.18930034010851704,451236,IV,α,arm
4.2,4.3,0.18727638382775136,425454,IV,α,arm
4.3,4.4,0.1784131873006251,430646,IV,α,arm
4.4,4.5,0.17938053902672046,440862,IV,α,arm
4.5,4.6000000000000005,0.16392739495486539,527673,IV,α,arm
4.6000000000000005,4.7,0.16122677013982903,548534,IV,α,arm
4.7,4.800000000000001,0.16993296369427704,540607,IV,α,arm
4.800000000000001,4.9,0.15332377394270263,555045,IV,α,arm
4.9,5,0.1371094838828235,570399,IV,α,arm
0,0.1,0.5052209978093214,26345396,IV,α,arm&center
0.1,0.2,0.49002080845971613,21370222,IV,α,arm&center
0.2,0.30000000000000004,0.4839721815075789,18391079,IV,α,arm&center
0.30000000000000004,0.4,0.4784765645070879,15877862,IV,α,arm&center
0.4,0.5,0.4756832148003736,12630901,IV,α,arm&center
0.5,0.6000000000000001,0.47439131848032023,9179921,IV,α,arm&center
0.6000000000000001,0.7000000000000001,0.4708271589358352,6918211,IV,α,arm&center
0.7000000000000001,0.8,0.4745508705079371,6922288,IV,α,arm&center
0.8,0.9,0.4768840738291181,7081080,IV,α,arm&center
0.9,1,0.4662156653545861,7131950,IV,α,arm&center
1,1.1,0.46054988844387346,7228357,IV,α,arm&center
1.1,1.2000000000000002,0.46198175770821337,7531500,IV,α,arm&center
1.2000000000000002,1.3,0.45566289358303197,7276132,IV,α,arm&center
1.3,1.4000000000000001,0.4419647889878371,6849860,IV,α,arm&center
1.4000000000000001,1.5,0.44109449305566617,5929279,IV,α,arm&center
1.5,1.6,0.43340758329214235,5280925,IV,α,arm&center
1.6,1.7000000000000002,0.4321752004479625,5294534,IV,α,arm&center
1.7000000000000002,1.8,0.4302780707819189,4629808,IV,α,arm&center
1.8,1.9000000000000001,0.4208871424420531,3987037,IV,α,arm&center
1.9000000000000001,2,0.4159977247767491,3557281,IV,α,arm&center
2,2.1,0.42004741352278185,3319070,IV,α,arm&center
2.1,2.2,0.41023999204346856,3041532,IV,α,arm&center
2.2,2.3000000000000003,0.40841972270723215,2693190,IV,α,arm&center
2.3000000000000003,2.4000000000000004,0.4123755499328415,2225259,IV,α,arm&center
2.4000000000000004,2.5,0.40470281304186323,1847563,IV,α,arm&center
2.5,2.6,0.39871004671914523,1830438,IV,α,arm&center
2.6,2.7,0.4010910517888116,1876897,IV,α,arm&center
2.7,2.8000000000000003,0.3973816062486306,1816928,IV,α,arm&center
2.8000000000000003,2.9000000000000004,0.3966918290726892,1644959,IV,α,arm&center
2.9000000000000004,3,0.38741738957372185,1347178,IV,α,arm&center
3,3.1,0.39556960933260465,1561306,IV,α,arm&center
3.1,3.2,0.39552748697228546,1532588,IV,α,arm&center
3.2,3.3000000000000003,0.3789686445512554,1448106,IV,α,arm&center
3.3000000000000003,3.4000000000000004,0.37758485044240875,1320208,IV,α,arm&center
3.4000000000000004,3.5,0.3782757048301304,1496352,IV,α,arm&center
3.5,3.6,0.37410876583688724,1507976,IV,α,arm&center
3.6,3.7,0.3648226747245798,952904,IV,α,arm&center
3.7,3.8000000000000003,0.36246306034194437,1129063,IV,α,arm&center
3.8000000000000003,3.9000000000000004,0.36672564031516625,1190821,IV,α,arm&center
3.9000000000000004,4,0.36537698507621863,1321603,IV,α,arm&center
4,4.1000000000000005,0.3635102647430521,1287206,IV,α,arm&center
4.1000000000000005,4.2,0.35657233347253836,1435797,IV,α,arm&center
4.2,4.3,0.360150643405417,1330585,IV,α,arm&center
4.3,4.4,0.36013478717046066,1156695,IV,α,arm&center
4.4,4.5,0.34223697026594757,1096491,IV,α,arm&center
4.5,4.6000000000000005,0.3289223509025686,964864,IV,α,arm&center
4.6000000000000005,4.7,0.32477865544637785,919306,IV,α,arm&center
4.7,4.800000000000001,0.328335075776848,804621,IV,α,arm&center
4.800000000000001,4.9,0.32487749027884155,798385,IV,α,arm&center
4.9,5,0.3159293445642138,832752,IV,α,arm&center
0,0.1,0.49814694945009713,38359365,IV,α,center
0.1,0.2,0.48905732662220125,31481755,IV,α,center
0.2,0.30000000000000004,0.4833769717123461,27095054,IV,α,center
0.30000000000000004,0.4,0.47790575301181926,23332801,IV,α,center
0.4,0.5,0.4750222521402968,18508100,IV,α,center
0.5,0.6000000000000001,0.47333030345364685,13341143,IV,α,center
0.6000000000000001,0.7000000000000001,0.47048402572402187,9880406,IV,α,center
0.7000000000000001,0.8,0.4756812250160001,9904261,IV,α,center
0.8,0.9,0.4784953852133791,10149477,IV,α,center
0.9,1,0.4678107384495218,10218829,IV,α,center
1,1.1,0.4616393021401622,10334871,IV,α,center
1.1,1.2000000000000002,0.46369497758373185,10720381,IV,α,center
1.2000000000000002,1.3,0.45682304513115596,10328420,IV,α,center
1.3,1.4000000000000001,0.4432142680118949,9647584,IV,α,center
1.4000000000000001,1.5,0.4433121634861408,8318371,IV,α,center
1.5,1.6,0.4353437534170273,7293641,IV,α,center
1.6,1.7000000000000002,0.43358099697306796,7340704,IV,α,center
1.7000000000000002,1.8,0.43332088412175773,6150668,IV,α,center
1.8,1.9000000000000001,0.42143274808836606,4703363,IV,α,center
1.9000000000000001,2,0.4162274650379005,4123039,IV,α,center
2,2.1,0.4199974401519858,3594048,IV,α,center
2.1,2.2,0.41126551950929796,2896861,IV,α,center
2.2,2.3000000000000003,0.40920290937393916,2079147,IV,α,center
2.3000000000000003,2.4000000000000004,0.41212602024404404,1067776,IV,α,center
2.4000000000000004,2.5,0.41394995044860344,868254,IV,α,center
2.5,2.6,0.396433826553447,818187,IV,α,center
2.6,2.7,0.3978866434050663,761365,IV,α,center
2.7,2.8000000000000003,0.39196383136681373,703138,IV,α,center
2.8000000000000003,2.9000000000000004,0.3951041459813451,678687,IV,α,center
2.9000000000000004,3,0.3848942869464424,587878,IV,α,center
3,3.1,0.3711185413098536,500157,IV,α,center
3.1,3.2,0.3813079157012362,411322,IV,α,center
3.2,3.3000000000000003,0.39013811744640625,309555,IV,α,center
3.3000000000000003,3.4000000000000004,0.37273288219759293,274818,IV,α,center
3.4000000000000004,3.5,0.3719259557966805,217744,IV,α,center
3.5,3.6,0.3952824847532315,146157,IV,α,center
3.6,3.7,0.3620322780981393,119746,IV,α,center
3.7,3.8000000000000003,0.3601584651351293,101260,IV,α,center
3.8000000000000003,3.9000000000000004,0.3707702361750661,69814,IV,α,center
3.9000000000000004,4,0.34826549057180434,43350,IV,α,center
4,4.1000000000000005,0.3335635212790588,8719,IV,α,center
4.1000000000000005,4.2,NA,0,IV,α,center
4.2,4.3,NA,0,IV,α,center
4.3,4.4,NA,0,IV,α,center
4.4,4.5,NA,0,IV,α,center
4.5,4.6000000000000005,NA,0,IV,α,center
4.6000000000000005,4.7,NA,0,IV,α,center
4.7,4.800000000000001,NA,0,IV,α,center
4.800000000000001,4.9,NA,0,IV,α,center
4.9,5,NA,0,IV,α,center
0,0.1,0.38914837238932637,3762446,IV,α&β,arm
0.1,0.2,0.3313261075118898,1312627,IV,α&β,arm
0.2,0.30000000000000004,0.3038912686965044,1168120,IV,α&β,arm
0.30000000000000004,0.4,0.2976353006138451,1046051,IV,α&β,arm
0.4,0.5,0.2942426226762165,967213,IV,α&β,arm
0.5,0.6000000000000001,0.28996479717693396,837338,IV,α&β,arm
0.6000000000000001,0.7000000000000001,0.2690401281941952,841454,IV,α&β,arm
0.7000000000000001,0.8,0.25246860607407506,773503,IV,α&β,arm
0.8,0.9,0.24132953418496947,808999,IV,α&β,arm
0.9,1,0.2324386774703443,727912,IV,α&β,arm
1,1.1,0.2331924332859359,725152,IV,α&β,arm
1.1,1.2000000000000002,0.23251408666028936,746173,IV,α&β,arm
1.2000000000000002,1.3,0.2450395503986222,694995,IV,α&β,arm
1.3,1.4000000000000001,0.2342642620650469,655730,IV,α&β,arm
1.4000000000000001,1.5,0.21687422469109316,609786,IV,α&β,arm
1.5,1.6,0.21539006096216576,599402,IV,α&β,arm
1.6,1.7000000000000002,0.21520479212416063,571731,IV,α&β,arm
1.7000000000000002,1.8,0.22358697284047535,571016,IV,α&β,arm
1.8,1.9000000000000001,0.2242141083137487,642403,IV,α&β,arm
1.9000000000000001,2,0.20800739334584328,688787,IV,α&β,arm
2,2.1,0.2035792725881703,667666,IV,α&β,arm
2.1,2.2,0.1961009031774729,667943,IV,α&β,arm
2.2,2.3000000000000003,0.18179883221285048,682356,IV,α&β,arm
2.3000000000000003,2.4000000000000004,0.18776838324651646,681281,IV,α&β,arm
2.4000000000000004,2.5,0.1824787809862718,695368,IV,α&β,arm
2.5,2.6,0.18770258442874638,784221,IV,α&β,arm
2.6,2.7,0.19075953589862263,833355,IV,α&β,arm
2.7,2.8000000000000003,0.18690483186975124,814604,IV,α&β,arm
2.8000000000000003,2.9000000000000004,0.18455476199476215,840363,IV,α&β,arm
2.9000000000000004,3,0.1731558407459109,722839,IV,α&β,arm
3,3.1,0.17580006312350802,697931,IV,α&β,arm
3.1,3.2,0.17998157489828256,713991,IV,α&β,arm
3.2,3.3000000000000003,0.16926759559765894,641634,IV,α&β,arm
3.3000000000000003,3.4000000000000004,0.16527680128443067,654038,IV,α&β,arm
3.4000000000000004,3.5,0.1684686670115965,672632,IV,α&β,arm
3.5,3.6,0.1461011473268696,536294,IV,α&β,arm
3.6,3.7,0.15218827851618832,572685,IV,α&β,arm
3.7,3.8000000000000003,0.1512115773459554,577270,IV,α&β,arm
3.8000000000000003,3.9000000000000004,0.15292965283638815,616214,IV,α&β,arm
3.9000000000000004,4,0.14996437088587625,601466,IV,α&β,arm
4,4.1000000000000005,0.14253790090591784,640848,IV,α&β,arm
4.1000000000000005,4.2,0.1328087032219112,643449,IV,α&β,arm
4.2,4.3,0.12774430650039031,606892,IV,α&β,arm
4.3,4.4,0.12917496330433687,606608,IV,α&β,arm
4.4,4.5,0.1245082316688154,618514,IV,α&β,arm
4.5,4.6000000000000005,0.11166216042883358,747826,IV,α&β,arm
4.6000000000000005,4.7,0.11504330894285981,801516,IV,α&β,arm
4.7,4.800000000000001,0.11471104961735999,790294,IV,α&β,arm
4.800000000000001,4.9,0.10617550913075749,812492,IV,α&β,arm
4.9,5,0.11046656823312907,874389,IV,α&β,arm
0,0.1,0.4060302745416121,26193445,IV,α&β,arm&center
0.1,0.2,0.37458200052502166,20097005,IV,α&β,arm&center
0.2,0.30000000000000004,0.3455235525869519,17072608,IV,α&β,arm&center
0.30000000000000004,0.4,0.3379625324031464,15042933,IV,α&β,arm&center
0.4,0.5,0.33030447763661164,12246613,IV,α&β,arm&center
0.5,0.6000000000000001,0.3196095930610292,9029433,IV,α&β,arm&center
0.6000000000000001,0.7000000000000001,0.33112387108330527,6565253,IV,α&β,arm&center
0.7000000000000001,0.8,0.3385248615934839,6459494,IV,α&β,arm&center
0.8,0.9,0.33669154486106917,6556980,IV,α&β,arm&center
0.9,1,0.33021710500339674,6524947,IV,α&β,arm&center
1,1.1,0.32082906604980155,6634772,IV,α&β,arm&center
1.1,1.2000000000000002,0.31049348659181486,6957409,IV,α&β,arm&center
1.2000000000000002,1.3,0.2916272977247352,6990765,IV,α&β,arm&center
1.3,1.4000000000000001,0.2709052964090659,6827840,IV,α&β,arm&center
1.4000000000000001,1.5,0.2627097378607936,6037660,IV,α&β,arm&center
1.5,1.6,0.2583572713410236,5526410,IV,α&β,arm&center
1.6,1.7000000000000002,0.24963188355225985,5731571,IV,α&β,arm&center
1.7000000000000002,1.8,0.22889593115226786,5320415,IV,α&β,arm&center
1.8,1.9000000000000001,0.22514449547081566,4530537,IV,α&β,arm&center
1.9000000000000001,2,0.22788477581168984,3926567,IV,α&β,arm&center
2,2.1,0.22982124560321565,3709487,IV,α&β,arm&center
2.1,2.2,0.21804773526699156,3495288,IV,α&β,arm&center
2.2,2.3000000000000003,0.2176671070251035,3147687,IV,α&β,arm&center
2.3000000000000003,2.4000000000000004,0.23155894555332432,2565627,IV,α&β,arm&center
2.4000000000000004,2.5,0.2360818447764823,2108539,IV,α&β,arm&center
2.5,2.6,0.22336660385616094,2129346,IV,α&β,arm&center
2.6,2.7,0.2165365337385485,2212161,IV,α&β,arm&center
2.7,2.8000000000000003,0.20763410659204745,2195630,IV,α&β,arm&center
2.8000000000000003,2.9000000000000004,0.19999626988693472,2057930,IV,α&β,arm&center
2.9000000000000004,3,0.19511885793759404,1671886,IV,α&β,arm&center
3,3.1,0.19640580190006182,1892582,IV,α&β,arm&center
3.1,3.2,0.2015105233852282,1902399,IV,α&β,arm&center
3.2,3.3000000000000003,0.21308234894465777,1812310,IV,α&β,arm&center
3.3000000000000003,3.4000000000000004,0.20991758966138988,1719408,IV,α&β,arm&center
3.4000000000000004,3.5,0.20244529462230418,2034279,IV,α&β,arm&center
3.5,3.6,0.19796006233316868,2037976,IV,α&β,arm&center
3.6,3.7,0.19383140371998334,1339024,IV,α&β,arm&center
3.7,3.8000000000000003,0.1988340014705851,1461802,IV,α&β,arm&center
3.8000000000000003,3.9000000000000004,0.20298620500561684,1530365,IV,α&β,arm&center
3.9000000000000004,4,0.1981927320480656,1622008,IV,α&β,arm&center
4,4.1000000000000005,0.19713494452779906,1552584,IV,α&β,arm&center
4.1000000000000005,4.2,0.19454481088755288,1638250,IV,α&β,arm&center
4.2,4.3,0.19690941460622477,1501873,IV,α&β,arm&center
4.3,4.4,0.19025660106808256,1327535,IV,α&β,arm&center
4.4,4.5,0.17447171109558546,1265031,IV,α&β,arm&center
4.5,4.6000000000000005,0.16878378250666853,1162204,IV,α&β,arm&center
4.6000000000000005,4.7,0.16793715782494864,1132139,IV,α&β,arm&center
4.7,4.800000000000001,0.1621350790201185,1031946,IV,α&β,arm&center
4.800000000000001,4.9,0.15857380922718506,1065188,IV,α&β,arm&center
4.9,5,0.1594003225560848,1135740,IV,α&β,arm&center
0,0.1,0.4070823437835975,42280324,IV,α&β,center
0.1,0.2,0.37592687120725066,33515196,IV,α&β,center
0.2,0.30000000000000004,0.3469830865021016,28449993,IV,α&β,center
0.30000000000000004,0.4,0.3393508143957147,25003412,IV,α&β,center
0.4,0.5,0.3318497481483239,20221898,IV,α&β,center
0.5,0.6000000000000001,0.32072646811398126,14718651,IV,α&β,center
0.6000000000000001,0.7000000000000001,0.33497330427907485,10410849,IV,α&β,center
0.7000000000000001,0.8,0.34354348853575434,10331091,IV,α&β,center
0.8,0.9,0.3430317502437762,10446770,IV,α&β,center
0.9,1,0.33583835566162096,10379908,IV,α&β,center
1,1.1,0.3254704356391174,10519847,IV,α&β,center
1.1,1.2000000000000002,0.3144563602182997,11020022,IV,α&β,center
1.2000000000000002,1.3,0.2942395304945463,11022639,IV,α&β,center
1.3,1.4000000000000001,0.2724116714477522,10704321,IV,α&β,center
1.4000000000000001,1.5,0.26459817351944354,9457567,IV,α&β,center
1.5,1.6,0.2592726197173203,8511059,IV,α&β,center
1.6,1.7000000000000002,0.24966985354583107,8916139,IV,α&β,center
1.7000000000000002,1.8,0.2274484424460898,7881927,IV,α&β,center
1.8,1.9000000000000001,0.2215777808987552,5923719,IV,α&β,center
1.9000000000000001,2,0.22293825170581777,4986636,IV,α&β,center
2,2.1,0.2285518142783155,4433966,IV,α&β,center
2.1,2.2,0.21172732443311448,3769294,IV,α&β,center
2.2,2.3000000000000003,0.20604581267318642,2791513,IV,α&β,center
2.3000000000000003,2.4000000000000004,0.2347189500386421,1348033,IV,α&β,center
2.4000000000000004,2.5,0.2691730464398003,990986,IV,α&β,center
2.5,2.6,0.2646122854552815,920928,IV,α&β,center
2.6,2.7,0.2630580038517656,886136,IV,α&β,center
2.7,2.8000000000000003,0.24469786126673657,852179,IV,α&β,center
2.8000000000000003,2.9000000000000004,0.2492494457048098,805303,IV,α&β,center
2.9000000000000004,3,0.2347576036934005,723400,IV,α&β,center
3,3.1,0.22937819285386743,647416,IV,α&β,center
3.1,3.2,0.2419461173889258,539111,IV,α&β,center
3.2,3.3000000000000003,0.24762219156214008,418547,IV,α&β,center
3.3000000000000003,3.4000000000000004,0.23802712399647452,383597,IV,α&β,center
3.4000000000000004,3.5,0.2279360877911158,330408,IV,α&β,center
3.5,3.6,0.2391241386301997,233796,IV,α&β,center
3.6,3.7,0.23026718209126665,186060,IV,α&β,center
3.7,3.8000000000000003,0.22115297753432955,156589,IV,α&β,center
3.8000000000000003,3.9000000000000004,0.2262693147588488,118136,IV,α&β,center
3.9000000000000004,4,0.20036470872288367,75435,IV,α&β,center
4,4.1000000000000005,0.16249185494393478,18675,IV,α&β,center
4.1000000000000005,4.2,NA,0,IV,α&β,center
4.2,4.3,NA,0,IV,α&β,center
4.3,4.4,NA,0,IV,α&β,center
4.4,4.5,NA,0,IV,α&β,center
4.5,4.6000000000000005,NA,0,IV,α&β,center
4.6000000000000005,4.7,NA,0,IV,α&β,center
4.7,4.800000000000001,NA,0,IV,α&β,center
4.800000000000001,4.9,NA,0,IV,α&β,center
4.9,5,NA,0,IV,α&β,center
0,0.1,0.48451137990529125,3309007,IV,β,arm
0.1,0.2,0.4049991359987418,1191533,IV,β,arm
0.2,0.30000000000000004,0.3843315815288042,1056037,IV,β,arm
0.30000000000000004,0.4,0.36834199506138093,936675,IV,β,arm
0.4,0.5,0.3592261089220953,883113,IV,β,arm
0.5,0.6000000000000001,0.35116488072424934,781712,IV,β,arm
0.6000000000000001,0.7000000000000001,0.32660441097722187,781612,IV,β,arm
0.7000000000000001,0.8,0.30861466552095906,704518,IV,β,arm
0.8,0.9,0.30981358364632333,734148,IV,β,arm
0.9,1,0.310358133684115,648708,IV,β,arm
1,1.1,0.29682461363726775,637880,IV,β,arm
1.1,1.2000000000000002,0.28372120755359814,647177,IV,β,arm
1.2000000000000002,1.3,0.30208292082398736,615606,IV,β,arm
1.3,1.4000000000000001,0.2939957476439244,603216,IV,β,arm
1.4000000000000001,1.5,0.28608969463492406,558511,IV,β,arm
1.5,1.6,0.28618882488934255,538783,IV,β,arm
1.6,1.7000000000000002,0.28200115694425565,516052,IV,β,arm
1.7000000000000002,1.8,0.2896522575470841,520801,IV,β,arm
1.8,1.9000000000000001,0.28937199492935073,590160,IV,β,arm
1.9000000000000001,2,0.273784219111384,627990,IV,β,arm
2,2.1,0.2657874982735667,617914,IV,β,arm
2.1,2.2,0.25773982530411765,611380,IV,β,arm
2.2,2.3000000000000003,0.251254394809816,614810,IV,β,arm
2.3000000000000003,2.4000000000000004,0.24591260966818854,604400,IV,β,arm
2.4000000000000004,2.5,0.23778327164555088,639733,IV,β,arm
2.5,2.6,0.24460816178246306,732394,IV,β,arm
2.6,2.7,0.24921534636068776,763941,IV,β,arm
2.7,2.8000000000000003,0.23747708464419737,743409,IV,β,arm
2.8000000000000003,2.9000000000000004,0.23366828776336881,773876,IV,β,arm
2.9000000000000004,3,0.22191642900086414,663429,IV,β,arm
3,3.1,0.2238275693673365,647603,IV,β,arm
3.1,3.2,0.22276343306696603,662698,IV,β,arm
3.2,3.3000000000000003,0.20752596010532612,597746,IV,β,arm
3.3000000000000003,3.4000000000000004,0.21421242703310597,607307,IV,β,arm
3.4000000000000004,3.5,0.2227753338958209,621787,IV,β,arm
3.5,3.6,0.19245675385996405,480420,IV,β,arm
3.6,3.7,0.1998073952288924,492295,IV,β,arm
3.7,3.8000000000000003,0.19463737104783752,496319,IV,β,arm
3.8000000000000003,3.9000000000000004,0.19810192775435423,532516,IV,β,arm
3.9000000000000004,4,0.19282431933507285,528991,IV,β,arm
4,4.1000000000000005,0.18236481059018828,550481,IV,β,arm
4.1000000000000005,4.2,0.1694399532481469,561695,IV,β,arm
4.2,4.3,0.17329438588044224,530459,IV,β,arm
4.3,4.4,0.1703367880384101,532814,IV,β,arm
4.4,4.5,0.15761366918576475,546009,IV,β,arm
4.5,4.6000000000000005,0.15214647976450385,649315,IV,β,arm
4.6000000000000005,4.7,0.15693048432976456,705719,IV,β,arm
4.7,4.800000000000001,0.15351008361200133,706559,IV,β,arm
4.800000000000001,4.9,0.14830334602108985,736993,IV,β,arm
4.9,5,0.146641564282383,794057,IV,β,arm
0,0.1,0.5777357003669193,20935729,IV,β,arm&center
0.1,0.2,0.5235809101789324,16593911,IV,β,arm&center
0.2,0.30000000000000004,0.4644653114178923,13829234,IV,β,arm&center
0.30000000000000004,0.4,0.42301587706001764,11039594,IV,β,arm&center
0.4,0.5,0.39271713046856627,8505970,IV,β,arm&center
0.5,0.6000000000000001,0.38518328686348136,6226041,IV,β,arm&center
0.6000000000000001,0.7000000000000001,0.4165216446919992,4686092,IV,β,arm&center
0.7000000000000001,0.8,0.42336883446828455,4702152,IV,β,arm&center
0.8,0.9,0.4000782979888278,4685439,IV,β,arm&center
0.9,1,0.3881150937003193,4338751,IV,β,arm&center
1,1.1,0.37519514598798,4344693,IV,β,arm&center
1.1,1.2000000000000002,0.35881114215577625,4514231,IV,β,arm&center
1.2000000000000002,1.3,0.3270159997288446,4621910,IV,β,arm&center
1.3,1.4000000000000001,0.28077016431302987,4658305,IV,β,arm&center
1.4000000000000001,1.5,0.2595451166089192,4368947,IV,β,arm&center
1.5,1.6,0.2563101607380834,4246624,IV,β,arm&center
1.6,1.7000000000000002,0.25372738274026047,4484930,IV,β,arm&center
1.7000000000000002,1.8,0.2365608581791721,4313691,IV,β,arm&center
1.8,1.9000000000000001,0.2306474408374883,3745636,IV,β,arm&center
1.9000000000000001,2,0.2291942341483128,3264674,IV,β,arm&center
2,2.1,0.22286411014715735,3020649,IV,β,arm&center
2.1,2.2,0.20477048146068272,2721350,IV,β,arm&center
2.2,2.3000000000000003,0.21192484711361667,2411753,IV,β,arm&center
2.3000000000000003,2.4000000000000004,0.23232455483816092,1961285,IV,β,arm&center
2.4000000000000004,2.5,0.23444929787753596,1707195,IV,β,arm&center
2.5,2.6,0.22039732665007294,1746931,IV,β,arm&center
2.6,2.7,0.21155835469800746,1797847,IV,β,arm&center
2.7,2.8000000000000003,0.20322364329804538,1765446,IV,β,arm&center
2.8000000000000003,2.9000000000000004,0.20185192366373902,1662578,IV,β,arm&center
2.9000000000000004,3,0.1961978258123523,1383039,IV,β,arm&center
3,3.1,0.19179672820352336,1537115,IV,β,arm&center
3.1,3.2,0.1998154865925271,1573513,IV,β,arm&center
3.2,3.3000000000000003,0.23460620516631087,1669199,IV,β,arm&center
3.3000000000000003,3.4000000000000004,0.2431034115772858,1627961,IV,β,arm&center
3.4000000000000004,3.5,0.2367609407225397,1829708,IV,β,arm&center
3.5,3.6,0.22326990916946182,1849188,IV,β,arm&center
3.6,3.7,0.21562808979459047,1184311,IV,β,arm&center
3.7,3.8000000000000003,0.21593043085635527,1222179,IV,β,arm&center
3.8000000000000003,3.9000000000000004,0.21706150878740502,1261789,IV,β,arm&center
3.9000000000000004,4,0.20651847358536382,1368957,IV,β,arm&center
4,4.1000000000000005,0.2025669096664257,1294364,IV,β,arm&center
4.1000000000000005,4.2,0.18144839583079433,1301083,IV,β,arm&center
4.2,4.3,0.18195189413068222,1169353,IV,β,arm&center
4.3,4.4,0.18971182329942998,1070801,IV,β,arm&center
4.4,4.5,0.17126667818323862,978883,IV,β,arm&center
4.5,4.6000000000000005,0.1583301753998361,897045,IV,β,arm&center
4.6000000000000005,4.7,0.16059357929635806,886285,IV,β,arm&center
4.7,4.800000000000001,0.16170774153673872,881696,IV,β,arm&center
4.800000000000001,4.9,0.16160923782582298,936936,IV,β,arm&center
4.9,5,0.15942508973986022,1002166,IV,β,arm&center
0,0.1,0.5850077076154249,35051887,IV,β,center
0.1,0.2,0.5275487951004195,28901717,IV,β,center
0.2,0.30000000000000004,0.4673423542280507,24047328,IV,β,center
0.30000000000000004,0.4,0.4249907289587354,19069499,IV,β,center
0.4,0.5,0.39362546122033676,14508131,IV,β,center
0.5,0.6000000000000001,0.3857687923293007,10420326,IV,β,center
0.6000000000000001,0.7000000000000001,0.4223417624702804,7593288,IV,β,center
0.7000000000000001,0.8,0.4308337588023106,7740165,IV,β,center
0.8,0.9,0.40626023231282987,7672087,IV,β,center
0.9,1,0.3941378205310177,7041849,IV,β,center
1,1.1,0.3804989995956325,7019736,IV,β,center
1.1,1.2000000000000002,0.3636410912062875,7300601,IV,β,center
1.2000000000000002,1.3,0.32893888205001465,7436554,IV,β,center
1.3,1.4000000000000001,0.27824319701804995,7467940,IV,β,center
1.4000000000000001,1.5,0.25594824367162294,7080969,IV,β,center
1.5,1.6,0.252212768694384,6774334,IV,β,center
1.6,1.7000000000000002,0.24971883499943776,7233123,IV,β,center
1.7000000000000002,1.8,0.22833414049247067,6626332,IV,β,center
1.8,1.9000000000000001,0.21876089704599364,5146952,IV,β,center
1.9000000000000001,2,0.21300080471351182,4303112,IV,β,center
2,2.1,0.20905996106529776,3679056,IV,β,center
2.1,2.2,0.18591205104884714,2986305,IV,β,center
2.2,2.3000000000000003,0.18462143357167624,2146035,IV,β,center
2.3000000000000003,2.4000000000000004,0.2089303075997769,989242,IV,β,center
2.4000000000000004,2.5,0.23471614741888475,714901,IV,β,center
2.5,2.6,0.2316429773050276,630670,IV,β,center
2.6,2.7,0.24937053331658468,574601,IV,β,center
2.7,2.8000000000000003,0.23961513633761988,569804,IV,β,center
2.8000000000000003,2.9000000000000004,0.24325734685854686,555809,IV,β,center
2.9000000000000004,3,0.21466959292807522,522781,IV,β,center
3,3.1,0.2267068299786883,496050,IV,β,center
3.1,3.2,0.24596218479363907,368858,IV,β,center
3.2,3.3000000000000003,0.2721638920372453,302933,IV,β,center
3.3000000000000003,3.4000000000000004,0.2603352759776661,314497,IV,β,center
3.4000000000000004,3.5,0.2501907401991549,302781,IV,β,center
3.5,3.6,0.26047654497192746,232556,IV,β,center
3.6,3.7,0.26255253401971107,169296,IV,β,center
3.7,3.8000000000000003,0.25059451079292766,140840,IV,β,center
3.8000000000000003,3.9000000000000004,0.25086405024115155,117191,IV,β,center
3.9000000000000004,4,0.23579754702705194,76267,IV,β,center
4,4.1000000000000005,0.20067626818257372,19593,IV,β,center
4.1000000000000005,4.2,NA,0,IV,β,center
4.2,4.3,NA,0,IV,β,center
4.3,4.4,NA,0,IV,β,center
4.4,4.5,NA,0,IV,β,center
4.5,4.6000000000000005,NA,0,IV,β,center
4.6000000000000005,4.7,NA,0,IV,β,center
4.7,4.800000000000001,NA,0,IV,β,center
4.800000000000001,4.9,NA,0,IV,β,center
4.9,5,NA,0,IV,β,center
0,0.1,0.5983293405798181,3157149,V,α,arm
0.1,0.2,0.6210964806618064,1322248,V,α,arm
0.2,0.30000000000000004,0.5626047880794225,1077247,V,α,arm
0.30000000000000004,0.4,0.5112291427129451,918928,V,α,arm
0.4,0.5,0.48428067335442115,890723,V,α,arm
0.5,0.6000000000000001,0.4856507842820708,883562,V,α,arm
0.6000000000000001,0.7000000000000001,0.4684562952224944,801106,V,α,arm
0.7000000000000001,0.8,0.44496693330877213,806992,V,α,arm
0.8,0.9,0.399823083634154,817380,V,α,arm
0.9,1,0.39251129193970596,760813,V,α,arm
1,1.1,0.36137214939142,855376,V,α,arm
1.1,1.2000000000000002,0.3685257164690949,804042,V,α,arm
1.2000000000000002,1.3,0.3677399757444601,717570,V,α,arm
1.3,1.4000000000000001,0.34826403846740167,732475,V,α,arm
1.4000000000000001,1.5,0.3433454249999598,700541,V,α,arm
1.5,1.6,0.32895580149996173,664520,V,α,arm
1.6,1.7000000000000002,0.3309617525821299,543929,V,α,arm
1.7000000000000002,1.8,0.3311769789427088,489288,V,α,arm
1.8,1.9000000000000001,0.32078046188025144,474808,V,α,arm
1.9000000000000001,2,0.31645639985201784,447953,V,α,arm
2,2.1,0.30385268228639334,405056,V,α,arm
2.1,2.2,0.28675835217502965,417354,V,α,arm
2.2,2.3000000000000003,0.28937492468348464,365299,V,α,arm
2.3000000000000003,2.4000000000000004,0.28050081845479613,368487,V,α,arm
2.4000000000000004,2.5,0.27197832547134415,398040,V,α,arm
2.5,2.6,0.2599534645524666,434259,V,α,arm
2.6,2.7,0.2580922382530322,449128,V,α,arm
2.7,2.8000000000000003,0.25780884450062036,446288,V,α,arm
2.8000000000000003,2.9000000000000004,0.25004410068666644,441753,V,α,arm
2.9000000000000004,3,0.23948886895593557,446247,V,α,arm
3,3.1,0.23666753091805348,458016,V,α,arm
3.1,3.2,0.24218951805774136,454824,V,α,arm
3.2,3.3000000000000003,0.23551968289767822,458700,V,α,arm
3.3000000000000003,3.4000000000000004,0.24927729372266552,458700,V,α,arm
3.4000000000000004,3.5,0.24464585571929762,526770,V,α,arm
3.5,3.6,0.24473579449360033,551564,V,α,arm
3.6,3.7,0.23410859683883917,548679,V,α,arm
3.7,3.8000000000000003,0.22437944060574105,571938,V,α,arm
3.8000000000000003,3.9000000000000004,0.22673769925293225,595143,V,α,arm
3.9000000000000004,4,0.22412638936919643,549823,V,α,arm
4,4.1000000000000005,0.22364258322209415,554162,V,α,arm
4.1000000000000005,4.2,0.22920994998687894,533380,V,α,arm
4.2,4.3,0.23292007437860324,559223,V,α,arm
4.3,4.4,0.24033435003030376,573379,V,α,arm
4.4,4.5,0.23608760879157037,542226,V,α,arm
4.5,4.6000000000000005,0.2379599074206408,546140,V,α,arm
4.6000000000000005,4.7,0.23909882500143617,526148,V,α,arm
4.7,4.800000000000001,0.23984326960036842,492535,V,α,arm
4.800000000000001,4.9,0.2244442860841754,481761,V,α,arm
4.9,5,0.21588972735551748,489117,V,α,arm
0,0.1,0.4425660751485922,25697233,V,α,arm&center
0.1,0.2,0.39307417235779585,20938734,V,α,arm&center
0.2,0.30000000000000004,0.35980151985698616,18271924,V,α,arm&center
0.30000000000000004,0.4,0.33090378836046513,15637504,V,α,arm&center
0.4,0.5,0.31742658293659654,11765351,V,α,arm&center
0.5,0.6000000000000001,0.3252331261955074,8924042,V,α,arm&center
0.6000000000000001,0.7000000000000001,0.32905578024188203,8542562,V,α,arm&center
0.7000000000000001,0.8,0.31985204145849483,7654579,V,α,arm&center
0.8,0.9,0.31555578466575845,7206361,V,α,arm&center
0.9,1,0.3143789859657509,6878952,V,α,arm&center
1,1.1,0.3179868344940191,6812895,V,α,arm&center
1.1,1.2000000000000002,0.31070078873700374,6936593,V,α,arm&center
1.2000000000000002,1.3,0.29894647874030433,7144665,V,α,arm&center
1.3,1.4000000000000001,0.287329005920816,7222686,V,α,arm&center
1.4000000000000001,1.5,0.26996741832287496,7060914,V,α,arm&center
1.5,1.6,0.2639480562769001,7416500,V,α,arm&center
1.6,1.7000000000000002,0.25024184770122115,7475316,V,α,arm&center
1.7000000000000002,1.8,0.24686834031749405,7255749,V,α,arm&center
1.8,1.9000000000000001,0.24759353723169003,7091816,V,α,arm&center
1.9000000000000001,2,0.2567151186191011,7409957,V,α,arm&center
2,2.1,0.26306973156662045,7073991,V,α,arm&center
2.1,2.2,0.25286139614847236,6462972,V,α,arm&center
2.2,2.3000000000000003,0.24185894282732404,6100640,V,α,arm&center
2.3000000000000003,2.4000000000000004,0.23356765591132997,5820236,V,α,arm&center
2.4000000000000004,2.5,0.22105260387285677,5355446,V,α,arm&center
2.5,2.6,0.2115537881209565,4945482,V,α,arm&center
2.6,2.7,0.2158356981300105,5059903,V,α,arm&center
2.7,2.8000000000000003,0.22053794201398916,4837862,V,α,arm&center
2.8000000000000003,2.9000000000000004,0.20184402707961932,4705983,V,α,arm&center
2.9000000000000004,3,0.20106080518029093,5041676,V,α,arm&center
3,3.1,0.18911485964693417,5182607,V,α,arm&center
3.1,3.2,0.1946427164986039,5263596,V,α,arm&center
3.2,3.3000000000000003,0.19338279064905659,5628964,V,α,arm&center
3.3000000000000003,3.4000000000000004,0.19328858008084043,5913291,V,α,arm&center
3.4000000000000004,3.5,0.18758226758726648,5953714,V,α,arm&center
3.5,3.6,0.18387065817186962,6203702,V,α,arm&center
3.6,3.7,0.17868611738815024,5980687,V,α,arm&center
3.7,3.8000000000000003,0.16845373597252705,5019858,V,α,arm&center
3.8000000000000003,3.9000000000000004,0.16745819486512728,4370186,V,α,arm&center
3.9000000000000004,4,0.16603596363579393,3792622,V,α,arm&center
4,4.1000000000000005,0.17186862907602496,2904719,V,α,arm&center
4.1000000000000005,4.2,0.1795951192380852,2158275,V,α,arm&center
4.2,4.3,0.17849844450014427,1974237,V,α,arm&center
4.3,4.4,0.17075464855506609,1730161,V,α,arm&center
4.4,4.5,0.1682552973901627,1619662,V,α,arm&center
4.5,4.6000000000000005,0.16351236912576017,1471882,V,α,arm&center
4.6000000000000005,4.7,0.16059400615091482,1417962,V,α,arm&center
4.7,4.800000000000001,0.16528484726043127,1467562,V,α,arm&center
4.800000000000001,4.9,0.16396786682556147,1624299,V,α,arm&center
4.9,5,0.16305208724340378,1724088,V,α,arm&center
0,0.1,0.4370007864813879,34929654,V,α,center
0.1,0.2,0.38899094913629484,28923101,V,α,center
0.2,0.30000000000000004,0.3563413930249426,25252068,V,α,center
0.30000000000000004,0.4,0.32800998929349817,21605133,V,α,center
0.4,0.5,0.31392117965470223,16142730,V,α,center
0.5,0.6000000000000001,0.32099584554693483,12152829,V,α,center
0.6000000000000001,0.7000000000000001,0.325721157070217,11631260,V,α,center
0.7000000000000001,0.8,0.31609125311591557,10382031,V,α,center
0.8,0.9,0.3125931264189164,9759129,V,α,center
0.9,1,0.31157953018109014,9336583,V,α,center
1,1.1,0.31573792554375546,9224606,V,α,center
1.1,1.2000000000000002,0.3084189997890236,9400587,V,α,center
1.2000000000000002,1.3,0.2956247357863486,9647533,V,α,center
1.3,1.4000000000000001,0.2834181095436607,9685855,V,α,center
1.4000000000000001,1.5,0.2649854616852635,9415603,V,α,center
1.5,1.6,0.258182966108627,9888011,V,α,center
1.6,1.7000000000000002,0.243796508747779,10005449,V,α,center
1.7000000000000002,1.8,0.24019777506572434,9719710,V,α,center
1.8,1.9000000000000001,0.2396342063962121,9494366,V,α,center
1.9000000000000001,2,0.2482283303897323,9942102,V,α,center
2,2.1,0.2537831373626372,9542093,V,α,center
2.1,2.2,0.2419704147006495,8675666,V,α,center
2.2,2.3000000000000003,0.23005896934968034,8122168,V,α,center
2.3000000000000003,2.4000000000000004,0.2229551818796707,7648377,V,α,center
2.4000000000000004,2.5,0.2095120514438408,6881154,V,α,center
2.5,2.6,0.19982346343155297,6213780,V,α,center
2.6,2.7,0.20548069480664494,6335415,V,α,center
2.7,2.8000000000000003,0.21257573366956428,5890092,V,α,center
2.8000000000000003,2.9000000000000004,0.19628619648874018,5436513,V,α,center
2.9000000000000004,3,0.2039888616258944,5620037,V,α,center
3,3.1,0.1970159366793399,5594751,V,α,center
3.1,3.2,0.20633983697795713,5538075,V,α,center
3.2,3.3000000000000003,0.2077413864319686,6104782,V,α,center
3.3000000000000003,3.4000000000000004,0.19834283339922168,6816094,V,α,center
3.4000000000000004,3.5,0.18884064879169454,7069679,V,α,center
3.5,3.6,0.1826559463437315,7729972,V,α,center
3.6,3.7,0.17536717700075705,7684349,V,α,center
3.7,3.8000000000000003,0.16487927507083083,6361603,V,α,center
3.8000000000000003,3.9000000000000004,0.16348812996710785,5450860,V,α,center
3.9000000000000004,4,0.16164921816007852,4621399,V,α,center
4,4.1000000000000005,0.1672602952945329,3360099,V,α,center
4.1000000000000005,4.2,0.17867379948450834,2308917,V,α,center
4.2,4.3,0.17624754688439848,2009533,V,α,center
4.3,4.4,0.16432244706939333,1670571,V,α,center
4.4,4.5,0.15996093700281938,1539100,V,α,center
4.5,4.6000000000000005,0.15034568954658453,1339952,V,α,center
4.6000000000000005,4.7,0.14712117092139618,1305393,V,α,center
4.7,4.800000000000001,0.156236141236913,1416702,V,α,center
4.800000000000001,4.9,0.1589797099442112,1538327,V,α,center
4.9,5,0.15417343242561982,1432185,V,α,center
0,0.1,0.4212605205492303,3779252,V,α&β,arm
0.1,0.2,0.3910129361181455,1741159,V,α&β,arm
0.2,0.30000000000000004,0.358519248083431,1416472,V,α&β,arm
0.30000000000000004,0.4,0.3359818705871344,1207948,V,α&β,arm
0.4,0.5,0.30950549227217294,1174277,V,α&β,arm
0.5,0.6000000000000001,0.2944232628701429,1147353,V,α&β,arm
0.6000000000000001,0.7000000000000001,0.29396547937667766,1064257,V,α&β,arm
0.7000000000000001,0.8,0.29764099162041574,1027334,V,α&β,arm
0.8,0.9,0.25987142529563745,1034481,V,α&β,arm
0.9,1,0.25426288680521447,1010326,V,α&β,arm
1,1.1,0.2322948113595222,1116166,V,α&β,arm
1.1,1.2000000000000002,0.24567972331813043,1032496,V,α&β,arm
1.2000000000000002,1.3,0.2548668961996628,938921,V,α&β,arm
1.3,1.4000000000000001,0.23917036268754252,960512,V,α&β,arm
1.4000000000000001,1.5,0.2415364549556801,917964,V,α&β,arm
1.5,1.6,0.23484439228138732,886253,V,α&β,arm
1.6,1.7000000000000002,0.2296723916602494,780998,V,α&β,arm
1.7000000000000002,1.8,0.22687418791212716,698795,V,α&β,arm
1.8,1.9000000000000001,0.21907157185217072,648506,V,α&β,arm
1.9000000000000001,2,0.21725248542368755,613207,V,α&β,arm
2,2.1,0.21200325552126023,557905,V,α&β,arm
2.1,2.2,0.20768846954858897,570345,V,α&β,arm
2.2,2.3000000000000003,0.2071639024915579,514155,V,α&β,arm
2.3000000000000003,2.4000000000000004,0.20278294578358697,508514,V,α&β,arm
2.4000000000000004,2.5,0.19848435134889134,532861,V,α&β,arm
2.5,2.6,0.19295756896140226,567971,V,α&β,arm
2.6,2.7,0.19335011164070995,577956,V,α&β,arm
2.7,2.8000000000000003,0.188535516634796,588528,V,α&β,arm
2.8000000000000003,2.9000000000000004,0.1830366738180443,581738,V,α&β,arm
2.9000000000000004,3,0.17746827370137308,588709,V,α&β,arm
3,3.1,0.17461851328951414,606093,V,α&β,arm
3.1,3.2,0.17654241718586317,596719,V,α&β,arm
3.2,3.3000000000000003,0.17022253303032794,600153,V,α&β,arm
3.3000000000000003,3.4000000000000004,0.17411466393328318,599862,V,α&β,arm
3.4000000000000004,3.5,0.16719896472341142,653907,V,α&β,arm
3.5,3.6,0.16878564179123418,681601,V,α&β,arm
3.6,3.7,0.16389916527276086,685795,V,α&β,arm
3.7,3.8000000000000003,0.16124193456833352,697918,V,α&β,arm
3.8000000000000003,3.9000000000000004,0.1587054016214189,734330,V,α&β,arm
3.9000000000000004,4,0.1529946061143402,724733,V,α&β,arm
4,4.1000000000000005,0.1586258177167848,717170,V,α&β,arm
4.1000000000000005,4.2,0.15987649402075876,693625,V,α&β,arm
4.2,4.3,0.16566258429698758,737410,V,α&β,arm
4.3,4.4,0.17162077618309132,743956,V,α&β,arm
4.4,4.5,0.16653058169155777,723625,V,α&β,arm
4.5,4.6000000000000005,0.172152603637651,737340,V,α&β,arm
4.6000000000000005,4.7,0.16601095033449292,720527,V,α&β,arm
4.7,4.800000000000001,0.16088780699876865,701396,V,α&β,arm
4.800000000000001,4.9,0.15810615920955617,682914,V,α&β,arm
4.9,5,0.161886104394764,682239,V,α&β,arm
0,0.1,0.2683123133299755,32618726,V,α&β,arm&center
0.1,0.2,0.22880912581726162,26406325,V,α&β,arm&center
0.2,0.30000000000000004,0.20845017053073733,22892739,V,α&β,arm&center
0.30000000000000004,0.4,0.19527207253942966,19336903,V,α&β,arm&center
0.4,0.5,0.18790825375169468,13815803,V,α&β,arm&center
0.5,0.6000000000000001,0.18419199152943963,10178747,V,α&β,arm&center
0.6000000000000001,0.7000000000000001,0.18646711478924916,9476269,V,α&β,arm&center
0.7000000000000001,0.8,0.18531892014382595,8306666,V,α&β,arm&center
0.8,0.9,0.1900526834662841,7842404,V,α&β,arm&center
0.9,1,0.18856003026564797,7759906,V,α&β,arm&center
1,1.1,0.1881546791549339,7836193,V,α&β,arm&center
1.1,1.2000000000000002,0.1790694839029507,8021133,V,α&β,arm&center
1.2000000000000002,1.3,0.17138209310912178,8289140,V,α&β,arm&center
1.3,1.4000000000000001,0.1622661803704436,8297763,V,α&β,arm&center
1.4000000000000001,1.5,0.15328671012063674,8038641,V,α&β,arm&center
1.5,1.6,0.15397578831150072,8292830,V,α&β,arm&center
1.6,1.7000000000000002,0.14848049410387668,8306003,V,α&β,arm&center
1.7000000000000002,1.8,0.14458055437721057,8021739,V,α&β,arm&center
1.8,1.9000000000000001,0.14426370383596787,7964765,V,α&β,arm&center
1.9000000000000001,2,0.15053607534077418,8110272,V,α&β,arm&center
2,2.1,0.15264721116168212,7914596,V,α&β,arm&center
2.1,2.2,0.14814104896340038,7457227,V,α&β,arm&center
2.2,2.3000000000000003,0.14227796012625823,7097547,V,α&β,arm&center
2.3000000000000003,2.4000000000000004,0.13594335634308893,6808321,V,α&β,arm&center
2.4000000000000004,2.5,0.1282329814459157,6351262,V,α&β,arm&center
2.5,2.6,0.12158307276495382,5834862,V,α&β,arm&center
2.6,2.7,0.1183617011030253,6031743,V,α&β,arm&center
2.7,2.8000000000000003,0.12070802795127272,5941171,V,α&β,arm&center
2.8000000000000003,2.9000000000000004,0.11819998958991329,5936220,V,α&β,arm&center
2.9000000000000004,3,0.1162758363435934,6795867,V,α&β,arm&center
3,3.1,0.10816533396431825,7439040,V,α&β,arm&center
3.1,3.2,0.10778413990369287,7793667,V,α&β,arm&center
3.2,3.3000000000000003,0.10638157913298675,8407883,V,α&β,arm&center
3.3000000000000003,3.4000000000000004,0.10540280264381362,8872423,V,α&β,arm&center
3.4000000000000004,3.5,0.10250753580179163,8696200,V,α&β,arm&center
3.5,3.6,0.10171613599822238,8822139,V,α&β,arm&center
3.6,3.7,0.09743979627577404,8314860,V,α&β,arm&center
3.7,3.8000000000000003,0.0919880214124634,6910630,V,α&β,arm&center
3.8000000000000003,3.9000000000000004,0.09044457409177102,6016071,V,α&β,arm&center
3.9000000000000004,4,0.09126183236410568,5202673,V,α&β,arm&center
4,4.1000000000000005,0.09010537659452802,3878843,V,α&β,arm&center
4.1000000000000005,4.2,0.08570400817058214,2815909,V,α&β,arm&center
4.2,4.3,0.08796151383355603,2488248,V,α&β,arm&center
4.3,4.4,0.08793548315311425,2131586,V,α&β,arm&center
4.4,4.5,0.08838611506836393,2014783,V,α&β,arm&center
4.5,4.6000000000000005,0.08777247487754475,1885840,V,α&β,arm&center
4.6000000000000005,4.7,0.08769576567908646,1856242,V,α&β,arm&center
4.7,4.800000000000001,0.08604714875122049,2006500,V,α&β,arm&center
4.800000000000001,4.9,0.08445582174310888,2235377,V,α&β,arm&center
4.9,5,0.0863721864634818,2412644,V,α&β,arm&center
0,0.1,0.26278327798525447,45015480,V,α&β,center
0.1,0.2,0.22552017794509197,36963922,V,α&β,center
0.2,0.30000000000000004,0.20551939281951537,32043144,V,α&β,center
0.30000000000000004,0.4,0.192814523465275,27039441,V,α&β,center
0.4,0.5,0.1849686731568174,19155075,V,α&β,center
0.5,0.6000000000000001,0.1804209293012942,13977614,V,α&β,center
0.6000000000000001,0.7000000000000001,0.182920783298311,12975752,V,α&β,center
0.7000000000000001,0.8,0.18097723593317488,11335807,V,α&β,center
0.8,0.9,0.18744228202713326,10693137,V,α&β,center
0.9,1,0.18578512154233884,10610653,V,α&β,center
1,1.1,0.1862153236023557,10676574,V,α&β,center
1.1,1.2000000000000002,0.17635063667228018,10970077,V,α&β,center
1.2000000000000002,1.3,0.16788559939153164,11267577,V,α&β,center
1.3,1.4000000000000001,0.15885963969304442,11153750,V,α&β,center
1.4000000000000001,1.5,0.14904169874434287,10740495,V,α&β,center
1.5,1.6,0.14938051502061217,11035219,V,α&β,center
1.6,1.7000000000000002,0.1438837437840765,11050576,V,α&β,center
1.7000000000000002,1.8,0.14065562176359842,10631665,V,α&β,center
1.8,1.9000000000000001,0.14009441169870537,10598153,V,α&β,center
1.9000000000000001,2,0.14619204472335606,10817496,V,α&β,center
2,2.1,0.14828181422407005,10602583,V,α&β,center
2.1,2.2,0.1427983855662941,9955223,V,α&β,center
2.2,2.3000000000000003,0.13691326191491393,9358446,V,α&β,center
2.3000000000000003,2.4000000000000004,0.13119719383096298,8837686,V,α&β,center
2.4000000000000004,2.5,0.12418758001381638,8036180,V,α&β,center
2.5,2.6,0.11792015714246089,7191080,V,α&β,center
2.6,2.7,0.11537212258636816,7394658,V,α&β,center
2.7,2.8000000000000003,0.11828935590772746,7096965,V,α&β,center
2.8000000000000003,2.9000000000000004,0.11786407105041519,6645979,V,α&β,center
2.9000000000000004,3,0.11849931849970272,7330877,V,α&β,center
3,3.1,0.11030807316083419,7890901,V,α&β,center
3.1,3.2,0.11099174488360536,8262663,V,α&β,center
3.2,3.3000000000000003,0.1116930759762731,9262629,V,α&β,center
3.3000000000000003,3.4000000000000004,0.10835945733076753,10345901,V,α&β,center
3.4000000000000004,3.5,0.10306138387573877,10592046,V,α&β,center
3.5,3.6,0.10093331169673449,11236453,V,α&β,center
3.6,3.7,0.09581330847066531,10851621,V,α&β,center
3.7,3.8000000000000003,0.08994197864407431,8891974,V,α&β,center
3.8000000000000003,3.9000000000000004,0.08827893053803765,7594647,V,α&β,center
3.9000000000000004,4,0.08971980531396839,6379708,V,α&β,center
4,4.1000000000000005,0.08721866005649183,4459674,V,α&β,center
4.1000000000000005,4.2,0.08132312850405468,2906480,V,α&β,center
4.2,4.3,0.08168998958952824,2386534,V,α&β,center
4.3,4.4,0.07868654826239918,1888665,V,α&β,center
4.4,4.5,0.07912018523319707,1784911,V,α&β,center
4.5,4.6000000000000005,0.07634527310222809,1626471,V,α&β,center
4.6000000000000005,4.7,0.0781137149765777,1627414,V,α&β,center
4.7,4.800000000000001,0.07852118981423073,1877641,V,α&β,center
4.800000000000001,4.9,0.0772449754681901,2051404,V,α&β,center
4.9,5,0.08049675151019056,1931663,V,α&β,center
0,0.1,0.5339424898226327,3671758,V,β,arm
0.1,0.2,0.5759140588289565,1386258,V,β,arm
0.2,0.30000000000000004,0.5288648492662715,1168464,V,β,arm
0.30000000000000004,0.4,0.5083982021592582,1035024,V,β,arm
0.4,0.5,0.4879873691491877,948104,V,β,arm
0.5,0.6000000000000001,0.4428550298843477,914471,V,β,arm
0.6000000000000001,0.7000000000000001,0.4463509655310581,893324,V,β,arm
0.7000000000000001,0.8,0.4483987116759139,858490,V,β,arm
0.8,0.9,0.3972291032454069,813594,V,β,arm
0.9,1,0.4011368967137233,800522,V,β,arm
1,1.1,0.4233397688644069,718805,V,β,arm
1.1,1.2000000000000002,0.43231936392126347,705490,V,β,arm
1.2000000000000002,1.3,0.4133561109939129,699994,V,β,arm
1.3,1.4000000000000001,0.40599974723766813,690643,V,β,arm
1.4000000000000001,1.5,0.38496550552862036,734054,V,β,arm
1.5,1.6,0.35358557622468817,717758,V,β,arm
1.6,1.7000000000000002,0.36864335402912557,624214,V,β,arm
1.7000000000000002,1.8,0.35453841363231337,546517,V,β,arm
1.8,1.9000000000000001,0.3359858107631247,511540,V,β,arm
1.9000000000000001,2,0.33194269495495254,484165,V,β,arm
2,2.1,0.3421407601640739,432851,V,β,arm
2.1,2.2,0.33000115721227496,453553,V,β,arm
2.2,2.3000000000000003,0.3359291635971994,390691,V,β,arm
2.3000000000000003,2.4000000000000004,0.33578824070095725,373669,V,β,arm
2.4000000000000004,2.5,0.32669889783599776,405958,V,β,arm
2.5,2.6,0.32095995465588045,414945,V,β,arm
2.6,2.7,0.3136408413493645,449007,V,β,arm
2.7,2.8000000000000003,0.3018025000910861,458868,V,β,arm
2.8000000000000003,2.9000000000000004,0.2971858920169377,438919,V,β,arm
2.9000000000000004,3,0.28561568149196376,450952,V,β,arm
3,3.1,0.2764230065356896,465760,V,β,arm
3.1,3.2,0.287727982895518,439118,V,β,arm
3.2,3.3000000000000003,0.27831734951803794,425254,V,β,arm
3.3000000000000003,3.4000000000000004,0.26873084776025874,455668,V,β,arm
3.4000000000000004,3.5,0.24466991132013266,507754,V,β,arm
3.5,3.6,0.2401066098112623,543110,V,β,arm
3.6,3.7,0.23428983720291335,537496,V,β,arm
3.7,3.8000000000000003,0.2329767648942073,538206,V,β,arm
3.8000000000000003,3.9000000000000004,0.23116556064738158,578404,V,β,arm
3.9000000000000004,4,0.22214602986018944,565235,V,β,arm
4,4.1000000000000005,0.23407841469511453,546038,V,β,arm
4.1000000000000005,4.2,0.24296771749271634,522089,V,β,arm
4.2,4.3,0.2566426460062903,552722,V,β,arm
4.3,4.4,0.2656034118309969,548571,V,β,arm
4.4,4.5,0.2591946136136618,537998,V,β,arm
4.5,4.6000000000000005,0.26667268757535456,564134,V,β,arm
4.6000000000000005,4.7,0.2605648441792342,559543,V,β,arm
4.7,4.800000000000001,0.25060757615903995,551099,V,β,arm
4.800000000000001,4.9,0.2441925984202946,540765,V,β,arm
4.9,5,0.25091440978891116,546244,V,β,arm
0,0.1,0.3628004929465173,28193975,V,β,arm&center
0.1,0.2,0.309141623776449,22369223,V,β,arm&center
0.2,0.30000000000000004,0.27880807332598595,19426637,V,β,arm&center
0.30000000000000004,0.4,0.2654067547139153,16698577,V,β,arm&center
0.4,0.5,0.25141249217421313,11658414,V,β,arm&center
0.5,0.6000000000000001,0.23771084651325525,8678640,V,β,arm&center
0.6000000000000001,0.7000000000000001,0.2290894515584273,7961227,V,β,arm&center
0.7000000000000001,0.8,0.2299991937785463,6887559,V,β,arm&center
0.8,0.9,0.24240404656114445,6529772,V,β,arm&center
0.9,1,0.2450782893099251,6547249,V,β,arm&center
1,1.1,0.25633445309275255,6621454,V,β,arm&center
1.1,1.2000000000000002,0.2421323266819192,6936441,V,β,arm&center
1.2000000000000002,1.3,0.23029087998296055,7341396,V,β,arm&center
1.3,1.4000000000000001,0.21456317410383116,7417539,V,β,arm&center
1.4000000000000001,1.5,0.19995677540401996,7223546,V,β,arm&center
1.5,1.6,0.1964564637392154,7319445,V,β,arm&center
1.6,1.7000000000000002,0.19710312014214038,7253094,V,β,arm&center
1.7000000000000002,1.8,0.19308386086503448,6864674,V,β,arm&center
1.8,1.9000000000000001,0.19381624442187656,6766314,V,β,arm&center
1.9000000000000001,2,0.19728689329351742,6810949,V,β,arm&center
2,2.1,0.1916669929767223,6403349,V,β,arm&center
2.1,2.2,0.18863784470836167,6194662,V,β,arm&center
2.2,2.3000000000000003,0.17566919991535068,5884321,V,β,arm&center
2.3000000000000003,2.4000000000000004,0.1661850992039046,5555967,V,β,arm&center
2.4000000000000004,2.5,0.15423530725685364,5106750,V,β,arm&center
2.5,2.6,0.1481132874166411,4775639,V,β,arm&center
2.6,2.7,0.14254232158686372,4895863,V,β,arm&center
2.7,2.8000000000000003,0.1451871301939053,4727242,V,β,arm&center
2.8000000000000003,2.9000000000000004,0.14587828276525874,4647266,V,β,arm&center
2.9000000000000004,3,0.14364333828050888,5229391,V,β,arm&center
3,3.1,0.1363749542465512,5936769,V,β,arm&center
3.1,3.2,0.1374158552308366,6289810,V,β,arm&center
3.2,3.3000000000000003,0.13904166709303672,6862229,V,β,arm&center
3.3000000000000003,3.4000000000000004,0.13413545571793398,7383575,V,β,arm&center
3.4000000000000004,3.5,0.12989280515424317,7461657,V,β,arm&center
3.5,3.6,0.12402584047176932,7397796,V,β,arm&center
3.6,3.7,0.114971878321631,6969764,V,β,arm&center
3.7,3.8000000000000003,0.1060968681463307,5870322,V,β,arm&center
3.8000000000000003,3.9000000000000004,0.10035095516624208,5024251,V,β,arm&center
3.9000000000000004,4,0.09722418796037281,4275279,V,β,arm&center
4,4.1000000000000005,0.08694228603991093,3278490,V,β,arm&center
4.1000000000000005,4.2,0.08696941093390846,2458368,V,β,arm&center
4.2,4.3,0.08943064715178388,2156141,V,β,arm&center
4.3,4.4,0.09338949122412141,1847144,V,β,arm&center
4.4,4.5,0.09734959023978966,1716132,V,β,arm&center
4.5,4.6000000000000005,0.10456884942269437,1627930,V,β,arm&center
4.6000000000000005,4.7,0.1051183249681825,1615413,V,β,arm&center
4.7,4.800000000000001,0.1032643315291983,1740565,V,β,arm&center
4.800000000000001,4.9,0.09916992216107368,1953461,V,β,arm&center
4.9,5,0.09714951083578047,2136679,V,β,arm&center
0,0.1,0.3559720610922703,38220731,V,β,center
0.1,0.2,0.3041528937879048,30906188,V,β,center
0.2,0.30000000000000004,0.274381332431437,26831355,V,β,center
0.30000000000000004,0.4,0.2609452517396476,23036627,V,β,center
0.4,0.5,0.24564769743594972,15969042,V,β,center
0.5,0.6000000000000001,0.23100299365139615,11776829,V,β,center
0.6000000000000001,0.7000000000000001,0.2212676458635098,10750383,V,β,center
0.7000000000000001,0.8,0.22128325178962693,9267509,V,β,center
0.8,0.9,0.23668641740201868,8792018,V,β,center
0.9,1,0.23929232273907747,8846732,V,β,center
1,1.1,0.2508291570635338,8995154,V,β,center
1.1,1.2000000000000002,0.2362049400989773,9430504,V,β,center
1.2000000000000002,1.3,0.22398228683380195,9927046,V,β,center
1.3,1.4000000000000001,0.2080635348062552,9926993,V,β,center
1.4000000000000001,1.5,0.1917839445528998,9549011,V,β,center
1.5,1.6,0.18800643652222618,9609497,V,β,center
1.6,1.7000000000000002,0.18933288034093093,9510047,V,β,center
1.7000000000000002,1.8,0.1869626276350771,8933480,V,β,center
1.8,1.9000000000000001,0.1881160113350187,8824746,V,β,center
1.9000000000000001,2,0.1916956516345753,8900116,V,β,center
2,2.1,0.18563680722637108,8403657,V,β,center
2.1,2.2,0.182537373082633,8113644,V,β,center
2.2,2.3000000000000003,0.1688612127500332,7612709,V,β,center
2.3000000000000003,2.4000000000000004,0.15843963995218147,7052487,V,β,center
2.4000000000000004,2.5,0.14599877841289324,6302681,V,β,center
2.5,2.6,0.13982365697106441,5724959,V,β,center
2.6,2.7,0.13581602109531124,5825349,V,β,center
2.7,2.8000000000000003,0.1388006945178312,5470380,V,β,center
2.8000000000000003,2.9000000000000004,0.143947327656919,4970019,V,β,center
2.9000000000000004,3,0.1473965746400068,5295524,V,β,center
3,3.1,0.13923257867940828,5968582,V,β,center
3.1,3.2,0.14198918237296446,6376538,V,β,center
3.2,3.3000000000000003,0.14562000973299838,7362840,V,β,center
3.3000000000000003,3.4000000000000004,0.13904724132782906,8475616,V,β,center
3.4000000000000004,3.5,0.1323191486249832,8989354,V,β,center
3.5,3.6,0.12357354241710784,9264799,V,β,center
3.6,3.7,0.11334209552719675,9001294,V,β,center
3.7,3.8000000000000003,0.10402822970718095,7460191,V,β,center
3.8000000000000003,3.9000000000000004,0.0970954340215149,6267040,V,β,center
3.9000000000000004,4,0.09322408778539339,5146370,V,β,center
4,4.1000000000000005,0.07860786142489691,3712317,V,β,center
4.1000000000000005,4.2,0.07392525804446523,2510814,V,β,center
4.2,4.3,0.07123433563773995,2033381,V,β,center
4.3,4.4,0.071665136006740085,1609508,V,β,center
4.4,4.5,0.07588197144070949,1480513,V,β,center
4.5,4.6000000000000005,0.08396224569080618,1374245,V,β,center
4.6000000000000005,4.7,0.08705263221439677,1395712,V,β,center
4.7,4.800000000000001,0.08841929109906356,1603443,V,β,center
4.800000000000001,4.9,0.08462964785790426,1762768,V,β,center
4.9,5,0.0835226283850378,1704476,V,β,center
0,0.1,0.867090968825176,3938238,X,α,arm
0.1,0.2,0.7407878291114808,2109232,X,α,arm
0.2,0.30000000000000004,0.7061337607908196,1247691,X,α,arm
0.30000000000000004,0.4,0.6660401765048036,1052169,X,α,arm
0.4,0.5,0.6332758728789518,1076726,X,α,arm
0.5,0.6000000000000001,0.6123706268176005,1304552,X,α,arm
0.6000000000000001,0.7000000000000001,0.5914716247976185,1425717,X,α,arm
0.7000000000000001,0.8,0.5658222123629839,1419600,X,α,arm
0.8,0.9,0.5072138606502067,1184100,X,α,arm
0.9,1,0.514621374857492,1004827,X,α,arm
1,1.1,0.4536683827667913,1194251,X,α,arm
1.1,1.2000000000000002,0.4297167075138147,947324,X,α,arm
1.2000000000000002,1.3,0.4051364300084853,1173431,X,α,arm
1.3,1.4000000000000001,0.39972545945491317,1211381,X,α,arm
1.4000000000000001,1.5,0.38926688487895583,1246987,X,α,arm
1.5,1.6,0.3675828135304606,1348796,X,α,arm
1.6,1.7000000000000002,0.31173176689637777,1367041,X,α,arm
1.7000000000000002,1.8,0.2925710415395366,876907,X,α,arm
1.8,1.9000000000000001,0.32406840242553187,638375,X,α,arm
1.9000000000000001,2,0.3214421219660723,575634,X,α,arm
2,2.1,0.2826724328635868,846769,X,α,arm
2.1,2.2,0.27300772870814055,745494,X,α,arm
2.2,2.3000000000000003,0.237177041003688,836252,X,α,arm
2.3000000000000003,2.4000000000000004,0.18300145685704158,650682,X,α,arm
2.4000000000000004,2.5,0.2301893417678448,397599,X,α,arm
2.5,2.6,0.23570786177746872,390036,X,α,arm
2.6,2.7,0.21896805490081017,432651,X,α,arm
2.7,2.8000000000000003,0.1991824831429346,853401,X,α,arm
2.8000000000000003,2.9000000000000004,0.20017182243690537,1024631,X,α,arm
2.9000000000000004,3,0.19524355367367838,740547,X,α,arm
3,3.1,0.28348344612457743,563519,X,α,arm
3.1,3.2,0.41020010103274845,473438,X,α,arm
3.2,3.3000000000000003,0.33573315036752954,369501,X,α,arm
3.3000000000000003,3.4000000000000004,0.39053178997912263,310595,X,α,arm
3.4000000000000004,3.5,0.343180894843326,335159,X,α,arm
3.5,3.6,0.3081886724004342,329414,X,α,arm
3.6,3.7,0.23998150293182824,423241,X,α,arm
3.7,3.8000000000000003,0.23356638160782292,530107,X,α,arm
3.8000000000000003,3.9000000000000004,0.24482453773406962,462638,X,α,arm
3.9000000000000004,4,0.26867877275207314,499107,X,α,arm
4,4.1000000000000005,0.2572650028181895,367183,X,α,arm
4.1000000000000005,4.2,0.24124281849966075,366822,X,α,arm
4.2,4.3,0.23199638771674302,364488,X,α,arm
4.3,4.4,0.26055380380903637,492764,X,α,arm
4.4,4.5,0.246033067547554,587836,X,α,arm
4.5,4.6000000000000005,0.19427247960129249,567390,X,α,arm
4.6000000000000005,4.7,0.20732837949303312,442182,X,α,arm
4.7,4.800000000000001,0.18833099240144344,400631,X,α,arm
4.800000000000001,4.9,0.17136042841840413,415303,X,α,arm
4.9,5,0.15633240582037533,611868,X,α,arm
0,0.1,0.8535944058918111,4033865,X,α,arm&center
0.1,0.2,0.7326882544479383,2039977,X,α,arm&center
0.2,0.30000000000000004,0.6909277074647557,1359169,X,α,arm&center
0.30000000000000004,0.4,0.6293654207804343,1154065,X,α,arm&center
0.4,0.5,0.6194372587681796,1074714,X,α,arm&center
0.5,0.6000000000000001,0.599585884920021,1280882,X,α,arm&center
0.6000000000000001,0.7000000000000001,0.5811392343093265,1402710,X,α,arm&center
0.7000000000000001,0.8,0.5529962749476932,1383238,X,α,arm&center
0.8,0.9,0.49321626682223685,1163482,X,α,arm&center
0.9,1,0.5117814364808578,985334,X,α,arm&center
1,1.1,0.45178248806836807,1139052,X,α,arm&center
1.1,1.2000000000000002,0.42605948235285174,907911,X,α,arm&center
1.2000000000000002,1.3,0.40454096606128304,1114777,X,α,arm&center
1.3,1.4000000000000001,0.39950630798533665,1153036,X,α,arm&center
1.4000000000000001,1.5,0.38851206978941955,1186422,X,α,arm&center
1.5,1.6,0.36792308159978565,1286932,X,α,arm&center
1.6,1.7000000000000002,0.31320677508349015,1309621,X,α,arm&center
1.7000000000000002,1.8,0.2937812490120711,844985,X,α,arm&center
1.8,1.9000000000000001,0.3231057616709171,618386,X,α,arm&center
1.9000000000000001,2,0.32576308519449254,571899,X,α,arm&center
2,2.1,0.2857512522623047,825506,X,α,arm&center
2.1,2.2,0.2806338212248136,741382,X,α,arm&center
2.2,2.3000000000000003,0.24702701246125383,852086,X,α,arm&center
2.3000000000000003,2.4000000000000004,0.19635573905444964,676938,X,α,arm&center
2.4000000000000004,2.5,0.24489717224420546,441436,X,α,arm&center
2.5,2.6,0.2503268477751498,434936,X,α,arm&center
2.6,2.7,0.2302993939842048,468716,X,α,arm&center
2.7,2.8000000000000003,0.20742765367909335,878938,X,α,arm&center
2.8000000000000003,2.9000000000000004,0.21969620441982549,1111819,X,α,arm&center
2.9000000000000004,3,0.21853398479846423,806666,X,α,arm&center
3,3.1,0.2942834940979071,657834,X,α,arm&center
3.1,3.2,0.3959252573928968,627503,X,α,arm&center
3.2,3.3000000000000003,0.34361974790588606,443155,X,α,arm&center
3.3000000000000003,3.4000000000000004,0.3846981901736743,363643,X,α,arm&center
3.4000000000000004,3.5,0.3441128995192351,396070,X,α,arm&center
3.5,3.6,0.29568707883325573,392399,X,α,arm&center
3.6,3.7,0.20963359923626293,655815,X,α,arm&center
3.7,3.8000000000000003,0.1964413158436758,887485,X,α,arm&center
3.8000000000000003,3.9000000000000004,0.20171612915496048,729410,X,α,arm&center
3.9000000000000004,4,0.18926998331237188,961907,X,α,arm&center
4,4.1000000000000005,0.15830787827533765,891782,X,α,arm&center
4.1000000000000005,4.2,0.1764760805317952,684463,X,α,arm&center
4.2,4.3,0.19509832018157902,588948,X,α,arm&center
4.3,4.4,0.22201150429686983,686756,X,α,arm&center
4.4,4.5,0.20870438533991,904338,X,α,arm&center
4.5,4.6000000000000005,0.17558215890044856,832047,X,α,arm&center
4.6000000000000005,4.7,0.17387387004173213,803840,X,α,arm&center
4.7,4.800000000000001,0.17316671847236517,710110,X,α,arm&center
4.800000000000001,4.9,0.1689165732809183,594432,X,α,arm&center
4.9,5,0.15264602670731253,763567,X,α,arm&center
0,0.1,0.6698173587410414,3953544,X,α,center
0.1,0.2,0.41662641381570154,738288,X,α,center
0.2,0.30000000000000004,0.5744257418457002,2453220,X,α,center
0.30000000000000004,0.4,0.40281077729705145,1700944,X,α,center
0.4,0.5,0.40946052344557954,749377,X,α,center
0.5,0.6000000000000001,0.29977032965215406,643724,X,α,center
0.6000000000000001,0.7000000000000001,0.3636217033104481,707248,X,α,center
0.7000000000000001,0.8,0.1743191453720252,431814,X,α,center
0.8,0.9,0.09935292165181323,393111,X,α,center
0.9,1,0.4991776169934929,309135,X,α,center
1,1.1,0.512061322642072,665,X,α,center
1.1,1.2000000000000002,NA,0,X,α,center
1.2000000000000002,1.3,NA,0,X,α,center
1.3,1.4000000000000001,NA,0,X,α,center
1.4000000000000001,1.5,NA,0,X,α,center
1.5,1.6,NA,0,X,α,center
1.6,1.7000000000000002,NA,0,X,α,center
1.7000000000000002,1.8,NA,0,X,α,center
1.8,1.9000000000000001,NA,0,X,α,center
1.9000000000000001,2,NA,0,X,α,center
2,2.1,NA,0,X,α,center
2.1,2.2,NA,0,X,α,center
2.2,2.3000000000000003,NA,0,X,α,center
2.3000000000000003,2.4000000000000004,NA,0,X,α,center
2.4000000000000004,2.5,NA,0,X,α,center
2.5,2.6,NA,0,X,α,center
2.6,2.7,NA,0,X,α,center
2.7,2.8000000000000003,NA,0,X,α,center
2.8000000000000003,2.9000000000000004,NA,0,X,α,center
2.9000000000000004,3,NA,0,X,α,center
3,3.1,NA,0,X,α,center
3.1,3.2,NA,0,X,α,center
3.2,3.3000000000000003,NA,0,X,α,center
3.3000000000000003,3.4000000000000004,NA,0,X,α,center
3.4000000000000004,3.5,NA,0,X,α,center
3.5,3.6,NA,0,X,α,center
3.6,3.7,NA,0,X,α,center
3.7,3.8000000000000003,NA,0,X,α,center
3.8000000000000003,3.9000000000000004,NA,0,X,α,center
3.9000000000000004,4,NA,0,X,α,center
4,4.1000000000000005,NA,0,X,α,center
4.1000000000000005,4.2,NA,0,X,α,center
4.2,4.3,NA,0,X,α,center
4.3,4.4,NA,0,X,α,center
4.4,4.5,NA,0,X,α,center
4.5,4.6000000000000005,NA,0,X,α,center
4.6000000000000005,4.7,NA,0,X,α,center
4.7,4.800000000000001,NA,0,X,α,center
4.800000000000001,4.9,NA,0,X,α,center
4.9,5,NA,0,X,α,center
0,0.1,0.438552442365602,7343228,X,α&β,arm
0.1,0.2,0.36402606901880963,4038435,X,α&β,arm
0.2,0.30000000000000004,0.3558384423075058,2417535,X,α&β,arm
0.30000000000000004,0.4,0.3381999631805397,2218721,X,α&β,arm
0.4,0.5,0.33864910457127995,2204178,X,α&β,arm
0.5,0.6000000000000001,0.3250829739945099,2349302,X,α&β,arm
0.6000000000000001,0.7000000000000001,0.3111631445154062,2395383,X,α&β,arm
0.7000000000000001,0.8,0.3014924847590029,2532908,X,α&β,arm
0.8,0.9,0.29343238638902847,2357976,X,α&β,arm
0.9,1,0.283062837044746,2212023,X,α&β,arm
1,1.1,0.26187106712090613,2464370,X,α&β,arm
1.1,1.2000000000000002,0.24447914676804267,2381865,X,α&β,arm
1.2000000000000002,1.3,0.24495687192706037,2351511,X,α&β,arm
1.3,1.4000000000000001,0.24520201866885652,2392031,X,α&β,arm
1.4000000000000001,1.5,0.2445593229219582,2577211,X,α&β,arm
1.5,1.6,0.22679756430802883,2714766,X,α&β,arm
1.6,1.7000000000000002,0.2123175329643649,2728512,X,α&β,arm
1.7000000000000002,1.8,0.20731615771096215,2180051,X,α&β,arm
1.8,1.9000000000000001,0.21158034412959922,1665168,X,α&β,arm
1.9000000000000001,2,0.2160700977361235,1522273,X,α&β,arm
2,2.1,0.21279809301628808,1926330,X,α&β,arm
2.1,2.2,0.22241424159596543,2109338,X,α&β,arm
2.2,2.3000000000000003,0.21236451873205328,2042574,X,α&β,arm
2.3000000000000003,2.4000000000000004,0.19972959888529587,1852778,X,α&β,arm
2.4000000000000004,2.5,0.21587343705402073,1465964,X,α&β,arm
2.5,2.6,0.2196648490709207,1511160,X,α&β,arm
2.6,2.7,0.21697727644893508,1784180,X,α&β,arm
2.7,2.8000000000000003,0.21024079950599037,2337691,X,α&β,arm
2.8000000000000003,2.9000000000000004,0.1952453508582712,2661115,X,α&β,arm
2.9000000000000004,3,0.1847707401602086,2344247,X,α&β,arm
3,3.1,0.19413113261173634,1773841,X,α&β,arm
3.1,3.2,0.18791799001238274,1425394,X,α&β,arm
3.2,3.3000000000000003,0.17356214439881326,1326710,X,α&β,arm
3.3000000000000003,3.4000000000000004,0.18826911688315587,1204181,X,α&β,arm
3.4000000000000004,3.5,0.1907877251180989,1173637,X,α&β,arm
3.5,3.6,0.18411653764424893,1267835,X,α&β,arm
3.6,3.7,0.17236997860976622,1293053,X,α&β,arm
3.7,3.8000000000000003,0.1651918638339804,1330883,X,α&β,arm
3.8000000000000003,3.9000000000000004,0.17043747864129707,1281315,X,α&β,arm
3.9000000000000004,4,0.180450329400035,1242722,X,α&β,arm
4,4.1000000000000005,0.18068959155150824,1063277,X,α&β,arm
4.1000000000000005,4.2,0.18569030146486531,1048994,X,α&β,arm
4.2,4.3,0.19195262668210486,1168791,X,α&β,arm
4.3,4.4,0.20091786247327925,1333164,X,α&β,arm
4.4,4.5,0.18716692257978232,1404447,X,α&β,arm
4.5,4.6000000000000005,0.16734715866169667,1287789,X,α&β,arm
4.6000000000000005,4.7,0.15378394778173973,1247715,X,α&β,arm
4.7,4.800000000000001,0.1608939396028051,1153118,X,α&β,arm
4.800000000000001,4.9,0.1552192234617601,1058627,X,α&β,arm
4.9,5,0.15414007178740347,1199710,X,α&β,arm
0,0.1,0.446685902066586,7520798,X,α&β,arm&center
0.1,0.2,0.36107447588598046,4018597,X,α&β,arm&center
0.2,0.30000000000000004,0.3350615568548066,2605128,X,α&β,arm&center
0.30000000000000004,0.4,0.32907736482931166,2266170,X,α&β,arm&center
0.4,0.5,0.34397760913080067,2170559,X,α&β,arm&center
0.5,0.6000000000000001,0.3309077075449862,2318994,X,α&β,arm&center
0.6000000000000001,0.7000000000000001,0.30784914455040424,2365972,X,α&β,arm&center
0.7000000000000001,0.8,0.29609829499976603,2537950,X,α&β,arm&center
0.8,0.9,0.2911572859070805,2395715,X,α&β,arm&center
0.9,1,0.2795740164399432,2147016,X,α&β,arm&center
1,1.1,0.2620328326032655,2437315,X,α&β,arm&center
1.1,1.2000000000000002,0.24651743098074144,2337561,X,α&β,arm&center
1.2000000000000002,1.3,0.2466696774276763,2328393,X,α&β,arm&center
1.3,1.4000000000000001,0.24735389129139881,2358205,X,α&β,arm&center
1.4000000000000001,1.5,0.244114556074906,2493914,X,α&β,arm&center
1.5,1.6,0.2285431461259948,2622758,X,α&β,arm&center
1.6,1.7000000000000002,0.21248520167420745,2587499,X,α&β,arm&center
1.7000000000000002,1.8,0.20760119149885398,2098415,X,α&β,arm&center
1.8,1.9000000000000001,0.21223028952795572,1625362,X,α&β,arm&center
1.9000000000000001,2,0.21912975856058214,1535960,X,α&β,arm&center
2,2.1,0.2154355630272436,1944158,X,α&β,arm&center
2.1,2.2,0.22909324119967014,2114700,X,α&β,arm&center
2.2,2.3000000000000003,0.21885366543811974,2080068,X,α&β,arm&center
2.3000000000000003,2.4000000000000004,0.19906986109098398,1874850,X,α&β,arm&center
2.4000000000000004,2.5,0.2115164977098332,1523485,X,α&β,arm&center
2.5,2.6,0.22093685950769373,1591690,X,α&β,arm&center
2.6,2.7,0.23555255313195075,1907217,X,α&β,arm&center
2.7,2.8000000000000003,0.21883462593400782,2439825,X,α&β,arm&center
2.8000000000000003,2.9000000000000004,0.19592563661263115,2832877,X,α&β,arm&center
2.9000000000000004,3,0.17793932447516392,2493841,X,α&β,arm&center
3,3.1,0.18677262408056583,2029798,X,α&β,arm&center
3.1,3.2,0.18244474971603816,1687778,X,α&β,arm&center
3.2,3.3000000000000003,0.17069512499793166,1530621,X,α&β,arm&center
3.3000000000000003,3.4000000000000004,0.17705517743804453,1358009,X,α&β,arm&center
3.4000000000000004,3.5,0.18175930323723308,1311168,X,α&β,arm&center
3.5,3.6,0.18242708654291823,1467773,X,α&β,arm&center
3.6,3.7,0.1666524522365506,1702517,X,α&β,arm&center
3.7,3.8000000000000003,0.15113771090098616,2021660,X,α&β,arm&center
3.8000000000000003,3.9000000000000004,0.1321572862175491,1974668,X,α&β,arm&center
3.9000000000000004,4,0.14743802846349158,1799982,X,α&β,arm&center
4,4.1000000000000005,0.15404228568385106,1533819,X,α&β,arm&center
4.1000000000000005,4.2,0.15707769226901255,1420612,X,α&β,arm&center
4.2,4.3,0.16561439795367278,1424467,X,α&β,arm&center
4.3,4.4,0.18133848195366073,1628416,X,α&β,arm&center
4.4,4.5,0.16343891461486768,1767124,X,α&β,arm&center
4.5,4.6000000000000005,0.14025388139417153,1640375,X,α&β,arm&center
4.6000000000000005,4.7,0.12780779194704026,1700278,X,α&β,arm&center
4.7,4.800000000000001,0.1320412003152125,1522822,X,α&β,arm&center
4.800000000000001,4.9,0.1327644543777992,1332591,X,α&β,arm&center
4.9,5,0.1361159349905283,1429308,X,α&β,arm&center
0,0.1,0.5438936825745608,7491519,X,α&β,center
0.1,0.2,0.20254081716490896,2738423,X,α&β,center
0.2,0.30000000000000004,0.19437180928591832,4185276,X,α&β,center
0.30000000000000004,0.4,0.2384098464332644,1237792,X,α&β,center
0.4,0.5,0.148885026384777,606739,X,α&β,center
0.5,0.6000000000000001,0.1415588899658615,743780,X,α&β,center
0.6000000000000001,0.7000000000000001,0.2616776157900972,922016,X,α&β,center
0.7000000000000001,0.8,0.22286659924307892,809784,X,α&β,center
0.8,0.9,0.17894807644272626,896384,X,α&β,center
0.9,1,0.15168647235145227,282469,X,α&β,center
1,1.1,0.07321489481735967,418,X,α&β,center
1.1,1.2000000000000002,NA,0,X,α&β,center
1.2000000000000002,1.3,NA,0,X,α&β,center
1.3,1.4000000000000001,NA,0,X,α&β,center
1.4000000000000001,1.5,NA,0,X,α&β,center
1.5,1.6,NA,0,X,α&β,center
1.6,1.7000000000000002,NA,0,X,α&β,center
1.7000000000000002,1.8,NA,0,X,α&β,center
1.8,1.9000000000000001,NA,0,X,α&β,center
1.9000000000000001,2,NA,0,X,α&β,center
2,2.1,NA,0,X,α&β,center
2.1,2.2,NA,0,X,α&β,center
2.2,2.3000000000000003,NA,0,X,α&β,center
2.3000000000000003,2.4000000000000004,NA,0,X,α&β,center
2.4000000000000004,2.5,NA,0,X,α&β,center
2.5,2.6,NA,0,X,α&β,center
2.6,2.7,NA,0,X,α&β,center
2.7,2.8000000000000003,NA,0,X,α&β,center
2.8000000000000003,2.9000000000000004,NA,0,X,α&β,center
2.9000000000000004,3,NA,0,X,α&β,center
3,3.1,NA,0,X,α&β,center
3.1,3.2,NA,0,X,α&β,center
3.2,3.3000000000000003,NA,0,X,α&β,center
3.3000000000000003,3.4000000000000004,NA,0,X,α&β,center
3.4000000000000004,3.5,NA,0,X,α&β,center
3.5,3.6,NA,0,X,α&β,center
3.6,3.7,NA,0,X,α&β,center
3.7,3.8000000000000003,NA,0,X,α&β,center
3.8000000000000003,3.9000000000000004,NA,0,X,α&β,center
3.9000000000000004,4,NA,0,X,α&β,center
4,4.1000000000000005,NA,0,X,α&β,center
4.1000000000000005,4.2,NA,0,X,α&β,center
4.2,4.3,NA,0,X,α&β,center
4.3,4.4,NA,0,X,α&β,center
4.4,4.5,NA,0,X,α&β,center
4.5,4.6000000000000005,NA,0,X,α&β,center
4.6000000000000005,4.7,NA,0,X,α&β,center
4.7,4.800000000000001,NA,0,X,α&β,center
4.800000000000001,4.9,NA,0,X,α&β,center
4.9,5,NA,0,X,α&β,center
0,0.1,0.5322925572300399,7082387,X,β,arm
0.1,0.2,0.4866347752975296,3729843,X,β,arm
0.2,0.30000000000000004,0.4629846044595121,2200721,X,β,arm
0.30000000000000004,0.4,0.4562270425007677,1988233,X,β,arm
0.4,0.5,0.45768159538924225,1879280,X,β,arm
0.5,0.6000000000000001,0.4468333663626816,1948210,X,β,arm
0.6000000000000001,0.7000000000000001,0.42608846798985534,1967835,X,β,arm
0.7000000000000001,0.8,0.418018186324707,2170563,X,β,arm
0.8,0.9,0.40860795864598626,2027552,X,β,arm
0.9,1,0.4071604397660745,1996220,X,β,arm
1,1.1,0.39985700411422576,2269181,X,β,arm
1.1,1.2000000000000002,0.37476396900788655,2155004,X,β,arm
1.2000000000000002,1.3,0.3515477433001436,1997671,X,β,arm
1.3,1.4000000000000001,0.3416553008959188,2069238,X,β,arm
1.4000000000000001,1.5,0.33981097128545523,2262443,X,β,arm
1.5,1.6,0.3269106761522523,2372650,X,β,arm
1.6,1.7000000000000002,0.32267095002166585,2343952,X,β,arm
1.7000000000000002,1.8,0.3149718654001593,1884743,X,β,arm
1.8,1.9000000000000001,0.30313978594175417,1485819,X,β,arm
1.9000000000000001,2,0.318558353758639,1316697,X,β,arm
2,2.1,0.3274057400887224,1576998,X,β,arm
2.1,2.2,0.3320194371639234,1751772,X,β,arm
2.2,2.3000000000000003,0.3041500413479772,1535831,X,β,arm
2.3000000000000003,2.4000000000000004,0.280782748693805,1289696,X,β,arm
2.4000000000000004,2.5,0.2944244134399298,1176746,X,β,arm
2.5,2.6,0.2793167439621638,1390025,X,β,arm
2.6,2.7,0.27436105695233726,1659087,X,β,arm
2.7,2.8000000000000003,0.2645538773132504,2165869,X,β,arm
2.8000000000000003,2.9000000000000004,0.24760437855827422,2412615,X,β,arm
2.9000000000000004,3,0.2320477249539611,2153014,X,β,arm
3,3.1,0.2316433615997466,1510655,X,β,arm
3.1,3.2,0.22368314449079654,1179794,X,β,arm
3.2,3.3000000000000003,0.2206644439265892,1147413,X,β,arm
3.3000000000000003,3.4000000000000004,0.2455562389681521,1058928,X,β,arm
3.4000000000000004,3.5,0.23490721336322318,980386,X,β,arm
3.5,3.6,0.2117958957718572,1059954,X,β,arm
3.6,3.7,0.2053161287693461,1063357,X,β,arm
3.7,3.8000000000000003,0.2015913603919934,1132874,X,β,arm
3.8000000000000003,3.9000000000000004,0.19935558400663048,1058501,X,β,arm
3.9000000000000004,4,0.1998254412376686,1040023,X,β,arm
4,4.1000000000000005,0.20145210252524495,917622,X,β,arm
4.1000000000000005,4.2,0.20006603910411364,905802,X,β,arm
4.2,4.3,0.20185849306693843,990715,X,β,arm
4.3,4.4,0.21268094854342434,1135946,X,β,arm
4.4,4.5,0.19789293315657888,1224136,X,β,arm
4.5,4.6000000000000005,0.19016833886607687,1108302,X,β,arm
4.6000000000000005,4.7,0.1598329298426265,1087569,X,β,arm
4.7,4.800000000000001,0.14113524464745128,1005232,X,β,arm
4.800000000000001,4.9,0.13999398258357346,889533,X,β,arm
4.9,5,0.14964428391475004,972748,X,β,arm
0,0.1,0.5500781664339531,7239804,X,β,arm&center
0.1,0.2,0.48811977909979987,3693127,X,β,arm&center
0.2,0.30000000000000004,0.44549754919163814,2381211,X,β,arm&center
0.30000000000000004,0.4,0.44636915908780667,2030668,X,β,arm&center
0.4,0.5,0.46367847745439017,1856257,X,β,arm&center
0.5,0.6000000000000001,0.4487320462476927,1930742,X,β,arm&center
0.6000000000000001,0.7000000000000001,0.41727212986262324,1950246,X,β,arm&center
0.7000000000000001,0.8,0.40658798380976374,2184929,X,β,arm&center
0.8,0.9,0.39295583601006173,2074275,X,β,arm&center
0.9,1,0.39840405304303295,1920711,X,β,arm&center
1,1.1,0.3939776017562248,2227893,X,β,arm&center
1.1,1.2000000000000002,0.3697494682646585,2101652,X,β,arm&center
1.2000000000000002,1.3,0.3487138467248931,1985405,X,β,arm&center
1.3,1.4000000000000001,0.3380795490753799,2035527,X,β,arm&center
1.4000000000000001,1.5,0.3363056553624713,2168997,X,β,arm&center
1.5,1.6,0.3252977576469791,2275330,X,β,arm&center
1.6,1.7000000000000002,0.31989618559136695,2193757,X,β,arm&center
1.7000000000000002,1.8,0.31243774429855176,1796965,X,β,arm&center
1.8,1.9000000000000001,0.30018287918851727,1437122,X,β,arm&center
1.9000000000000001,2,0.31200703297128907,1333587,X,β,arm&center
2,2.1,0.3180886513642412,1600735,X,β,arm&center
2.1,2.2,0.33222683161754096,1757682,X,β,arm&center
2.2,2.3000000000000003,0.30353665179720374,1584676,X,β,arm&center
2.3000000000000003,2.4000000000000004,0.2703779522005291,1319647,X,β,arm&center
2.4000000000000004,2.5,0.2799305227942709,1226714,X,β,arm&center
2.5,2.6,0.2783228697633193,1450108,X,β,arm&center
2.6,2.7,0.29014940163849945,1773362,X,β,arm&center
2.7,2.8000000000000003,0.26908751284076643,2259259,X,β,arm&center
2.8000000000000003,2.9000000000000004,0.2427840048169548,2561920,X,β,arm&center
2.9000000000000004,3,0.2240830185138112,2274894,X,β,arm&center
3,3.1,0.21534919745231257,1741208,X,β,arm&center
3.1,3.2,0.20475865842213986,1384456,X,β,arm&center
3.2,3.3000000000000003,0.2028403376412065,1333369,X,β,arm&center
3.3000000000000003,3.4000000000000004,0.224974325163509,1180539,X,β,arm&center
3.4000000000000004,3.5,0.2126722177418415,1090372,X,β,arm&center
3.5,3.6,0.19494967501840194,1263746,X,β,arm&center
3.6,3.7,0.1942471856310379,1445725,X,β,arm&center
3.7,3.8000000000000003,0.18390539532577194,1836110,X,β,arm&center
3.8000000000000003,3.9000000000000004,0.17494808414045715,1803789,X,β,arm&center
3.9000000000000004,4,0.17774398771918937,1570960,X,β,arm&center
4,4.1000000000000005,0.17767671487845918,1393656,X,β,arm&center
4.1000000000000005,4.2,0.17243481588422674,1268790,X,β,arm&center
4.2,4.3,0.174593800809209,1231613,X,β,arm&center
4.3,4.4,0.17873490745181686,1429387,X,β,arm&center
4.4,4.5,0.16240229389200334,1573377,X,β,arm&center
4.5,4.6000000000000005,0.15093739927669278,1454351,X,β,arm&center
4.6000000000000005,4.7,0.12437897146946006,1516841,X,β,arm&center
4.7,4.800000000000001,0.11326015379257787,1368878,X,β,arm&center
4.800000000000001,4.9,0.11629978766180062,1142109,X,β,arm&center
4.9,5,0.1262051079604952,1189603,X,β,arm&center
0,0.1,0.7154416760299102,7230414,X,β,center
0.1,0.2,0.42942550344911645,2540079,X,β,center
0.2,0.30000000000000004,0.3346576670952931,3826401,X,β,center
0.30000000000000004,0.4,0.2919277438369225,1113054,X,β,center
0.4,0.5,0.19326225581859197,536523,X,β,center
0.5,0.6000000000000001,0.18046350590540278,714214,X,β,center
0.6000000000000001,0.7000000000000001,0.23183623358538497,875516,X,β,center
0.7000000000000001,0.8,0.1678175858323006,803393,X,β,center
0.8,0.9,0.16597530579252004,872098,X,β,center
0.9,1,0.14713149510952173,260518,X,β,center
1,1.1,0.0873729107874637,336,X,β,center
1.1,1.2000000000000002,NA,0,X,β,center
1.2000000000000002,1.3,NA,0,X,β,center
1.3,1.4000000000000001,NA,0,X,β,center
1.4000000000000001,1.5,NA,0,X,β,center
1.5,1.6,NA,0,X,β,center
1.6,1.7000000000000002,NA,0,X,β,center
1.7000000000000002,1.8,NA,0,X,β,center
1.8,1.9000000000000001,NA,0,X,β,center
1.9000000000000001,2,NA,0,X,β,center
2,2.1,NA,0,X,β,center
2.1,2.2,NA,0,X,β,center
2.2,2.3000000000000003,NA,0,X,β,center
2.3000000000000003,2.4000000000000004,NA,0,X,β,center
2.4000000000000004,2.5,NA,0,X,β,center
2.5,2.6,NA,0,X,β,center
2.6,2.7,NA,0,X,β,center
2.7,2.8000000000000003,NA,0,X,β,center
2.8000000000000003,2.9000000000000004,NA,0,X,β,center
2.9000000000000004,3,NA,0,X,β,center
3,3.1,NA,0,X,β,center
3.1,3.2,NA,0,X,β,center
3.2,3.3000000000000003,NA,0,X,β,center
3.3000000000000003,3.4000000000000004,NA,0,X,β,center
3.4000000000000004,3.5,NA,0,X,β,center
3.5,3.6,NA,0,X,β,center
3.6,3.7,NA,0,X,β,center
3.7,3.8000000000000003,NA,0,X,β,center
3.8000000000000003,3.9000000000000004,NA,0,X,β,center
3.9000000000000004,4,NA,0,X,β,center
4,4.1000000000000005,NA,0,X,β,center
4.1000000000000005,4.2,NA,0,X,β,center
4.2,4.3,NA,0,X,β,center
4.3,4.4,NA,0,X,β,center
4.4,4.5,NA,0,X,β,center
4.5,4.6000000000000005,NA,0,X,β,center
4.6000000000000005,4.7,NA,0,X,β,center
4.7,4.800000000000001,NA,0,X,β,center
4.800000000000001,4.9,NA,0,X,β,center
4.9,5,NA,0,X,β,center
